treatmentId	1980_CH1	1982_MSW1	1991_CH3	1993_MSW2	1994_Koopman	2005_MSW3	2019_HMW	2022_BatNames	2022_MDD	2022_IUCN	2023_BatNames	2023_MDD	2025_MDD_2_0	2025_batnames_1_7	2025_MDD_2_2
https://linker.bio/line:hash://sha256/8b20b8ebd7b5bd963ba9f45ca371e7167e7d48b61e72aa14471a3e496be15a50!/L1,L2.tsv	Acerodon celebensis	Acerodon celebensis	Acerodon celebensis	Acerodon celebensis	Acerodon celebensis	Acerodon celebensis	Acerodon celebensis	Acerodon celebensis	Acerodon celebensis	Acerodon celebensis	Acerodon celebensis	Acerodon celebensis	Acerodon celebensis	Acerodon celebensis	Acerodon celebensis
https://linker.bio/line:hash://sha256/8b20b8ebd7b5bd963ba9f45ca371e7167e7d48b61e72aa14471a3e496be15a50!/L1,L3.tsv	Pteropus arquatus	Pteropus arquatus	Acerodon celebensis [synonym of]	Acerodon celebensis [synonym of]	N/A	Acerodon celebensis [synonym of]	N/A	Acerodon celebensis celebensis [synonym of]	Acerodon celebensis [synonym of]	Acerodon celebensis [synonym of]	Acerodon celebensis celebensis [synonym of]	Acerodon celebensis [synonym of]	Acerodon celebensis [synonym of]	 	Acerodon celebensis [synonym of]
https://linker.bio/line:hash://sha256/8b20b8ebd7b5bd963ba9f45ca371e7167e7d48b61e72aa14471a3e496be15a50!/L1,L4.tsv	Acerodon humilis	Acerodon humilis	Acerodon humilis	Acerodon humilis	Acerodon humilis	Acerodon humilis	Acerodon humilis	Acerodon humilis	Acerodon humilis	Acerodon humilis	Acerodon humilis	Acerodon humilis	Acerodon humilis	Acerodon humilis	Acerodon humilis
https://linker.bio/line:hash://sha256/8b20b8ebd7b5bd963ba9f45ca371e7167e7d48b61e72aa14471a3e496be15a50!/L1,L5.tsv	Acerodon jubatus	Acerodon jubatus	Acerodon jubatus	Acerodon jubatus	Acerodon jubatus	Acerodon jubatus	Acerodon jubatus	Acerodon jubatus	Acerodon jubatus	Acerodon jubatus	Acerodon jubatus	Acerodon jubatus	Acerodon jubatus	Acerodon jubatus	Acerodon jubatus
https://linker.bio/line:hash://sha256/8b20b8ebd7b5bd963ba9f45ca371e7167e7d48b61e72aa14471a3e496be15a50!/L1,L6.tsv	Acerodon lucifer	Acerodon lucifer	Acerodon lucifer	N/A	Acerodon lucifer	Acerodon jubatus lucifer	Acerodon jubatus [synonym of]	Acerodon jubatus lucifer	Acerodon jubatus [synonym of]	Acerodon jubatus [synonym of]	Acerodon jubatus lucifer	Acerodon jubatus [synonym of]	Acerodon jubatus [synonym of]	 	Acerodon jubatus lucifer
https://linker.bio/line:hash://sha256/8b20b8ebd7b5bd963ba9f45ca371e7167e7d48b61e72aa14471a3e496be15a50!/L1,L7.tsv	Pteropus leucotis	Pteropus leucotis	Acerodon leucotis	Acerodon leucotis	Acerodon leucotis	Acerodon leucotis	Acerodon leucotis	Acerodon leucotis	Acerodon leucotis	Acerodon leucotis	Acerodon leucotis	Acerodon leucotis	Acerodon leucotis	Acerodon leucotis	Acerodon leucotis
https://linker.bio/line:hash://sha256/8b20b8ebd7b5bd963ba9f45ca371e7167e7d48b61e72aa14471a3e496be15a50!/L1,L8.tsv	Acerodon mackloti	Acerodon mackloti	Acerodon macklotii	Acerodon mackloti	Acerodon mackloti	Acerodon mackloti	Acerodon macklotii	Acerodon macklotii	Acerodon macklotii	Acerodon mackloti	Acerodon macklotii	Acerodon macklotii	Acerodon macklotii	Acerodon macklotii	Acerodon macklotii
https://linker.bio/line:hash://sha256/8b20b8ebd7b5bd963ba9f45ca371e7167e7d48b61e72aa14471a3e496be15a50!/L1,L9.tsv	N/A	Aethalops alecto [synonym of]	N/A	Aethalops alecto [synonym of]	Aethalops alecto aequalis	Aethalops aequalis	Aethalops aequalis	Aethalops aequalis	Aethalops aequalis	Aethalops aequalis	Aethalops aequalis	Aethalops aequalis	Aethalops aequalis	Aethalops aequalis	Aethalops aequalis
https://linker.bio/line:hash://sha256/8b20b8ebd7b5bd963ba9f45ca371e7167e7d48b61e72aa14471a3e496be15a50!/L1,L10.tsv	Aethalops alecto	Aethalops alecto	Aethalops alecto	Aethalops alecto	Aethalops alecto	Aethalops alecto	Aethalops alecto	Aethalops alecto	Aethalops alecto	Aethalops alecto	Aethalops alecto	Aethalops alecto	Aethalops alecto	Aethalops alecto	Aethalops alecto
https://linker.bio/line:hash://sha256/8b20b8ebd7b5bd963ba9f45ca371e7167e7d48b61e72aa14471a3e496be15a50!/L1,L11.tsv	N/A	N/A	Pipistrellus helios	N/A	Pipistrellus africanus helios	Neoromicia helios	Neoromicia helios	Afronycteris helios	Afronycteris helios	Neoromicia helios	Afronycteris helios	Afronycteris helios	Afronycteris helios	Afronycteris helios	Afronycteris helios
https://linker.bio/line:hash://sha256/8b20b8ebd7b5bd963ba9f45ca371e7167e7d48b61e72aa14471a3e496be15a50!/L1,L12.tsv	Pipistrellus nanus	Pipistrellus nanus	Pipistrellus nanus	Pipistrellus nanus	N/A	Neoromicia nanus	Neoromicia nanus	Afronycteris nana	Afronycteris nanus	Neoromicia nana	Afronycteris nana	Afronycteris nanus	Afronycteris nanus	Afronycteris nanus	Afronycteris nanus
https://linker.bio/line:hash://sha256/8b20b8ebd7b5bd963ba9f45ca371e7167e7d48b61e72aa14471a3e496be15a50!/L1,L13.tsv	N/A	Pipistrellus nanus [synonym of]	N/A	Pipistrellus nanus [synonym of]	Pipistrellus africanus	Neoromicia nanus [synonym of]	Neoromicia nanus africana	Afronycteris nanus nanus [synonym of]	Afronycteris nanus [synonym of]	Neoromicia nana [synonym of]	Afronycteris nanus nanus [synonym of]	Afronycteris nanus [synonym of]	Afronycteris nanus [synonym of]	 	Afronycteris nanus nanus [synonym of]
https://linker.bio/line:hash://sha256/8b20b8ebd7b5bd963ba9f45ca371e7167e7d48b61e72aa14471a3e496be15a50!/L1,L14.tsv	N/A	N/A	N/A	N/A	N/A	Hypsugo bellieri	Hypsugo crassulus bellieri	Nycticeinops bellieri	Nycticeinops bellieri	Pipistrellus crassulus bellieri	Nycticeinops bellieri	Nycticeinops bellieri	Nycticeinops bellieri	Afropipistrellus bellieri	Afropipistrellus bellieri
https://linker.bio/line:hash://sha256/8b20b8ebd7b5bd963ba9f45ca371e7167e7d48b61e72aa14471a3e496be15a50!/L1,L15.tsv	Pipistrellus crassulus	Pipistrellus crassulus	Pipistrellus crassulus	N/A	Pipistrellus crassulus	Hypsugo crassulus	Hypsugo crassulus	Nycticeinops crassulus	Nycticeinops crassulus	Pipistrellus crassulus	Nycticeinops crassulus	Nycticeinops crassulus	Nycticeinops crassulus	Afropipistrellus crassulus	Afropipistrellus crassulus
https://linker.bio/line:hash://sha256/8b20b8ebd7b5bd963ba9f45ca371e7167e7d48b61e72aa14471a3e496be15a50!/L1,L16.tsv	Pipistrellus eisentrauti	Pipistrellus eisentrauti	Pipistrellus eisentrauti	N/A	Pipistrellus eisentrauti	Hypsugo eisentrauti	Hypsugo eisentrauti	Nycticeinops eisentrauti	Nycticeinops eisentrauti	Hypsugo eisentrauti	Nycticeinops eisentrauti	Nycticeinops eisentrauti	Nycticeinops eisentrauti	Nycticeinops eisentrauti	Afropipistrellus eisentrauti
https://linker.bio/line:hash://sha256/8b20b8ebd7b5bd963ba9f45ca371e7167e7d48b61e72aa14471a3e496be15a50!/L1,L17.tsv	N/A	N/A	N/A	Eptesicus capensis [synonym of]	Eptesicus capensis grandidieri	Neoromicia capensis grandidieri	Neoromicia grandidieri	Nycticeinops grandidieri	Nycticeinops grandidieri	Pipistrellus grandidieri	Nycticeinops grandidieri	Nycticeinops grandidieri	Nycticeinops grandidieri	 	Afropipistrellus grandidieri
https://linker.bio/line:hash://sha256/8b20b8ebd7b5bd963ba9f45ca371e7167e7d48b61e72aa14471a3e496be15a50!/L1,L18.tsv	N/A	Eptesicus flavescens	N/A	N/A	N/A	Neoromicia flavescens	N/A	Nycticeinops grandidieri [synonym of]	Nycticeinops grandidieri [synonym of]	Neoromicia flavescens	Nycticeinops grandidieri grandidieri [synonym of]	Nycticeinops grandidieri [synonym of]	Afropipistrellus grandidieri [synonym of]	Afropipistrellus grandidieri	Afropipistrellus grandidieri [synonym of]
https://linker.bio/line:hash://sha256/8b20b8ebd7b5bd963ba9f45ca371e7167e7d48b61e72aa14471a3e496be15a50!/L1,L19.tsv	N/A	N/A	N/A	N/A	N/A	Neoromicia flavescens	N/A	Nycticeinops grandidieri [nomen dubium of]	Nycticeinops grandidieri [synonym of]	Neoromicia flavescens	Nycticeinops grandidieri grandidieri [synonym of]	Nycticeinops grandidieri [synonym of]	Nycticeinops grandidieri [synonym of]	 	Afropipistrellus grandidieri [synonym of]
https://linker.bio/line:hash://sha256/8b20b8ebd7b5bd963ba9f45ca371e7167e7d48b61e72aa14471a3e496be15a50!/L1,L20.tsv	N/A	N/A	N/A	N/A	N/A	N/A	N/A	Nycticeinops happoldorum	Nycticeinops happoldorum	N/A	Nycticeinops happoldorum	Nycticeinops happoldorum	Nycticeinops happoldorum	Afropipistrellus happoldorum	Afropipistrellus happoldorum
https://linker.bio/line:hash://sha256/8b20b8ebd7b5bd963ba9f45ca371e7167e7d48b61e72aa14471a3e496be15a50!/L1,L21.tsv	N/A	N/A	N/A	N/A	N/A	N/A	N/A	Nycticeinops macrocephalus	Nycticeinops macrocephalus	N/A	Nycticeinops macrocephalus	Nycticeinops macrocephalus	Nycticeinops macrocephalus	Nycticeinops macrocephalus	Afropipistrellus macrocephalus
https://linker.bio/line:hash://sha256/8b20b8ebd7b5bd963ba9f45ca371e7167e7d48b61e72aa14471a3e496be15a50!/L1,L22.tsv	N/A	Pipistrellus javanicus [synonym of]	Pipistrellus abramus	Pipistrellus javanicus [synonym of]	Pipistrellus javanicus abramus	Pipistrellus abramus	Pipistrellus abramus	Pipistrellus abramus	Pipistrellus abramus	Pipistrellus abramus	Pipistrellus abramus	Pipistrellus abramus	Pipistrellus abramus	Pipistrellus abramus	Alionoctula abramus
https://linker.bio/line:hash://sha256/8b20b8ebd7b5bd963ba9f45ca371e7167e7d48b61e72aa14471a3e496be15a50!/L1,L23.tsv	N/A	N/A	Pipistrellus adamsi	Pipistrellus tenuis [synonym of]	Pipistrellus tenuis adamsi	Pipistrellus adamsi	Pipistrellus adamsi	Pipistrellus adamsi	Pipistrellus adamsi	Pipistrellus adamsi	Pipistrellus adamsi	Pipistrellus adamsi	Pipistrellus adamsi	Pipistrellus adamsi	Alionoctula adamsi
https://linker.bio/line:hash://sha256/8b20b8ebd7b5bd963ba9f45ca371e7167e7d48b61e72aa14471a3e496be15a50!/L1,L24.tsv	Pipistrellus angulatus	Pipistrellus tenuis [synonym of]	Pipistrellus angulatus	Pipistrellus tenuis [synonym of]	Pipistrellus tenuis angulatus	Pipistrellus angulatus	Pipistrellus angulatus	Pipistrellus angulatus	Pipistrellus angulatus	Pipistrellus angulatus	Pipistrellus angulatus	Pipistrellus angulatus	Pipistrellus angulatus	Pipistrellus angulatus	Alionoctula angulata
https://linker.bio/line:hash://sha256/8b20b8ebd7b5bd963ba9f45ca371e7167e7d48b61e72aa14471a3e496be15a50!/L1,L25.tsv	Pipistrellus babu	Pipistrellus babu	Pipistrellus babu	N/A	Pipistrellus babu	Pipistrellus javanicus babu	Pipistrellus javanicus babu	Pipistrellus javanicus babu	Pipistrellus javanicus [synonym of]	Pipistrellus babu	Pipistrellus javanicus babu	Pipistrellus javanicus [synonym of]	Pipistrellus javanicus [synonym of]	Alionoctula babu	Alionoctula babu
https://linker.bio/line:hash://sha256/8b20b8ebd7b5bd963ba9f45ca371e7167e7d48b61e72aa14471a3e496be15a50!/L1,L26.tsv	Pipistrellus ceylonicus	Pipistrellus ceylonicus	Pipistrellus ceylonicus	Pipistrellus ceylonicus	Pipistrellus ceylonicus	Pipistrellus ceylonicus	Pipistrellus ceylonicus	Pipistrellus ceylonicus	Pipistrellus ceylonicus	Pipistrellus ceylonicus	Pipistrellus ceylonicus	Pipistrellus ceylonicus	Pipistrellus ceylonicus	Pipistrellus ceylonicus	Alionoctula ceylonica
https://linker.bio/line:hash://sha256/8b20b8ebd7b5bd963ba9f45ca371e7167e7d48b61e72aa14471a3e496be15a50!/L1,L27.tsv	Pipistrellus angulatus [synonym of]	N/A	Pipistrellus collinus	Pipistrellus tenuis [synonym of]	Pipistrellus tenuis collinus	Pipistrellus collinus	Pipistrellus collinus	Pipistrellus collinus	Pipistrellus collinus	Pipistrellus collinus	Pipistrellus collinus	Pipistrellus collinus	Pipistrellus collinus	Pipistrellus collinus	Alionoctula collina
https://linker.bio/line:hash://sha256/8b20b8ebd7b5bd963ba9f45ca371e7167e7d48b61e72aa14471a3e496be15a50!/L1,L28.tsv	Pipistrellus coromandra	Pipistrellus coromandra	Pipistrellus coromandra	Pipistrellus coromandra	Pipistrellus coromandra	Pipistrellus coromandra	Pipistrellus coromandra	Pipistrellus coromandra	Pipistrellus coromandra	Pipistrellus coromandra	Pipistrellus coromandra	Pipistrellus coromandra	Pipistrellus coromandra	Pipistrellus coromandra	Alionoctula coromandra
https://linker.bio/line:hash://sha256/8b20b8ebd7b5bd963ba9f45ca371e7167e7d48b61e72aa14471a3e496be15a50!/L1,L29.tsv	N/A	N/A	N/A	N/A	N/A	N/A	Pipistrellus dhofarensis	Pipistrellus dhofarensis	Pipistrellus dhofarensis	N/A	Pipistrellus dhofarensis	Pipistrellus dhofarensis	Pipistrellus dhofarensis	Pipistrellus dhofarensis	Alionoctula dhofarensis
https://linker.bio/line:hash://sha256/8b20b8ebd7b5bd963ba9f45ca371e7167e7d48b61e72aa14471a3e496be15a50!/L1,L30.tsv	Pipistrellus endoi	Pipistrellus endoi	Pipistrellus endoi	Pipistrellus endoi	Pipistrellus endoi	Pipistrellus endoi	Pipistrellus endoi	Pipistrellus endoi	Pipistrellus endoi	Pipistrellus endoi	Pipistrellus endoi	Pipistrellus endoi	Pipistrellus endoi	Pipistrellus endoi	Alionoctula endoi
https://linker.bio/line:hash://sha256/8b20b8ebd7b5bd963ba9f45ca371e7167e7d48b61e72aa14471a3e496be15a50!/L1,L31.tsv	Pipistrellus javanicus	Pipistrellus javanicus	Pipistrellus javanicus	Pipistrellus javanicus	Pipistrellus javanicus	Pipistrellus javanicus	Pipistrellus javanicus	Pipistrellus javanicus	Pipistrellus javanicus	Pipistrellus javanicus	Pipistrellus javanicus	Pipistrellus javanicus	Pipistrellus javanicus	Pipistrellus javanicus	Alionoctula javanica
https://linker.bio/line:hash://sha256/8b20b8ebd7b5bd963ba9f45ca371e7167e7d48b61e72aa14471a3e496be15a50!/L1,L32.tsv	Pipistrellus peguensis	Pipistrellus peguensis	Pipistrellus peguensis	N/A	Pipistrellus peguensis	Pipistrellus javanicus peguensis	Pipistrellus javanicus peguensis	Pipistrellus javanicus peguensis	Pipistrellus javanicus [synonym of]	N/A	Pipistrellus javanicus peguensis	Pipistrellus javanicus [synonym of]	Pipistrellus javanicus [synonym of]	 	Alionoctula javanica peguensis
https://linker.bio/line:hash://sha256/8b20b8ebd7b5bd963ba9f45ca371e7167e7d48b61e72aa14471a3e496be15a50!/L1,L33.tsv	Pipistrellus minahassae	Pipistrellus minahassae	Pipistrellus minahassae	Pipistrellus minahassae	Pipistrellus minahassae	Pipistrellus minahassae	Pipistrellus minahassae	Pipistrellus minahassae	Pipistrellus minahassae	Pipistrellus minahassae	Pipistrellus minahassae	Pipistrellus minahassae	Pipistrellus minahassae	Pipistrellus minahassae	Alionoctula minahassae
https://linker.bio/line:hash://sha256/8b20b8ebd7b5bd963ba9f45ca371e7167e7d48b61e72aa14471a3e496be15a50!/L1,L34.tsv	Pipistrellus murrayi	Pipistrellus tenuis [synonym of]	Pipistrellus murrayi	Pipistrellus tenuis [synonym of]	Pipistrellus tenuis murrayi	Pipistrellus tenuis murrayi	Pipistrellus murrayi?	Pipistrellus tenuis murrayi	Pipistrellus murrayi (extinct)	Pipistrellus murrayi	Pipistrellus murrayi	Pipistrellus murrayi	Pipistrellus murrayi	Pipistrellus murrayi	Alionoctula murrayi
https://linker.bio/line:hash://sha256/8b20b8ebd7b5bd963ba9f45ca371e7167e7d48b61e72aa14471a3e496be15a50!/L1,L35.tsv	Pipistrellus angulatus [synonym of]	N/A	Pipistrellus tenuis [synonym of]	Pipistrellus tenuis [synonym of]	Pipistrellus tenuis papuanus	Pipistrellus papuanus	Pipistrellus papuanus	Pipistrellus papuanus	Pipistrellus papuanus	Pipistrellus papuanus	Pipistrellus papuanus	Pipistrellus papuanus	Pipistrellus papuanus	Pipistrellus papuanus	Alionoctula papuana
https://linker.bio/line:hash://sha256/8b20b8ebd7b5bd963ba9f45ca371e7167e7d48b61e72aa14471a3e496be15a50!/L1,L36.tsv	N/A	N/A	Pipistrellus paterculus	Pipistrellus paterculus	Pipistrellus paterculus	Pipistrellus paterculus	Pipistrellus paterculus	Pipistrellus paterculus	Pipistrellus paterculus	Pipistrellus paterculus	Pipistrellus paterculus	Pipistrellus paterculus	Pipistrellus paterculus	Pipistrellus paterculus	Alionoctula paterculus
https://linker.bio/line:hash://sha256/8b20b8ebd7b5bd963ba9f45ca371e7167e7d48b61e72aa14471a3e496be15a50!/L1,L37.tsv	Pipistrellus stenopterus	Pipistrellus stenopterus	Pipistrellus stenopterus	Pipistrellus stenopterus	Nyctalus stenopterus	Pipistrellus stenopterus	Pipistrellus stenopterus	Pipistrellus stenopterus	Pipistrellus stenopterus	Pipistrellus stenopterus	Pipistrellus stenopterus	Pipistrellus stenopterus	Pipistrellus stenopterus	Pipistrellus stenopterus	Alionoctula stenoptera
https://linker.bio/line:hash://sha256/8b20b8ebd7b5bd963ba9f45ca371e7167e7d48b61e72aa14471a3e496be15a50!/L1,L38.tsv	N/A	Pipistrellus sturdeei	Pipistrellus sturdeei	Pipistrellus sturdeei	Pipistrellus sturdeei	Pipistrellus sturdeei	Pipistrellus sturdeei	Pipistrellus sturdeei	Pipistrellus sturdeei	Pipistrellus sturdeei	Pipistrellus sturdeei	Pipistrellus sturdeei	Pipistrellus sturdeei	Pipistrellus sturdeei	Alionoctula sturdeei
https://linker.bio/line:hash://sha256/8b20b8ebd7b5bd963ba9f45ca371e7167e7d48b61e72aa14471a3e496be15a50!/L1,L39.tsv	Pipistrellus tenuis	Pipistrellus tenuis	Pipistrellus tenuis	Pipistrellus tenuis	Pipistrellus tenuis	Pipistrellus tenuis	Pipistrellus tenuis	Pipistrellus tenuis	Pipistrellus tenuis	Pipistrellus tenuis	Pipistrellus tenuis	Pipistrellus tenuis	Pipistrellus tenuis	Pipistrellus tenuis	Alionoctula tenuis
https://linker.bio/line:hash://sha256/8b20b8ebd7b5bd963ba9f45ca371e7167e7d48b61e72aa14471a3e496be15a50!/L1,L40.tsv	Pipistrellus mimus	Pipistrellus mimus	Pipistrellus mimus	N/A	Pipistrellus mimus	Pipistrellus tenuis mimus	Pipistrellus tenuis mimus	Pipistrellus tenuis mimus	Pipistrellus tenuis [synonym of]	Pipistrellus tenuis mimus	Pipistrellus tenuis mimus	Pipistrellus tenuis [synonym of]	Pipistrellus tenuis [synonym of]	 	Alionoctula tenuis mimus
https://linker.bio/line:hash://sha256/8b20b8ebd7b5bd963ba9f45ca371e7167e7d48b61e72aa14471a3e496be15a50!/L1,L41.tsv	N/A	N/A	Pipistrellus wattsi	Pipistrellus tenuis [synonym of]	Pipistrellus tenuis wattsi	Pipistrellus wattsi	Pipistrellus wattsi	Pipistrellus wattsi	Pipistrellus wattsi	Pipistrellus wattsi	Pipistrellus wattsi	Pipistrellus wattsi	Pipistrellus wattsi	Pipistrellus wattsi	Alionoctula wattsi
https://linker.bio/line:hash://sha256/8b20b8ebd7b5bd963ba9f45ca371e7167e7d48b61e72aa14471a3e496be15a50!/L1,L42.tsv	N/A	N/A	Pipistrellus westralis	Pipistrellus tenuis [synonym of]	Pipistrellus tenuis westralis	Pipistrellus westralis	Pipistrellus westralis	Pipistrellus westralis	Pipistrellus westralis	Pipistrellus westralis	Pipistrellus westralis	Pipistrellus westralis	Pipistrellus westralis	Pipistrellus westralis	Alionoctula westralis
https://linker.bio/line:hash://sha256/8b20b8ebd7b5bd963ba9f45ca371e7167e7d48b61e72aa14471a3e496be15a50!/L1,L43.tsv	Alionycteris paucidentata	N/A	Alionycteris paucidentata	Alionycteris paucidentata	Alionycteris paucidentata	Alionycteris paucidentata	Alionycteris paucidentata	Alionycteris paucidentata	Alionycteris paucidentata	Alionycteris paucidentata	Alionycteris paucidentata	Alionycteris paucidentata	Alionycteris paucidentata	Alionycteris paucidentata	Alionycteris paucidentata
https://linker.bio/line:hash://sha256/8b20b8ebd7b5bd963ba9f45ca371e7167e7d48b61e72aa14471a3e496be15a50!/L1,L44.tsv	Ametrida centurio	Ametrida centurio	Ametrida centurio	Ametrida centurio	Ametrida centurio	Ametrida centurio	Ametrida centurio	Ametrida centurio	Ametrida centurio	Ametrida centurio	Ametrida centurio	Ametrida centurio	Ametrida centurio	Ametrida centurio	Ametrida centurio
https://linker.bio/line:hash://sha256/8b20b8ebd7b5bd963ba9f45ca371e7167e7d48b61e72aa14471a3e496be15a50!/L1,L45.tsv	Amorphochilus schnabli	Amorphochilus schnablii	Amorphochilus schnablii	Amorphochilus schnablii	Amorphochilus schnablii	Amorphochilus schnablii	Amorphochilus schnablii	Amorphochilus schnablii	Amorphochilus schnablii	Amorphochilus schnablii	Amorphochilus schnablii	Amorphochilus schnablii	Amorphochilus schnablii	Amorphochilus schnablii	Amorphochilus schnablii
https://linker.bio/line:hash://sha256/8b20b8ebd7b5bd963ba9f45ca371e7167e7d48b61e72aa14471a3e496be15a50!/L1,L46.tsv	N/A	N/A	N/A	Anoura caudifer [synonym of]	N/A	Anoura caudifer [synonym of]	Anoura aequatoris	Anoura caudifer	Anoura aequatoris	Anoura aequatoris	Anoura aequatoris	Anoura aequatoris	Anoura aequatoris	Anoura aequatoris	Anoura aequatoris
https://linker.bio/line:hash://sha256/8b20b8ebd7b5bd963ba9f45ca371e7167e7d48b61e72aa14471a3e496be15a50!/L1,L47.tsv	N/A	N/A	N/A	N/A	N/A	N/A	Anoura cadenai	Anoura cadenai	Anoura cadenai	Anoura cadenai	Anoura cadenai	Anoura cadenai	Anoura cadenai	Anoura cadenai	Anoura cadenai
https://linker.bio/line:hash://sha256/8b20b8ebd7b5bd963ba9f45ca371e7167e7d48b61e72aa14471a3e496be15a50!/L1,L48.tsv	Anoura caudifer	Anoura caudifer	Anoura caudifera	Anoura caudifer	Anoura caudifera	Anoura caudifer	Anoura caudifer	Anoura caudifer	Anoura caudifer	Anoura caudifer	Anoura caudifer	Anoura caudifer	Anoura caudifer	Anoura caudifer	Anoura caudifer
https://linker.bio/line:hash://sha256/8b20b8ebd7b5bd963ba9f45ca371e7167e7d48b61e72aa14471a3e496be15a50!/L1,L49.tsv	Anoura cultrata	Anoura cultrata	Anoura cultrata	Anoura cultrata	Anoura cultrata	Anoura cultrata	Anoura cultrata	Anoura cultrata	Anoura cultrata	Anoura cultrata	Anoura cultrata	Anoura cultrata	Anoura cultrata	Anoura cultrata	Anoura cultrata
https://linker.bio/line:hash://sha256/8b20b8ebd7b5bd963ba9f45ca371e7167e7d48b61e72aa14471a3e496be15a50!/L1,L50.tsv	Anoura brevirostrum	Anoura cultrata [synonym of]	Anoura cultrata [synonym of]	Anoura cultrata [synonym of]	N/A	Anoura cultrata [synonym of]	Anoura cultrata [synonym of]	Anoura cultrata brevirostrum	Anoura cultrata [synonym of]	Anoura cultrata [synonym of]	Anoura cultrata brevirostrum	Anoura cultrata [synonym of]	Anoura cultrata [synonym of]	 	Anoura cultrata brevirostrum
https://linker.bio/line:hash://sha256/8b20b8ebd7b5bd963ba9f45ca371e7167e7d48b61e72aa14471a3e496be15a50!/L1,L51.tsv	Anoura werckleae	Anoura cultrata [synonym of]	Anoura cultrata [synonym of]	Anoura cultrata [synonym of]	N/A	Anoura cultrata [synonym of]	Anoura cultrata [synonym of]	Anoura cultrata cultrata [synonym of]	Anoura cultrata [synonym of]	Anoura cultrata [synonym of]	Anoura cultrata cultrata [synonym of]	Anoura cultrata cultrata [synonym of]	Anoura cultrata [synonym of]	 	Anoura cultrata cultrata [synonym of]
https://linker.bio/line:hash://sha256/8b20b8ebd7b5bd963ba9f45ca371e7167e7d48b61e72aa14471a3e496be15a50!/L1,L52.tsv	N/A	N/A	N/A	N/A	N/A	N/A	Anoura fistulata	Anoura fistulata	Anoura fistulata	Anoura fistulata	Anoura fistulata	Anoura fistulata	Anoura fistulata	Anoura fistulata	Anoura fistulata
https://linker.bio/line:hash://sha256/8b20b8ebd7b5bd963ba9f45ca371e7167e7d48b61e72aa14471a3e496be15a50!/L1,L53.tsv	Anoura geoffroyi	Anoura geoffroyi	Anoura geoffroyi	Anoura geoffroyi	Anoura geoffroyi	Anoura geoffroyi	Anoura geoffroyi	Anoura geoffroyi	Anoura geoffroyi	Anoura geoffroyi	Anoura geoffroyi	Anoura geoffroyi	Anoura geoffroyi	Anoura geoffroyi	Anoura geoffroyi
https://linker.bio/line:hash://sha256/8b20b8ebd7b5bd963ba9f45ca371e7167e7d48b61e72aa14471a3e496be15a50!/L1,L54.tsv	N/A	N/A	N/A	N/A	N/A	N/A	Anoura javieri	Anoura javieri	Anoura javieri	N/A	Anoura javieri	Anoura javieri	Anoura javieri	Anoura javieri	Anoura javieri
https://linker.bio/line:hash://sha256/8b20b8ebd7b5bd963ba9f45ca371e7167e7d48b61e72aa14471a3e496be15a50!/L1,L55.tsv	N/A	N/A	Anoura latidens	Anoura latidens	Anoura latidens	Anoura latidens	Anoura latidens	Anoura latidens	Anoura latidens	Anoura latidens	Anoura latidens	Anoura latidens	Anoura latidens	Anoura latidens	Anoura latidens
https://linker.bio/line:hash://sha256/8b20b8ebd7b5bd963ba9f45ca371e7167e7d48b61e72aa14471a3e496be15a50!/L1,L56.tsv	N/A	N/A	N/A	N/A	N/A	Anoura luismanueli	Anoura luismanueli	Anoura luismanueli	Anoura luismanueli	Anoura luismanueli	Anoura luismanueli	Anoura luismanueli	Anoura luismanueli	Anoura luismanueli	Anoura luismanueli
https://linker.bio/line:hash://sha256/8b20b8ebd7b5bd963ba9f45ca371e7167e7d48b61e72aa14471a3e496be15a50!/L1,L57.tsv	N/A	N/A	N/A	Anoura geoffroyi [synonym of]	Anoura geoffroyi peruana	Anoura cultrata peruana	Anoura peruana	Anoura geoffroyi	Anoura peruana	Anoura peruana	Anoura peruana	Anoura peruana	Anoura peruana	Anoura peruana	Anoura peruana
https://linker.bio/line:hash://sha256/8b20b8ebd7b5bd963ba9f45ca371e7167e7d48b61e72aa14471a3e496be15a50!/L1,L58.tsv	Anthops ornatus	Anthops ornatus	Anthops ornatus	Anthops ornatus	Anthops ornatus	Anthops ornatus	Anthops ornatus	Anthops ornatus	Anthops ornatus	Anthops ornatus	Anthops ornatus	Anthops ornatus	Anthops ornatus	Anthops ornatus	Anthops ornatus
https://linker.bio/line:hash://sha256/8b20b8ebd7b5bd963ba9f45ca371e7167e7d48b61e72aa14471a3e496be15a50!/L1,L59.tsv	Antrozous koopmani	Antrozous koopmani	Antrozous pallidus [synonym of]	Antrozous pallidus [synonym of]	Antrozous pallidus koopmani	Antrozous pallidus koopmani	Antrozous pallidus koopmani	Antrozous pallidus koopmani	Antrozous pallidus [synonym of]	N/A	Antrozous pallidus koopmani	Antrozous pallidus [synonym of]	Antrozous koopmani	Antrozous koopmani	Antrozous koopmani
https://linker.bio/line:hash://sha256/8b20b8ebd7b5bd963ba9f45ca371e7167e7d48b61e72aa14471a3e496be15a50!/L1,L60.tsv	Antrozous pallidus	Antrozous pallidus	Antrozous pallidus	Antrozous pallidus	Antrozous pallidus	Antrozous pallidus	Antrozous pallidus	Antrozous pallidus	Anoura caudifer	Antrozous pallidus	Antrozous pallidus	Antrozous pallidus	Antrozous pallidus	Antrozous pallidus	Antrozous pallidus
https://linker.bio/line:hash://sha256/8b20b8ebd7b5bd963ba9f45ca371e7167e7d48b61e72aa14471a3e496be15a50!/L1,L61.tsv	Aproteles bulmerae	Aproteles bulmerae	Aproteles bulmerae	Aproteles bulmerae	Aproteles bulmerae	Aproteles bulmerae	Aproteles bulmerae	Aproteles bulmerae	Aproteles bulmerae	Aproteles bulmerae	Aproteles bulmerae	Aproteles bulmerae	Aproteles bulmerae	Aproteles bulmerae	Aproteles bulmerae
https://linker.bio/line:hash://sha256/8b20b8ebd7b5bd963ba9f45ca371e7167e7d48b61e72aa14471a3e496be15a50!/L1,L62.tsv	Ardops nichollsi	Ardops nichollsi	Ardops nichollsi	Ardops nichollsi	Ardops nichollsi	Ardops nichollsi	Ardops nichollsi	Ardops nichollsi	Ardops nichollsi	Ardops nichollsi	Ardops nichollsi	Ardops nichollsi	Ardops nichollsi	Ardops nichollsi	Ardops nichollsi
https://linker.bio/line:hash://sha256/8b20b8ebd7b5bd963ba9f45ca371e7167e7d48b61e72aa14471a3e496be15a50!/L1,L63.tsv	Pipistrellus circumdatus	Pipistrellus circumdatus	Pipistrellus circumdatus	Pipistrellus circumdatus	Pipistrellus circumdatus	Arielulus circumdatus	Arielulus circumdatus	Arielulus circumdatus	Arielulus circumdatus	Arielulus circumdatus	Arielulus circumdatus	Arielulus circumdatus	Arielulus circumdatus	Arielulus circumdatus	Arielulus circumdatus
https://linker.bio/line:hash://sha256/8b20b8ebd7b5bd963ba9f45ca371e7167e7d48b61e72aa14471a3e496be15a50!/L1,L64.tsv	N/A	N/A	Pipistrellus cuprosus	Pipistrellus cuprosus	Pipistrellus cuprosus	Arielulus cuprosus	Arielulus cuprosus	Arielulus cuprosus	Arielulus cuprosus	Arielulus cuprosus	Arielulus cuprosus	Arielulus cuprosus	Arielulus cuprosus	Arielulus cuprosus	Arielulus cuprosus
https://linker.bio/line:hash://sha256/8b20b8ebd7b5bd963ba9f45ca371e7167e7d48b61e72aa14471a3e496be15a50!/L1,L65.tsv	Pipistrellus societatis	Pipistrellus societatis	Pipistrellus societatis	Pipistrellus societatis	Pipistrellus societatis	Arielulus societatis	Arielulus societatis	Arielulus societatis	Arielulus societatis	Arielulus societatis	Arielulus societatis	Arielulus societatis	Arielulus societatis	Arielulus societatis	Arielulus societatis
https://linker.bio/line:hash://sha256/8b20b8ebd7b5bd963ba9f45ca371e7167e7d48b61e72aa14471a3e496be15a50!/L1,L66.tsv	Ariteus flavescens	Ariteus flavescens	Ariteus flavescens	Ariteus flavescens	Ariteus flavescens	Ariteus flavescens	Ariteus flavescens	Ariteus flavescens	Ariteus flavescens	Ariteus flavescens	Ariteus flavescens	Ariteus flavescens	Ariteus flavescens	Ariteus flavescens	Ariteus flavescens
https://linker.bio/line:hash://sha256/8b20b8ebd7b5bd963ba9f45ca371e7167e7d48b61e72aa14471a3e496be15a50!/L1,L67.tsv	N/A	N/A	N/A	N/A	N/A	Artibeus jamaicensis aequatorialis	Artibeus aequatorialis and Artibeus jamaicensis aequatorialis	Artibeus aequatorialis	Artibeus aequatorialis	Artibeus aequatorialis	Artibeus aequatorialis	Artibeus aequatorialis	Artibeus aequatorialis	Artibeus aequatorialis	Artibeus aequatorialis
https://linker.bio/line:hash://sha256/8b20b8ebd7b5bd963ba9f45ca371e7167e7d48b61e72aa14471a3e496be15a50!/L1,L68.tsv	N/A	N/A	Artibeus amplus	Artibeus amplus	Artibeus amplus	Artibeus amplus	Artibeus amplus	Artibeus amplus	Artibeus amplus	Artibeus amplus	Artibeus amplus	Artibeus amplus	Artibeus amplus	Artibeus amplus	Artibeus amplus
https://linker.bio/line:hash://sha256/8b20b8ebd7b5bd963ba9f45ca371e7167e7d48b61e72aa14471a3e496be15a50!/L1,L69.tsv	Artibeus concolor	Artibeus concolor	Artibeus concolor	Artibeus concolor	Artibeus concolor	Artibeus concolor	Artibeus concolor	Artibeus concolor	Koopmania concolor	Artibeus concolor	Artibeus concolor	Artibeus concolor	Artibeus concolor	Artibeus concolor	Artibeus concolor
https://linker.bio/line:hash://sha256/8b20b8ebd7b5bd963ba9f45ca371e7167e7d48b61e72aa14471a3e496be15a50!/L1,L70.tsv	N/A	N/A	N/A	Artibeus fimbriatus	N/A	Artibeus fimbriatus	Artibeus fimbriatus	Artibeus fimbriatus	Artibeus fimbriatus	Artibeus fimbriatus	Artibeus fimbriatus	Artibeus fimbriatus	Artibeus fimbriatus	Artibeus fimbriatus	Artibeus fimbriatus
https://linker.bio/line:hash://sha256/8b20b8ebd7b5bd963ba9f45ca371e7167e7d48b61e72aa14471a3e496be15a50!/L1,L71.tsv	Artibeus fraterculus	Artibeus fraterculus	Artibeus fraterculus	Artibeus fraterculus	Artibeus fraterculus	Artibeus fraterculus	Artibeus fraterculus	Artibeus fraterculus	Artibeus fraterculus	Artibeus fraterculus	Artibeus fraterculus	Artibeus fraterculus	Artibeus fraterculus	Artibeus fraterculus	Artibeus fraterculus
https://linker.bio/line:hash://sha256/8b20b8ebd7b5bd963ba9f45ca371e7167e7d48b61e72aa14471a3e496be15a50!/L1,L72.tsv	Artibeus hirsutus	Artibeus hirsutus	Artibeus hirsutus	Artibeus hirsutus	Artibeus hirsutus	Artibeus hirsutus	Artibeus hirsutus	Artibeus hirsutus	Artibeus hirsutus	Artibeus hirsutus	Artibeus hirsutus	Artibeus hirsutus	Artibeus hirsutus	Artibeus hirsutus	Artibeus hirsutus
https://linker.bio/line:hash://sha256/8b20b8ebd7b5bd963ba9f45ca371e7167e7d48b61e72aa14471a3e496be15a50!/L1,L73.tsv	Artibeus inopinatus	Artibeus inopinatus	Artibeus inopinatus	Artibeus inopinatus	Artibeus inopinatus	Artibeus inopinatus	Artibeus inopinatus	Artibeus inopinatus	Artibeus inopinatus	Artibeus inopinatus	Artibeus inopinatus	Artibeus inopinatus	Artibeus inopinatus	Artibeus inopinatus	Artibeus inopinatus
https://linker.bio/line:hash://sha256/8b20b8ebd7b5bd963ba9f45ca371e7167e7d48b61e72aa14471a3e496be15a50!/L1,L74.tsv	N/A	N/A	Artibeus intermedius	Artibeus lituratus [synonym of]	Artibeus intermedius	Artibeus lituratus palmarum	Artibeus lituratus palmarum	Artibeus intermedius	Artibeus lituratus [synonym of]	Artibeus lituratus [synonym of]	Artibeus intermedius	Artibeus intermedius	Artibeus intermedius	Artibeus intermedius	Artibeus intermedius
https://linker.bio/line:hash://sha256/8b20b8ebd7b5bd963ba9f45ca371e7167e7d48b61e72aa14471a3e496be15a50!/L1,L75.tsv	Artibeus jamaicensis	Artibeus jamaicensis	Artibeus jamaicensis	Artibeus jamaicensis	Artibeus jamaicensis	Artibeus jamaicensis	Artibeus jamaicensis	Artibeus jamaicensis	Artibeus jamaicensis	Artibeus jamaicensis	Artibeus jamaicensis	Artibeus jamaicensis	Artibeus jamaicensis	Artibeus jamaicensis	Artibeus jamaicensis
https://linker.bio/line:hash://sha256/8b20b8ebd7b5bd963ba9f45ca371e7167e7d48b61e72aa14471a3e496be15a50!/L1,L76.tsv	Artibeus lituratus	Artibeus lituratus	Artibeus lituratus	Artibeus lituratus	Artibeus lituratus	Artibeus lituratus	Artibeus lituratus	Artibeus lituratus	Artibeus lituratus	Artibeus lituratus	Artibeus lituratus	Artibeus lituratus	Artibeus lituratus	Artibeus lituratus	Artibeus lituratus
https://linker.bio/line:hash://sha256/8b20b8ebd7b5bd963ba9f45ca371e7167e7d48b61e72aa14471a3e496be15a50!/L1,L77.tsv	N/A	N/A	N/A	Artibeus obscurus	N/A	Artibeus obscurus	Artibeus obscurus	Artibeus obscurus	Artibeus obscurus	Artibeus obscurus	Artibeus obscurus	Artibeus obscurus	Artibeus obscurus	Artibeus obscurus	Artibeus obscurus
https://linker.bio/line:hash://sha256/8b20b8ebd7b5bd963ba9f45ca371e7167e7d48b61e72aa14471a3e496be15a50!/L1,L78.tsv	Artibeus fuliginosus	Artibeus fuliginosus	Artibeus fuliginosus	Artibeus obscurus [synonym of]	Artibeus jamaicensis fuliginosus	Artibeus obscurus [synonym of]	Artibeus obscurus [synonym of]	Artibeus obscurus obscurus [synonym of]	Artibeus obscurus [synonym of]	Artibeus obscurus [synonym of]	Artibeus obscurus obscurus [synonym of]	Artibeus obscurus [synonym of]	Artibeus obscurus [synonym of]	 	Artibeus obscurus [synonym of]
https://linker.bio/line:hash://sha256/8b20b8ebd7b5bd963ba9f45ca371e7167e7d48b61e72aa14471a3e496be15a50!/L1,L79.tsv	Artibeus planirostris	Artibeus planirostris	Artibeus planirostris	Artibeus planirostris	Artibeus planirostris	Artibeus jamaicensis planirostris	Artibeus planirostris	Artibeus planirostris	Artibeus planirostris	Artibeus planirostris	Artibeus planirostris	Artibeus planirostris	Artibeus planirostris	Artibeus planirostris	Artibeus planirostris
https://linker.bio/line:hash://sha256/8b20b8ebd7b5bd963ba9f45ca371e7167e7d48b61e72aa14471a3e496be15a50!/L1,L80.tsv	N/A	N/A	N/A	Artibeus jamaicensis [synonym of]	Artibeus jamaicensis schwartzi	Artibeus jamaicensis schwartzi	Artibeus schwartzi	Artibeus schwartzi	Artibeus schwartzi	Artibeus schwartzi	Artibeus schwartzi	Artibeus schwartzi	Artibeus schwartzi	Artibeus schwartzi	Artibeus schwartzi
https://linker.bio/line:hash://sha256/8b20b8ebd7b5bd963ba9f45ca371e7167e7d48b61e72aa14471a3e496be15a50!/L1,L81.tsv	N/A	N/A	N/A	N/A	N/A	N/A	Asellia arabica	Asellia arabica	Asellia arabica	Asellia arabica	Asellia arabica	Asellia arabica	Asellia arabica	Asellia arabica	Asellia arabica
https://linker.bio/line:hash://sha256/8b20b8ebd7b5bd963ba9f45ca371e7167e7d48b61e72aa14471a3e496be15a50!/L1,L82.tsv	N/A	N/A	N/A	Asellia tridens [synonym of]	Asellia tridens italosomalica	Asellia tridens italosomalica	Asellia italosomalica	Asellia italosomalica	Asellia italosomalica	Asellia italosomalica	Asellia italosomalica	Asellia italosomalica	Asellia italosomalica	Asellia italosomalica	Asellia italosomalica
https://linker.bio/line:hash://sha256/8b20b8ebd7b5bd963ba9f45ca371e7167e7d48b61e72aa14471a3e496be15a50!/L1,L83.tsv	Asellia patrizii	Asellia patrizii	Asellia patrizii	Asellia patrizii	Asellia patrizii	Asellia patrizii	Asellia patrizii	Asellia patrizii	Asellia patrizii	Asellia patrizii	Asellia patrizii	Asellia patrizii	Asellia patrizii	Asellia patrizii	Asellia patrizii
https://linker.bio/line:hash://sha256/8b20b8ebd7b5bd963ba9f45ca371e7167e7d48b61e72aa14471a3e496be15a50!/L1,L84.tsv	Asellia tridens	Asellia tridens	Asellia tridens	Asellia tridens	Asellia tridens	Asellia tridens	Asellia tridens	Asellia tridens	Asellia tridens	Asellia tridens	Asellia tridens	Asellia tridens	Asellia tridens	Asellia tridens	Asellia tridens
https://linker.bio/line:hash://sha256/8b20b8ebd7b5bd963ba9f45ca371e7167e7d48b61e72aa14471a3e496be15a50!/L1,L85.tsv	N/A	N/A	N/A	N/A	N/A	N/A	Aselliscus dongbacanus	Aselliscus dongbacanus	Aselliscus dongbacanus	Aselliscus dongbacanus	Aselliscus dongbacanus	Aselliscus dongbacanus	Aselliscus dongbacanus	Aselliscus dongbacanus	Aselliscus dongbacanus
https://linker.bio/line:hash://sha256/8b20b8ebd7b5bd963ba9f45ca371e7167e7d48b61e72aa14471a3e496be15a50!/L1,L86.tsv	Aselliscus stoliczkanus	Aselliscus stoliczkanus	Aselliscus stoliczkanus	Aselliscus stoliczkanus	Aselliscus stoliczkanus	Aselliscus stoliczkanus	Aselliscus stoliczkanus	Aselliscus stoliczkanus	Aselliscus stoliczkanus	Aselliscus stoliczkanus	Aselliscus stoliczkanus	Aselliscus stoliczkanus	Aselliscus stoliczkanus	Aselliscus stoliczkanus	Aselliscus stoliczkanus
https://linker.bio/line:hash://sha256/8b20b8ebd7b5bd963ba9f45ca371e7167e7d48b61e72aa14471a3e496be15a50!/L1,L87.tsv	Aselliscus tricuspidatus	Aselliscus tricuspidatus	Aselliscus tricuspidatus	Aselliscus tricuspidatus	Aselliscus tricuspidatus	Aselliscus tricuspidatus	Aselliscus tricuspidatus	Aselliscus tricuspidatus	Aselliscus tricuspidatus	Aselliscus tricuspidatus	Aselliscus tricuspidatus	Aselliscus tricuspidatus	Aselliscus tricuspidatus	Aselliscus tricuspidatus	Aselliscus tricuspidatus
https://linker.bio/line:hash://sha256/8b20b8ebd7b5bd963ba9f45ca371e7167e7d48b61e72aa14471a3e496be15a50!/L1,L88.tsv	Tadarida australis	Tadarida australis	Tadarida australis	Tadarida australis	Tadarida australis	Tadarida australis	Austronomus australis	Austronomus australis	Austronomus australis	Austronomus australis	Austronomus australis	Austronomus australis	Austronomus australis	Austronomus australis	Austronomus australis
https://linker.bio/line:hash://sha256/8b20b8ebd7b5bd963ba9f45ca371e7167e7d48b61e72aa14471a3e496be15a50!/L1,L89.tsv	Tadarida kuboriensis	Tadarida kuboriensis	Tadarida kuboriensis	Tadarida australis [synonym of]	Tadarida australis kuboriensis	Tadarida kuboriensis	Austronomus kuboriensis	Austronomus kuboriensis	Austronomus kuboriensis	Austronomus kuboriensis	Austronomus kuboriensis	Austronomus kuboriensis	Austronomus kuboriensis	Austronomus kuboriensis	Austronomus kuboriensis
https://linker.bio/line:hash://sha256/8b20b8ebd7b5bd963ba9f45ca371e7167e7d48b61e72aa14471a3e496be15a50!/L1,L90.tsv	Baeodon alleni	Rhogeessa alleni	Baeodon alleni	Rhogeessa alleni	Rhogeesa alleni	Rhogeessa alleni	Rhogeessa alleni	Baeodon alleni	Rhogeessa alleni	Baeodon alleni	Baeodon alleni	Baeodon alleni	Baeodon alleni	Baeodon alleni	Baeodon alleni
https://linker.bio/line:hash://sha256/8b20b8ebd7b5bd963ba9f45ca371e7167e7d48b61e72aa14471a3e496be15a50!/L1,L91.tsv	Rhogeessa gracilis	Rhogeessa gracilis	Rhogeessa gracilis	Rhogeessa gracilis	Rhogeesa gracilis	Rhogeessa gracilis	Rhogeessa gracilis	Baeodon gracilis	Rhogeessa gracilis	Baeodon gracilis	Baeodon gracilis	Baeodon gracilis	Baeodon gracilis	Baeodon gracilis	Baeodon gracilis
https://linker.bio/line:hash://sha256/8b20b8ebd7b5bd963ba9f45ca371e7167e7d48b61e72aa14471a3e496be15a50!/L1,L92.tsv	Balantiopteryx infusca	Balantiopteryx infusca	Balantiopteryx infusca	Balantiopteryx infusca	Balantiopteryx infusca	Balantiopteryx infusca	Balantiopteryx infusca	Balantiopteryx infusca	Balantiopteryx infusca	Balantiopteryx infusca	Balantiopteryx infusca	Balantiopteryx infusca	Balantiopteryx infusca	Balantiopteryx infusca	Balantiopteryx infusca
https://linker.bio/line:hash://sha256/8b20b8ebd7b5bd963ba9f45ca371e7167e7d48b61e72aa14471a3e496be15a50!/L1,L93.tsv	Balantiopteryx io	Balantiopteryx io	Balantiopteryx io	Balantiopteryx io	Balantiopteryx io	Balantiopteryx io	Balantiopteryx io	Balantiopteryx io	Balantiopteryx io	Balantiopteryx io	Balantiopteryx io	Balantiopteryx io	Balantiopteryx io	Balantiopteryx io	Balantiopteryx io
https://linker.bio/line:hash://sha256/8b20b8ebd7b5bd963ba9f45ca371e7167e7d48b61e72aa14471a3e496be15a50!/L1,L94.tsv	Balantiopteryx plicata	Balantiopteryx plicata	Balantiopteryx plicata	Balantiopteryx plicata	Balantiopteryx plicata	Balantiopteryx plicata	Balantiopteryx plicata	Balantiopteryx plicata	Balantiopteryx plicata	Balantiopteryx plicata	Balantiopteryx plicata	Balantiopteryx plicata	Balantiopteryx plicata	Balantiopteryx plicata	Balantiopteryx plicata
https://linker.bio/line:hash://sha256/8b20b8ebd7b5bd963ba9f45ca371e7167e7d48b61e72aa14471a3e496be15a50!/L1,L95.tsv	Balionycteris maculata	Balionycteris maculata	Balionycteris maculata	Balionycteris maculata	Balionycteris maculata	Balionycteris maculata	Balionycteris maculata	Balionycteris maculata	Balionycteris maculata	Balionycteris maculata	Balionycteris maculata	Balionycteris maculata	Balionycteris maculata	Balionycteris maculata	Balionycteris maculata
https://linker.bio/line:hash://sha256/8b20b8ebd7b5bd963ba9f45ca371e7167e7d48b61e72aa14471a3e496be15a50!/L1,L96.tsv	N/A	N/A	N/A	Balionycteris maculata [synonym of]	Balionycteris maculata seimundi	Balionycteris maculata seimundi	Balionycteris seimundi	Balionycteris seimundi	Balionycteris seimundi	Balionycteris seimundi	Balionycteris seimundi	Balionycteris seimundi	Balionycteris seimundi	Balionycteris seimundi	Balionycteris seimundi
https://linker.bio/line:hash://sha256/8b20b8ebd7b5bd963ba9f45ca371e7167e7d48b61e72aa14471a3e496be15a50!/L1,L97.tsv	Barbastella barbastellus	Barbastella barbastellus	Barbastella barbastellus	Barbastella barbastellus	Barbastella barbastellus	Barbastella barbastellus	Barbastella barbastellus	Barbastella barbastellus	Barbastella barbastellus	Barbastella barbastellus	Barbastella barbastellus	Barbastella barbastellus	Barbastella barbastellus	Barbastella barbastellus	Barbastella barbastellus
https://linker.bio/line:hash://sha256/8b20b8ebd7b5bd963ba9f45ca371e7167e7d48b61e72aa14471a3e496be15a50!/L1,L98.tsv	N/A	N/A	N/A	N/A	N/A	N/A	Barbastella beijingensis	Barbastella beijingensis	Barbastella beijingensis	Barbastella beijingensis	Barbastella beijingensis	Barbastella beijingensis	Barbastella beijingensis	Barbastella beijingensis	Barbastella beijingensis
https://linker.bio/line:hash://sha256/8b20b8ebd7b5bd963ba9f45ca371e7167e7d48b61e72aa14471a3e496be15a50!/L1,L99.tsv	N/A	N/A	N/A	Barbastella leucomelas [synonym of]	N/A	Barbastella leucomelas caspica	Barbastella caspica	Barbastella caspica	Barbastella caspica	N/A	Barbastella caspica	Barbastella caspica	Barbastella caspica	Barbastella caspica	Barbastella caspica
https://linker.bio/line:hash://sha256/8b20b8ebd7b5bd963ba9f45ca371e7167e7d48b61e72aa14471a3e496be15a50!/L1,L100.tsv	N/A	N/A	N/A	Barbastella leucomelas [synonym of]	Barbastella leucomeles darjelingensis	Barbastella leucomeles darjelingensis	Barbastella darjelingensis	Barbastella darjelingensis	Barbastella darjelingensis	Barbastella darjelingensis	Barbastella darjelingensis	Barbastella darjelingensis	Barbastella darjelingensis	Barbastella darjelingensis	Barbastella darjelingensis
https://linker.bio/line:hash://sha256/8b20b8ebd7b5bd963ba9f45ca371e7167e7d48b61e72aa14471a3e496be15a50!/L1,L101.tsv	Barbastella leucomelas	Barbastella leucomelas	Barbastella leucomelas	Barbastella leucomelas	Barbastella leucomelas	Barbastella leucomelas	Barbastella leucomelas	Barbastella leucomelas	Barbastella leucomelas	Barbastella leucomelas	Barbastella leucomelas	Barbastella leucomelas	Barbastella leucomelas	Barbastella leucomelas	Barbastella leucomelas
https://linker.bio/line:hash://sha256/8b20b8ebd7b5bd963ba9f45ca371e7167e7d48b61e72aa14471a3e496be15a50!/L1,L102.tsv	N/A	N/A	N/A	N/A	N/A	N/A	Barbastella pacifica	Barbastella pacifica	Barbastella pacifica	N/A	Barbastella pacifica	Barbastella pacifica	Barbastella pacifica	Barbastella pacifica	Barbastella pacifica
https://linker.bio/line:hash://sha256/8b20b8ebd7b5bd963ba9f45ca371e7167e7d48b61e72aa14471a3e496be15a50!/L1,L103.tsv	Antrozous dubiaquercus	Antrozous dubiaquercus	Bauerus dubiaquercus	Antrozous dubiaquercus	Bauerus dubiaquercus	Bauerus dubiaquercus	Bauerus dubiaquercus	Bauerus dubiaquercus	Bauerus dubiaquercus	Bauerus dubiaquercus	Bauerus dubiaquercus	Bauerus dubiaquercus	Bauerus dubiaquercus	Bauerus dubiaquercus	Bauerus dubiaquercus
https://linker.bio/line:hash://sha256/8b20b8ebd7b5bd963ba9f45ca371e7167e7d48b61e72aa14471a3e496be15a50!/L1,L104.tsv	Boneia bidens	Boneia bidens	Rousettus bidens	Boneia bidens	Boneia bidens	Rousettus bidens	Boneia bidens	Boneia bidens	Boneia bidens	Boneia bidens	Boneia bidens	Boneia bidens	Boneia bidens	Boneia bidens	Boneia bidens
https://linker.bio/line:hash://sha256/8b20b8ebd7b5bd963ba9f45ca371e7167e7d48b61e72aa14471a3e496be15a50!/L1,L105.tsv	Brachyphylla cavernarum	Brachyphylla cavernarum	Brachyphylla cavernarum	Brachyphylla cavernarum	Brachyphylla cavernarum	Brachyphylla cavernarum	Brachyphylla cavernarum	Brachyphylla cavernarum	Brachyphylla cavernarum	Brachyphylla cavernarum	Brachyphylla cavernarum	Brachyphylla cavernarum	Brachyphylla cavernarum	Brachyphylla cavernarum	Brachyphylla cavernarum
https://linker.bio/line:hash://sha256/8b20b8ebd7b5bd963ba9f45ca371e7167e7d48b61e72aa14471a3e496be15a50!/L1,L106.tsv	Brachyphylla nana	Brachyphylla nana	Brachyphylla nana	Brachyphylla nana	Brachyphylla nana	Brachyphylla nana	Brachyphylla nana	Brachyphylla nana	Brachyphylla nana	Brachyphylla nana	Brachyphylla nana	Brachyphylla nana	Brachyphylla nana	Brachyphylla nana	Brachyphylla nana
https://linker.bio/line:hash://sha256/8b20b8ebd7b5bd963ba9f45ca371e7167e7d48b61e72aa14471a3e496be15a50!/L1,L107.tsv	Molossops aequatorianus	Molossops aequatorianus	Cabreramops aequatorianus	Molossops aequatorianus	Molossops aequatorianus	Molossops aequatorianus	Cabreramops aequatorianus	Cabreramops aequatorianus	Cabreramops aequatorianus	Molossops aequatorianus	Cabreramops aequatorianus	Cabreramops aequatorianus	Cabreramops aequatorianus	Cabreramops aequatorianus	Cabreramops aequatorianus
https://linker.bio/line:hash://sha256/8b20b8ebd7b5bd963ba9f45ca371e7167e7d48b61e72aa14471a3e496be15a50!/L1,L108.tsv	Cardioderma cor	Cardioderma cor	Cardioderma cor	Cardioderma cor	Cardioderma cor	Cardioderma cor	Cardioderma cor	Cardioderma cor	Cardioderma cor	Cardioderma cor	Cardioderma cor	Cardioderma cor	Cardioderma cor	Cardioderma cor	Cardioderma cor
https://linker.bio/line:hash://sha256/8b20b8ebd7b5bd963ba9f45ca371e7167e7d48b61e72aa14471a3e496be15a50!/L1,L109.tsv	N/A	N/A	N/A	N/A	N/A	N/A	Carollia benkeithi	Carollia benkeithi	Carollia benkeithi	Carollia benkeithi	Carollia benkeithi	Carollia benkeithi	Carollia benkeithi	Carollia benkeithi	Carollia benkeithi
https://linker.bio/line:hash://sha256/8b20b8ebd7b5bd963ba9f45ca371e7167e7d48b61e72aa14471a3e496be15a50!/L1,L110.tsv	Carollia brevicauda	Carollia brevicauda	Carollia brevicauda	Carollia brevicauda	Carollia brevicauda	Carollia brevicauda	Carollia brevicaudum	Carollia brevicauda	Carollia brevicaudum	Carollia brevicauda	Carollia brevicauda	Carollia brevicauda	Carollia brevicauda	Carollia brevicauda	Carollia brevicauda
https://linker.bio/line:hash://sha256/8b20b8ebd7b5bd963ba9f45ca371e7167e7d48b61e72aa14471a3e496be15a50!/L1,L111.tsv	N/A	N/A	N/A	N/A	N/A	Carollia colombiana	Carollia brevicaudum [synonym of]	Carollia brevicaudum [synonym of]	Carollia brevicaudum colombiana	N/A	Carollia brevicauda brevicauda [synonym of]	Carollia brevicauda [synonym of]	Carollia brevicauda [synonym of]	 	Carollia brevicauda [synonym of]
https://linker.bio/line:hash://sha256/8b20b8ebd7b5bd963ba9f45ca371e7167e7d48b61e72aa14471a3e496be15a50!/L1,L112.tsv	Carollia castanea	Carollia castanea	Carollia castanea	Carollia castanea	Carollia castanea	Carollia castanea	Carollia castanea	Carollia castanea	Carollia castanea	Carollia castanea	Carollia castanea	Carollia castanea	Carollia castanea	Carollia castanea	Carollia castanea
https://linker.bio/line:hash://sha256/8b20b8ebd7b5bd963ba9f45ca371e7167e7d48b61e72aa14471a3e496be15a50!/L1,L113.tsv	N/A	N/A	N/A	N/A	N/A	N/A	Carollia manu	Carollia manu	Carollia manu	Carollia manu	Carollia manu	Carollia manu	Carollia manu	Carollia manu	Carollia manu
https://linker.bio/line:hash://sha256/8b20b8ebd7b5bd963ba9f45ca371e7167e7d48b61e72aa14471a3e496be15a50!/L1,L114.tsv	N/A	N/A	N/A	N/A	N/A	N/A	Carollia monohernandezi	Carollia monohernandezi	Carollia monohernandezi	Carollia monohernandezi	Carollia monohernandezi	Carollia monohernandezi	Carollia monohernandezi	Carollia monohernandezi	Carollia monohernandezi
https://linker.bio/line:hash://sha256/8b20b8ebd7b5bd963ba9f45ca371e7167e7d48b61e72aa14471a3e496be15a50!/L1,L115.tsv	Carollia perspicillata	Carollia perspicillata	Carollia perspicillata	Carollia perspicillata	Carollia perspicillata	Carollia perspicillata	Carollia perspicillata	Carollia perspicillata	Carollia perspicillata	Carollia perspicillata	Carollia perspicillata	Carollia perspicillata	Carollia perspicillata	Carollia perspicillata	Carollia perspicillata
https://linker.bio/line:hash://sha256/8b20b8ebd7b5bd963ba9f45ca371e7167e7d48b61e72aa14471a3e496be15a50!/L1,L116.tsv	N/A	N/A	N/A	N/A	N/A	Carollia sowelli	Carollia sowelli	Carollia sowelli	Carollia sowelli	Carollia sowelli	Carollia sowelli	Carollia sowelli	Carollia sowelli	Carollia sowelli	Carollia sowelli
https://linker.bio/line:hash://sha256/8b20b8ebd7b5bd963ba9f45ca371e7167e7d48b61e72aa14471a3e496be15a50!/L1,L117.tsv	Carollia subrufa	Carollia subrufa	Carollia subrufa	Carollia subrufa	Carollia subrufa	Carollia subrufa	Carollia subrufa	Carollia subrufa	Carollia subrufa	Carollia subrufa	Carollia subrufa	Carollia subrufa	Carollia subrufa	Carollia subrufa	Carollia subrufa
https://linker.bio/line:hash://sha256/8b20b8ebd7b5bd963ba9f45ca371e7167e7d48b61e72aa14471a3e496be15a50!/L1,L118.tsv	Casinycteris argynnis	Casinycteris argynnis	Casinycteris argynnis	Casinycteris argynnis	Casinycteris argynnis	Casinycteris argynnis	Casinycteris argynnis	Casinycteris argynnis	Casinycteris argynnis	Casinycteris argynnis	Casinycteris argynnis	Casinycteris argynnis	Casinycteris argynnis	Casinycteris argynnis	Casinycteris argynnis
https://linker.bio/line:hash://sha256/8b20b8ebd7b5bd963ba9f45ca371e7167e7d48b61e72aa14471a3e496be15a50!/L1,L119.tsv	N/A	N/A	N/A	N/A	N/A	N/A	Casinycteris campomaanensis	Casinycteris campomaanensis	Casinycteris campomaanensis	Casinycteris campomaanensis	Casinycteris campomaanensis	Casinycteris campomaanensis	Casinycteris campomaanensis	Casinycteris campomaanensis	Casinycteris campomaanensis
https://linker.bio/line:hash://sha256/8b20b8ebd7b5bd963ba9f45ca371e7167e7d48b61e72aa14471a3e496be15a50!/L1,L120.tsv	Scotonycteris ophiodon	Scotonycteris ophiodon	Scotonycteris ophiodon	Scotonycteris ophiodon	Scotonycteris ophiodon	Scotonycteris ophiodon	Casinycteris ophiodon	Casinycteris ophiodon	Casinycteris ophiodon	N/A	Casinycteris ophiodon	Casinycteris ophiodon	Casinycteris ophiodon	Casinycteris ophiodon	Casinycteris ophiodon
https://linker.bio/line:hash://sha256/8b20b8ebd7b5bd963ba9f45ca371e7167e7d48b61e72aa14471a3e496be15a50!/L1,L121.tsv	Eptesicus demissus	Eptesicus demissus	Eptesicus demissus	Eptesicus demissus	Eptesicus demissus	Eptesicus dimissus	Cassistrellus dimissus	Cassistrellus dimissus	Cassistrellus dimissus	Eptesicus dimissus	Cassistrellus dimissus	Cassistrellus dimissus	Cassistrellus dimissus	Cassistrellus dimissus	Cassistrellus dimissus
https://linker.bio/line:hash://sha256/8b20b8ebd7b5bd963ba9f45ca371e7167e7d48b61e72aa14471a3e496be15a50!/L1,L122.tsv	N/A	N/A	N/A	N/A	N/A	N/A	Cassistrellus yokdonensis	Cassistrellus yokdonensis	Cassistrellus yokdonensis	N/A	Cassistrellus yokdonensis	Cassistrellus yokdonensis	Cassistrellus yokdonensis	Cassistrellus yokdonensis	Cassistrellus yokdonensis
https://linker.bio/line:hash://sha256/8b20b8ebd7b5bd963ba9f45ca371e7167e7d48b61e72aa14471a3e496be15a50!/L1,L123.tsv	N/A	N/A	N/A	Centronycteris maximiliani [synonym of]	Centronycteris maximiliani centralis	Centronycteris centralis	Centronycteris centralis	Centronycteris centralis	Centronycteris centralis	Centronycteris centralis	Centronycteris centralis	Centronycteris centralis	Centronycteris centralis	Centronycteris centralis	Centronycteris centralis
https://linker.bio/line:hash://sha256/8b20b8ebd7b5bd963ba9f45ca371e7167e7d48b61e72aa14471a3e496be15a50!/L1,L124.tsv	Centronycteris maximiliani	Centronycteris maximiliani	Centronycteris maximiliani	Centronycteris maximiliani	Centronycteris maximiliani	Centronycteris maximiliani	Centronycteris maximiliani	Centronycteris maximiliani	Centronycteris maximiliani	Centronycteris maximiliani	Centronycteris maximiliani	Centronycteris maximiliani	Centronycteris maximiliani	Centronycteris maximiliani	Centronycteris maximiliani
https://linker.bio/line:hash://sha256/8b20b8ebd7b5bd963ba9f45ca371e7167e7d48b61e72aa14471a3e496be15a50!/L1,L125.tsv	Centurio senex	Centurio senex	Centurio senex	Centurio senex	Centurio senex	Centurio senex	Centurio senex	Centurio senex	Centurio senex	Centurio senex	Centurio senex	Centurio senex	Centurio senex	Centurio senex	Centurio senex
https://linker.bio/line:hash://sha256/8b20b8ebd7b5bd963ba9f45ca371e7167e7d48b61e72aa14471a3e496be15a50!/L1,L126.tsv	Chalinolobus dwyeri	Chalinolobus dwyeri	Chalinolobus dwyeri	Chalinolobus dwyeri	Chalinolobus dwyeri	Chalinolobus dwyeri	Chalinolobus dwyeri	Chalinolobus dwyeri	Chalinolobus dwyeri	Chalinolobus dwyeri	Chalinolobus dwyeri	Chalinolobus dwyeri	Chalinolobus dwyeri	Chalinolobus dwyeri	Chalinolobus dwyeri
https://linker.bio/line:hash://sha256/8b20b8ebd7b5bd963ba9f45ca371e7167e7d48b61e72aa14471a3e496be15a50!/L1,L127.tsv	Chalinolobus gouldi	Chalinolobus gouldii	Chalinolobus gouldii	Chalinolobus gouldii	Chalinolobus gouldii	Chalinolobus gouldii	Chalinolobus gouldii	Chalinolobus gouldii	Chalinolobus gouldii	Chalinolobus gouldii	Chalinolobus gouldii	Chalinolobus gouldii	Chalinolobus gouldii	Chalinolobus gouldii	Chalinolobus gouldii
https://linker.bio/line:hash://sha256/8b20b8ebd7b5bd963ba9f45ca371e7167e7d48b61e72aa14471a3e496be15a50!/L1,L128.tsv	Chalinolobus morio	Chalinolobus morio	Chalinolobus morio	Chalinolobus morio	Chalinolobus morio	Chalinolobus morio	Chalinolobus morio	Chalinolobus morio	Chalinolobus morio	Chalinolobus morio	Chalinolobus morio	Chalinolobus morio	Chalinolobus morio	Chalinolobus morio	Chalinolobus morio
https://linker.bio/line:hash://sha256/8b20b8ebd7b5bd963ba9f45ca371e7167e7d48b61e72aa14471a3e496be15a50!/L1,L129.tsv	N/A	Chalinolobus gouldii [synonym of]	Chalinolobus gouldii [synonym of]	Chalinolobus gouldii [synonym of]	Chalinolobus gouldii neocaledonicus	Chalinolobus neocaledonicus	Chalinolobus neocaledonicus	Chalinolobus neocaledonicus	Chalinolobus neocaledonicus	Chalinolobus neocaledonicus	Chalinolobus neocaledonicus	Chalinolobus neocaledonicus	Chalinolobus neocaledonicus	Chalinolobus neocaledonicus	Chalinolobus neocaledonicus
https://linker.bio/line:hash://sha256/8b20b8ebd7b5bd963ba9f45ca371e7167e7d48b61e72aa14471a3e496be15a50!/L1,L130.tsv	Chalinolobus nigrogriseus	Chalinolobus nigrogriseus	Chalinolobus nigrogriseus	Chalinolobus nigrogriseus	Chalinolobus nigrogriseus	Chalinolobus nigrogriseus	Chalinolobus nigrogriseus	Chalinolobus nigrogriseus	Chalinolobus nigrogriseus	Chalinolobus nigrogriseus	Chalinolobus nigrogriseus	Chalinolobus nigrogriseus	Chalinolobus nigrogriseus	Chalinolobus nigrogriseus	Chalinolobus nigrogriseus
https://linker.bio/line:hash://sha256/8b20b8ebd7b5bd963ba9f45ca371e7167e7d48b61e72aa14471a3e496be15a50!/L1,L131.tsv	N/A	N/A	N/A	N/A	N/A	N/A	N/A	N/A	N/A	N/A	N/A	N/A	Chalinolobus orarius	Chalinolobus orarius	Chalinolobus orarius
https://linker.bio/line:hash://sha256/8b20b8ebd7b5bd963ba9f45ca371e7167e7d48b61e72aa14471a3e496be15a50!/L1,L132.tsv	Chalinolobus picatus	Chalinolobus picatus	Chalinolobus picatus	Chalinolobus picatus	Chalinolobus picatus	Chalinolobus picatus	Chalinolobus picatus	Chalinolobus picatus	Chalinolobus picatus	Chalinolobus picatus	Chalinolobus picatus	Chalinolobus picatus	Chalinolobus picatus	Chalinolobus picatus	Chalinolobus picatus
https://linker.bio/line:hash://sha256/8b20b8ebd7b5bd963ba9f45ca371e7167e7d48b61e72aa14471a3e496be15a50!/L1,L133.tsv	Chalinolobus tuberculatus	Chalinolobus tuberculatus	Chalinolobus tuberculatus	Chalinolobus tuberculatus	Chalinolobus tuberculatus	Chalinolobus tuberculatus	Chalinolobus tuberculatus	Chalinolobus tuberculatus	Chalinolobus tuberculatus	Chalinolobus tuberculatus	Chalinolobus tuberculatus	Chalinolobus tuberculatus	Chalinolobus tuberculatus	Chalinolobus tuberculatus	Chalinolobus tuberculatus
https://linker.bio/line:hash://sha256/8b20b8ebd7b5bd963ba9f45ca371e7167e7d48b61e72aa14471a3e496be15a50!/L1,L134.tsv	Cheiromeles parvidens	Cheiromeles parvidens	Cheiromeles parvidens	Cheiromeles torquatus [synonym of]	Cheiromeles torquatus [synonym of]	Cheiromeles parvidens	Cheiromeles parvidens	Cheiromeles parvidens	Cheiromeles parvidens	Cheiromeles parvidens	Cheiromeles parvidens	Cheiromeles parvidens	Cheiromeles parvidens	Cheiromeles parvidens	Cheiromeles parvidens
https://linker.bio/line:hash://sha256/8b20b8ebd7b5bd963ba9f45ca371e7167e7d48b61e72aa14471a3e496be15a50!/L1,L135.tsv	Cheiromeles torquatus	Cheiromeles torquatus	Cheiromeles torquatus	Cheiromeles torquatus	Cheiromeles torquatus	Cheiromeles torquatus	Cheiromeles torquatus	Cheiromeles torquatus	Cheiromeles torquatus	Cheiromeles torquatus	Cheiromeles torquatus	Cheiromeles torquatus	Cheiromeles torquatus	Cheiromeles torquatus	Cheiromeles torquatus
https://linker.bio/line:hash://sha256/8b20b8ebd7b5bd963ba9f45ca371e7167e7d48b61e72aa14471a3e496be15a50!/L1,L136.tsv	Natalus macer	Natalus micropus [synonym of]	Natalus micropus [synonym of]	Natalus micropus [synonym of]	Natalus micropus macer	Chilonatalus micropus macer	Chilonatalus macer	Chilonatalus macer	Chilonatalus macer	Chilonatalus macer	Chilonatalus macer	Chilonatalus macer	Chilonatalus macer	Chilonatalus macer	Chilonatalus macer
https://linker.bio/line:hash://sha256/8b20b8ebd7b5bd963ba9f45ca371e7167e7d48b61e72aa14471a3e496be15a50!/L1,L137.tsv	Natalus micropus	Natalus micropus	Natalus micropus	Natalus micropus	Natalus micropus	Chilonatalus micropus	Chilonatalus micropus	Chilonatalus micropus	Chilonatalus micropus	Chilonatalus micropus	Chilonatalus micropus	Chilonatalus micropus	Chilonatalus micropus	Chilonatalus micropus	Chilonatalus micropus
https://linker.bio/line:hash://sha256/8b20b8ebd7b5bd963ba9f45ca371e7167e7d48b61e72aa14471a3e496be15a50!/L1,L138.tsv	Natalus brevimanus	Natalus micropus [synonym of]	Natalus micropus [synonym of]	Natalus micropus [synonym of]	N/A	Chilonatalus micropus brevimanus	N/A	Chilonatalus micropus brevimanus	Chilonatalus micropus [synonym of]	N/A	Chilonatalus micropus brevimanus	Chilonatalus micropus [synonym of]	Chilonatalus micropus [synonym of]	 	Chilonatalus micropus [synonym of]
https://linker.bio/line:hash://sha256/8b20b8ebd7b5bd963ba9f45ca371e7167e7d48b61e72aa14471a3e496be15a50!/L1,L139.tsv	Natalus tumidifrons	Natalus micropus [synonym of]	Natalus tumidifrons	Natalus tumidifrons	Natalus tumidifrons	Chilonatalus tumidifrons	Chilonatalus tumidifrons	Chilonatalus tumidifrons	Chilonatalus tumidifrons	Chilonatalus tumidifrons	Chilonatalus tumidifrons	Chilonatalus tumidifrons	Chilonatalus tumidifrons	Chilonatalus tumidifrons	Chilonatalus tumidifrons
https://linker.bio/line:hash://sha256/8b20b8ebd7b5bd963ba9f45ca371e7167e7d48b61e72aa14471a3e496be15a50!/L1,L140.tsv	Chiroderma doriae	Chiroderma doriae	Chiroderma doriae	Chiroderma doriae	Chiroderma doriae	Chiroderma doriae	Chiroderma doriae	Chiroderma doriae	Chiroderma doriae	Chiroderma doriae	Chiroderma doriae	Chiroderma doriae	Chiroderma doriae	Chiroderma doriae	Chiroderma doriae
https://linker.bio/line:hash://sha256/8b20b8ebd7b5bd963ba9f45ca371e7167e7d48b61e72aa14471a3e496be15a50!/L1,L141.tsv	N/A	N/A	N/A	N/A	N/A	N/A	Chiroderma vizottoi	Chiroderma doriae [synonym of]	Chiroderma doriae [synonym of]	Chiroderma vizottoi	Chiroderma doriae [synonym of]	Chiroderma doriae [synonym of]	Chiroderma doriae [synonym of]	 	Chiroderma doriae [synonym of]
https://linker.bio/line:hash://sha256/8b20b8ebd7b5bd963ba9f45ca371e7167e7d48b61e72aa14471a3e496be15a50!/L1,L142.tsv	N/A	Chiroderma trinitatum [synonym of]	N/A	N/A	N/A	Chiroderma trinitatum [synonym of]	Chiroderma trinitatus gorgasi	Chiroderma gorgasi	Chiroderma gorgasi	N/A	Chiroderma gorgasi	Chiroderma gorgasi	Chiroderma gorgasi	Chiroderma gorgasi	Chiroderma gorgasi
https://linker.bio/line:hash://sha256/8b20b8ebd7b5bd963ba9f45ca371e7167e7d48b61e72aa14471a3e496be15a50!/L1,L143.tsv	Chiroderma improvisum	Chiroderma improvisum	Chiroderma improvisum	Chiroderma improvisum	Chiroderma improvisum	Chiroderma improvisum	Chiroderma improvisum	Chiroderma improvisum	Chiroderma improvisum	Chiroderma improvisum	Chiroderma improvisum	Chiroderma improvisum	Chiroderma improvisum	Chiroderma improvisum	Chiroderma improvisum
https://linker.bio/line:hash://sha256/8b20b8ebd7b5bd963ba9f45ca371e7167e7d48b61e72aa14471a3e496be15a50!/L1,L144.tsv	Chiroderma salvini	Chiroderma salvini	Chiroderma salvini	Chiroderma salvini	Chiroderma salvini	Chiroderma salvini	Chiroderma salvini	Chiroderma salvini	Chiroderma salvini	Chiroderma salvini	Chiroderma salvini	Chiroderma salvini	Chiroderma salvini	Chiroderma salvini	Chiroderma salvini
https://linker.bio/line:hash://sha256/8b20b8ebd7b5bd963ba9f45ca371e7167e7d48b61e72aa14471a3e496be15a50!/L1,L145.tsv	N/A	N/A	N/A	Chiroderma salvini [synonym of]	Chiroderma salvini scopaeum	Chiroderma salvini scopaeum	Chiroderma salvini scopaeum	Chiroderma scopaeum	Chiroderma scopaeum	N/A	Chiroderma scopaeum	Chiroderma scopaeum	Chiroderma scopaeum	Chiroderma scopaeum	Chiroderma scopaeum
https://linker.bio/line:hash://sha256/8b20b8ebd7b5bd963ba9f45ca371e7167e7d48b61e72aa14471a3e496be15a50!/L1,L146.tsv	Chiroderma trinitatum	Chiroderma trinitatum	Chiroderma trinitatum	Chiroderma trinitatum	Chiroderma trinitatum	Chiroderma trinitatum	Chiroderma trinitatum	Chiroderma trinitatum	Chiroderma trinitatum	Chiroderma trinitatum	Chiroderma trinitatum	Chiroderma trinitatum	Chiroderma trinitatum	Chiroderma trinitatum	Chiroderma trinitatum
https://linker.bio/line:hash://sha256/8b20b8ebd7b5bd963ba9f45ca371e7167e7d48b61e72aa14471a3e496be15a50!/L1,L147.tsv	Chiroderma villosum	Chiroderma villosum	Chiroderma villosum	Chiroderma villosum	Chiroderma villosum	Chiroderma villosum	Chiroderma villosum	Chiroderma villosum	Chiroderma villosum	Chiroderma villosum	Chiroderma villosum	Chiroderma villosum	Chiroderma villosum	Chiroderma villosum	Chiroderma villosum
https://linker.bio/line:hash://sha256/8b20b8ebd7b5bd963ba9f45ca371e7167e7d48b61e72aa14471a3e496be15a50!/L1,L148.tsv	Chironax melanocephalus	Chironax melanocephalus	Chironax melanocephalus	Chironax melanocephalus	Chironax melanocephalus	Chironax melanocephalus	Chironax melanocephalus	Chironax melanocephalus	Chironax melanocephalus	Chironax melanocephalus	Chironax melanocephalus	Chironax melanocephalus	Chironax melanocephalus	Chironax melanocephalus	Chironax melanocephalus
https://linker.bio/line:hash://sha256/8b20b8ebd7b5bd963ba9f45ca371e7167e7d48b61e72aa14471a3e496be15a50!/L1,L149.tsv	N/A	N/A	N/A	Chironax melanocephalus [synonym of]	N/A	Chironax melanocephalus tumulus	Chironax tumulus	Chironax melanocephalus tumulus	Chironax tumulus	N/A	Chironax tumulus	Chironax tumulus	Chironax tumulus	Chironax tumulus	Chironax tumulus
https://linker.bio/line:hash://sha256/8b20b8ebd7b5bd963ba9f45ca371e7167e7d48b61e72aa14471a3e496be15a50!/L1,L150.tsv	Choeroniscus godmani	Choeroniscus godmani	Choeroniscus godmani	Choeroniscus godmani	Choeroniscus godmani	Choeroniscus godmani	Choeroniscus godmani	Choeroniscus godmani	Choeroniscus godmani	Choeroniscus godmani	Choeroniscus godmani	Choeroniscus godmani	Choeroniscus godmani	Choeroniscus godmani	Choeroniscus godmani
https://linker.bio/line:hash://sha256/8b20b8ebd7b5bd963ba9f45ca371e7167e7d48b61e72aa14471a3e496be15a50!/L1,L151.tsv	Choeroniscus minor	Choeroniscus minor	Choeroniscus minor	Choeroniscus minor	Choeroniscus minor	Choeroniscus minor	Choeroniscus minor	Choeroniscus minor	Choeroniscus minor	Choeroniscus minor	Choeroniscus minor	Choeroniscus minor	Choeroniscus minor	Choeroniscus minor	Choeroniscus minor
https://linker.bio/line:hash://sha256/8b20b8ebd7b5bd963ba9f45ca371e7167e7d48b61e72aa14471a3e496be15a50!/L1,L152.tsv	Choeroniscus intermedius	Choeroniscus intermedius	Choeroniscus intermedius	N/A	Choeroniscus intermedius	Choeroniscus minor [synonym of]	Choeroniscus minor [synonym of]	Choeroniscus minor minor [synonym of]	Choeroniscus minor [synonym of]	Choeroniscus minor [synonym of]	Choeroniscus minor minor [synonym of]	Choeroniscus minor [synonym of]	Choeroniscus minor [synonym of]	 	Choeroniscus minor [synonym of]
https://linker.bio/line:hash://sha256/8b20b8ebd7b5bd963ba9f45ca371e7167e7d48b61e72aa14471a3e496be15a50!/L1,L153.tsv	Choeroniscus periosus	Choeroniscus periosus	Choeroniscus periosus	Choeroniscus periosus	Choeroniscus periosus	Choeroniscus periosus	Choeroniscus periosus	Choeroniscus periosus	Choeroniscus periosus	Choeroniscus periosus	Choeroniscus periosus	Choeroniscus periosus	Choeroniscus periosus	Choeroniscus periosus	Choeroniscus periosus
https://linker.bio/line:hash://sha256/8b20b8ebd7b5bd963ba9f45ca371e7167e7d48b61e72aa14471a3e496be15a50!/L1,L154.tsv	Choeronycteris mexicana	Choeronycteris mexicana	Choeronycteris mexicana	Choeronycteris mexicana	Choeronycteris mexicana	Choeronycteris mexicana	Choeronycteris mexicana	Choeronycteris mexicana	Choeronycteris mexicana	Choeronycteris mexicana	Choeronycteris mexicana	Choeronycteris mexicana	Choeronycteris mexicana	Choeronycteris mexicana	Choeronycteris mexicana
https://linker.bio/line:hash://sha256/8b20b8ebd7b5bd963ba9f45ca371e7167e7d48b61e72aa14471a3e496be15a50!/L1,L155.tsv	Chrotopterus auritus	Chrotopterus auritus	Chrotopterus auritus	Chrotopterus auritus	Chrotopterus auritus	Chrotopterus auritus	Chrotopterus auritus	Chrotopterus auritus	Chrotopterus auritus	Chrotopterus auritus	Chrotopterus auritus	Chrotopterus auritus	Chrotopterus auritus	Chrotopterus auritus	Chrotopterus auritus
https://linker.bio/line:hash://sha256/8b20b8ebd7b5bd963ba9f45ca371e7167e7d48b61e72aa14471a3e496be15a50!/L1,L156.tsv	Myotis seabrai [synonym of]	Myotis lesueuri	Myotis leseuri	Myotis lesueuri	Myotis lesueuri	Cistugo lesueuri	Cistugo lesueuri	Cistugo lesueuri	Cistugo lesueuri	Cistugo lesueuri	Cistugo lesueuri	Cistugo lesueuri	Cistugo lesueuri	Cistugo lesueuri	Cistugo lesueuri
https://linker.bio/line:hash://sha256/8b20b8ebd7b5bd963ba9f45ca371e7167e7d48b61e72aa14471a3e496be15a50!/L1,L157.tsv	Myotis seabrai	Myotis seabrai	Myotis seabrai	Myotis seabrai	Myotis seabrai	Cistugo seabrae	Cistugo seabrae	Cistugo seabrae	Cistugo seabrae	Cistugo seabrae	Cistugo seabrae	Cistugo seabrae	Cistugo seabrae	Cistugo seabrae	Cistugo seabrae
https://linker.bio/line:hash://sha256/8b20b8ebd7b5bd963ba9f45ca371e7167e7d48b61e72aa14471a3e496be15a50!/L1,L158.tsv	Cloeotis percivali	Cloeotis percivali	Cloeotis percivali	Cloeotis percivali	Cloeotis percivali	Cloeotis percivali	Cloeotis percivali	Cloeotis percivali	Cloeotis percivali	Cloeotis percivali	Cloeotis percivali	Cloeotis percivali	Cloeotis percivali	Cloeotis percivali	Cloeotis percivali
https://linker.bio/line:hash://sha256/8b20b8ebd7b5bd963ba9f45ca371e7167e7d48b61e72aa14471a3e496be15a50!/L1,L159.tsv	N/A	Eptesicus bottae [synonym of]	N/A	Eptesicus bottae [synonym of]	Eptesicus bottae anatolicus	Eptesicus bottae anatolicus	Eptesicus anatolicus	Eptesicus anatolicus	Eptesicus anatolicus	Eptesicus anatolicus	Eptesicus anatolicus	Eptesicus anatolicus	Cnephaeus anatolicus	Cnephaeus anatolicus	Cnephaeus anatolicus
https://linker.bio/line:hash://sha256/8b20b8ebd7b5bd963ba9f45ca371e7167e7d48b61e72aa14471a3e496be15a50!/L1,L160.tsv	Eptesicus bottae	Eptesicus bottae	Eptesicus bottae	Eptesicus bottae	Eptesicus bottae	Eptesicus bottae	Eptesicus bottae	Eptesicus bottae	Eptesicus bottae	Eptesicus bottae	Eptesicus bottae	Eptesicus bottae	Cnephaeus bottae	Cnephaeus bottae	Cnephaeus bottae
https://linker.bio/line:hash://sha256/8b20b8ebd7b5bd963ba9f45ca371e7167e7d48b61e72aa14471a3e496be15a50!/L1,L161.tsv	Eptesicus floweri	Eptesicus floweri	Eptesicus floweri	Eptesicus floweri	Eptesicus floweri	Eptesicus floweri	Eptesicus floweri	Eptesicus floweri	Eptesicus floweri	Eptesicus floweri	Eptesicus floweri	Eptesicus floweri	Cnephaeus floweri	Cnephaeus floweri	Cnephaeus floweri
https://linker.bio/line:hash://sha256/8b20b8ebd7b5bd963ba9f45ca371e7167e7d48b61e72aa14471a3e496be15a50!/L1,L162.tsv	N/A	N/A	Eptesicus gobiensis	Eptesicus nilssoni [synonym of]	Eptesicus nilssoni gobiensis	Eptesicus gobiensis	Eptesicus gobiensis	Eptesicus gobiensis	Eptesicus gobiensis	Eptesicus gobiensis	Eptesicus gobiensis	Eptesicus gobiensis	Cnephaeus gobiensis	Cnephaeus gobiensis	Cnephaeus gobiensis
https://linker.bio/line:hash://sha256/8b20b8ebd7b5bd963ba9f45ca371e7167e7d48b61e72aa14471a3e496be15a50!/L1,L163.tsv	Eptesicus bobrinskoi	Eptesicus bobrinskoi	Eptesicus bobrinskoi	N/A	Eptesicus bobrinskoi	N/A	Cnephaeus gobiensis bobrinskoi	N/A	Cnephaeus gobiensis [synonym of]	Cnephaeus gobiensis bobrinskoi	N/A	N/A	Cnephaeus gobiensis [synonym of]	 	Cnephaeus gobiensis bobrinskoi
https://linker.bio/line:hash://sha256/8b20b8ebd7b5bd963ba9f45ca371e7167e7d48b61e72aa14471a3e496be15a50!/L1,L164.tsv	N/A	N/A	N/A	N/A	N/A	Eptesicus bobrinskoi	Eptesicus gobiensis bobrinskoi	N/A	Eptesicus gobiensis [synonym of]	Eptesicus bobrinskoi	Eptesicus gobiensis bobrinskoi	Eptesicus gobiensis [synonym of]	Eptesicus gobiensis [synonym of]	 	Cnephaeus gobiensis bobrinskoi
https://linker.bio/line:hash://sha256/8b20b8ebd7b5bd963ba9f45ca371e7167e7d48b61e72aa14471a3e496be15a50!/L1,L165.tsv	Eptesicus hottentotus	Eptesicus hottentotus	Eptesicus hottentotus	Eptesicus hottentotus	Eptesicus hottentotus	Eptesicus hottentotus	Eptesicus hottentotus	Eptesicus hottentotus	Eptesicus hottentotus	Eptesicus hottentotus	Eptesicus hottentotus	Eptesicus hottentotus	Cnephaeus hottentotus	Cnephaeus hottentotus	Cnephaeus hottentotus
https://linker.bio/line:hash://sha256/8b20b8ebd7b5bd963ba9f45ca371e7167e7d48b61e72aa14471a3e496be15a50!/L1,L166.tsv	N/A	N/A	N/A	Eptesicus serotinus [synonym of]	Eptesicus serotinus isabellinus	Eptesicus serotinus isabellinus	Eptesicus isabellinus	Eptesicus isabellinus	Eptesicus isabellinus	Eptesicus isabellinus	Eptesicus isabellinus	Eptesicus isabellinus	Cnephaeus isabellinus	Cnephaeus isabellinus	Cnephaeus isabellinus
https://linker.bio/line:hash://sha256/8b20b8ebd7b5bd963ba9f45ca371e7167e7d48b61e72aa14471a3e496be15a50!/L1,L167.tsv	N/A	Eptesicus nilssoni [synonym of]	N/A	Eptesicus nilssoni [synonym of]	Eptesicus nilssoni japonensis	Eptesicus japonensis	Eptesicus japonensis	Eptesicus japonensis	Eptesicus japonensis	Eptesicus japonensis	Eptesicus japonensis	Eptesicus japonensis	Cnephaeus japonensis	Cnephaeus japonensis	Cnephaeus japonensis
https://linker.bio/line:hash://sha256/8b20b8ebd7b5bd963ba9f45ca371e7167e7d48b61e72aa14471a3e496be15a50!/L1,L168.tsv	N/A	Eptesicus kobayashii	Eptesicus kobayashii	Eptesicus kobayashii	Eptesicus kobayashii	Eptesicus kobayashii	Eptesicus pachyomus pallens [synonym of]	Eptesicus kobayashii	Eptesicus serotinus [synonym of]	Eptesicus kobayashii	Eptesicus kobayashii	Eptesicus kobayashii	Cnephaeus kobayashii	Cnephaeus kobayashii	Cnephaeus kobayashii
https://linker.bio/line:hash://sha256/8b20b8ebd7b5bd963ba9f45ca371e7167e7d48b61e72aa14471a3e496be15a50!/L1,L169.tsv	Eptesicus nilssoni	Eptesicus nilssoni	Eptesicus nilssonii	Eptesicus nilssoni	Eptesicus nilssoni	Eptesicus nilssonii	Eptesicus nilssonii	Eptesicus nilssonii	Eptesicus nilssonii	Eptesicus nilssonii	Eptesicus nilssonii	Eptesicus nilssonii	Cnephaeus nilssonii	Cnephaeus nilssonii	Cnephaeus nilssonii
https://linker.bio/line:hash://sha256/8b20b8ebd7b5bd963ba9f45ca371e7167e7d48b61e72aa14471a3e496be15a50!/L1,L170.tsv	N/A	Eptesicus bottae [synonym of]	N/A	Eptesicus bottae [synonym of]	Eptesicus bottae ognevi	Eptesicus bottae ognevi	Eptesicus ognevi	Eptesicus ognevi	Eptesicus ognevi	Eptesicus ognevi	Eptesicus ognevi	Eptesicus ognevi	Cnephaeus ognevi	Cnephaeus ognevi	Cnephaeus ognevi
https://linker.bio/line:hash://sha256/8b20b8ebd7b5bd963ba9f45ca371e7167e7d48b61e72aa14471a3e496be15a50!/L1,L171.tsv	N/A	N/A	N/A	Eptesicus serotinus [synonym of]	Eptesicus serotinus pachyomus	Eptesicus serotinus pachyomus	Eptesicus pachyomus	Eptesicus pachyomus	Eptesicus pachyomus	Eptesicus pachyomus	Eptesicus pachyomus	Eptesicus pachyomus	Cnephaeus pachyomus	Cnephaeus pachyomus	Cnephaeus pachyomus
https://linker.bio/line:hash://sha256/8b20b8ebd7b5bd963ba9f45ca371e7167e7d48b61e72aa14471a3e496be15a50!/L1,L172.tsv	Eptesicus pachyotis	Eptesicus pachyotis	Eptesicus pachyotis	Eptesicus pachyotis	Eptesicus pachyotis	Eptesicus pachyotis	Eptesicus pachyotis	Eptesicus pachyotis	Eptesicus pachyotis	Eptesicus pachyotis	Eptesicus pachyotis	Eptesicus pachyotis	Cnephaeus pachyotis	Cnephaeus pachyotis	Cnephaeus pachyotis
https://linker.bio/line:hash://sha256/8b20b8ebd7b5bd963ba9f45ca371e7167e7d48b61e72aa14471a3e496be15a50!/L1,L173.tsv	Eptesicus platyops	Eptesicus platyops	Eptesicus platyops	Eptesicus platyops	Cnephaeus serotinus platyops	Eptesicus platyops	Eptesicus platyops	Eptesicus platyops	Eptesicus platyops	Eptesicus platyops	Eptesicus platyops	Eptesicus platyops	Cnephaeus platyops	Cnephaeus platyops	Cnephaeus platyops
https://linker.bio/line:hash://sha256/8b20b8ebd7b5bd963ba9f45ca371e7167e7d48b61e72aa14471a3e496be15a50!/L1,L174.tsv	Eptesicus serotinus	Eptesicus serotinus	Eptesicus serotinus	Eptesicus serotinus	Eptesicus serotinus	Eptesicus serotinus	Eptesicus serotinus	Eptesicus serotinus	Eptesicus serotinus	Eptesicus serotinus	Eptesicus serotinus	Eptesicus serotinus	Cnephaeus serotinus	Cnephaeus serotinus	Cnephaeus serotinus
https://linker.bio/line:hash://sha256/8b20b8ebd7b5bd963ba9f45ca371e7167e7d48b61e72aa14471a3e496be15a50!/L1,L175.tsv	N/A	Eptesicus tatei	Eptesicus tatei	Eptesicus tatei	Eptesicus tatei	Eptesicus tatei	Eptesicus tatei	Eptesicus tatei	Eptesicus tatei	Eptesicus tatei	Eptesicus tatei	Eptesicus tatei	Cnephaeus tatei	Cnephaeus tatei	Cnephaeus tatei
https://linker.bio/line:hash://sha256/8b20b8ebd7b5bd963ba9f45ca371e7167e7d48b61e72aa14471a3e496be15a50!/L1,L176.tsv	Coelops frithi	Coelops frithi	Coelops frithii	Coelops frithi	Coelops frithi	Coelops frithii	Coelops frithii	Coelops frithii	Coelops frithii	Coelops frithii	Coelops frithii	Coelops frithii	Coelops frithii	Coelops frithii	Coelops frithii
https://linker.bio/line:hash://sha256/8b20b8ebd7b5bd963ba9f45ca371e7167e7d48b61e72aa14471a3e496be15a50!/L1,L177.tsv	N/A	Coelops hirsutus	Coelops robinsoni [synonym of]	Coelops hirsutus	N/A	Coelops robinsoni hirsutus	Coelops robinsoni	Coelops robinsoni	Coelops hirsutus	Coelops robinsoni	Coelops hirsutus	Coelops hirsutus	Coelops hirsutus	Coelops hirsutus	Coelops hirsutus
https://linker.bio/line:hash://sha256/8b20b8ebd7b5bd963ba9f45ca371e7167e7d48b61e72aa14471a3e496be15a50!/L1,L178.tsv	Coelops robinsoni	Coelops robinsoni	Coelops robinsoni	Coelops robinsoni	Coelops robinsoni	Coelops robinsoni	Coelops robinsoni	Coelops robinsoni	Coelops robinsoni	Coelops robinsoni	Coelops robinsoni	Coelops robinsoni	Coelops robinsoni	Coelops robinsoni	Coelops robinsoni
https://linker.bio/line:hash://sha256/8b20b8ebd7b5bd963ba9f45ca371e7167e7d48b61e72aa14471a3e496be15a50!/L1,L179.tsv	Coleura afra	Coleura afra	Coleura afra	Coleura afra	Coleura afra	Coleura afra	Coleura afra	Coleura afra	Coleura afra	Coleura afra	Coleura afra	Coleura afra	Coleura afra	Coleura afra	Coleura afra
https://linker.bio/line:hash://sha256/8b20b8ebd7b5bd963ba9f45ca371e7167e7d48b61e72aa14471a3e496be15a50!/L1,L180.tsv	N/A	N/A	N/A	N/A	N/A	Coleura afra [synonym of]	Coleura afra [synonym of]	Coleura gallarum	Coleura gallarum	Coleura afra [synonym of]	Coleura gallarum	Coleura gallarum	Coleura gallarum	Coleura gallarum	Coleura gallarum
https://linker.bio/line:hash://sha256/8b20b8ebd7b5bd963ba9f45ca371e7167e7d48b61e72aa14471a3e496be15a50!/L1,L181.tsv	N/A	N/A	N/A	N/A	N/A	N/A	Coleura kibomalandy	Coleura kibomalandy	Coleura kibomalandy	Coleura kibomalandy	Coleura kibomalandy	Coleura kibomalandy	Coleura kibomalandy	Coleura kibomalandy	Coleura kibomalandy
https://linker.bio/line:hash://sha256/8b20b8ebd7b5bd963ba9f45ca371e7167e7d48b61e72aa14471a3e496be15a50!/L1,L182.tsv	Coleura seychellensis	Coleura seychellensis	Coleura seychellensis	Coleura seychellensis	Coleura seychellensis	Coleura seychellensis	Coleura seychellensis	Coleura seychellensis	Coleura seychellensis	Coleura seychellensis	Coleura seychellensis	Coleura seychellensis	Coleura seychellensis	Coleura seychellensis	Coleura seychellensis
https://linker.bio/line:hash://sha256/8b20b8ebd7b5bd963ba9f45ca371e7167e7d48b61e72aa14471a3e496be15a50!/L1,L183.tsv	Cormura brevirostris	Cormura brevirostris	Cormura brevirostris	Cormura brevirostris	Cormura brevirostris	Cormura brevirostris	Cormura brevirostris	Cormura brevirostris	Cormura brevirostris	Cormura brevirostris	Cormura brevirostris	Cormura brevirostris	Cormura brevirostris	Cormura brevirostris	Cormura brevirostris
https://linker.bio/line:hash://sha256/8b20b8ebd7b5bd963ba9f45ca371e7167e7d48b61e72aa14471a3e496be15a50!/L1,L184.tsv	N/A	N/A	N/A	N/A	N/A	N/A	N/A	N/A	N/A	N/A	N/A	N/A	Corynorhinus leonpaniaguae	Corynorhinus leonpaniaguae	Corynorhinus leonpaniaguae
https://linker.bio/line:hash://sha256/8b20b8ebd7b5bd963ba9f45ca371e7167e7d48b61e72aa14471a3e496be15a50!/L1,L185.tsv	Plecotus mexicanus	Plecotus mexicanus	Plecotus mexicanus	Plecotus mexicanus	Plecotus mexicanus	Corynorhinus mexicanus	Corynorhinus mexicanus	Corynorhinus mexicanus	Corynorhinus mexicanus	Corynorhinus mexicanus	Corynorhinus mexicanus	Corynorhinus mexicanus	Corynorhinus mexicanus	Corynorhinus mexicanus	Corynorhinus mexicanus
https://linker.bio/line:hash://sha256/8b20b8ebd7b5bd963ba9f45ca371e7167e7d48b61e72aa14471a3e496be15a50!/L1,L186.tsv	Plecotus rafinesquei	Plecotus rafinesquii	Plecotus rafinesquii	Plecotus rafinesquii	Plecotus rafinesquii	Corynorhinus rafinesquii	Corynorhinus rafinesquii	Corynorhinus rafinesquii	Corynorhinus rafinesquii	Corynorhinus rafinesquii	Corynorhinus rafinesquii	Corynorhinus rafinesquii	Corynorhinus rafinesquii	Corynorhinus rafinesquii	Corynorhinus rafinesquii
https://linker.bio/line:hash://sha256/8b20b8ebd7b5bd963ba9f45ca371e7167e7d48b61e72aa14471a3e496be15a50!/L1,L187.tsv	Plecotus townsendi	Plecotus townsendii	Plecotus townsendii	Plecotus townsendii	Plecotus townsendii	Corynorhinus townsendii	Corynorhinus townsendii	Corynorhinus townsendii	Corynorhinus townsendii	Corynorhinus townsendii	Corynorhinus townsendii	Corynorhinus townsendii	Corynorhinus townsendii	Corynorhinus townsendii	Corynorhinus townsendii
https://linker.bio/line:hash://sha256/8b20b8ebd7b5bd963ba9f45ca371e7167e7d48b61e72aa14471a3e496be15a50!/L1,L188.tsv	Craseonycteris thonglongyai	N/A	Craseonycteris thonglongyai	Craseonycteris thonglongyai	Craseonycteris thonglongyai	Craseonycteris thonglongyai	Craseonycteris thonglongyai	Craseonycteris thonglongyai	Craseonycteris thonglongyai	Craseonycteris thonglongyai	Craseonycteris thonglongyai	Craseonycteris thonglongyai	Craseonycteris thonglongyai	Craseonycteris thonglongyai	Craseonycteris thonglongyai
https://linker.bio/line:hash://sha256/8b20b8ebd7b5bd963ba9f45ca371e7167e7d48b61e72aa14471a3e496be15a50!/L1,L189.tsv	Molossops abrasus	Molossops abrasus	Molossops abrasus	Molossops abrasus	Molossops abrasus	Cynomops abrasus	Cynomops abrasus	Cynomops abrasus	Cynomops abrasus	Cynomops abrasus	Cynomops abrasus	Cynomops abrasus	Cynomops abrasus	Cynomops abrasus	Cynomops abrasus
https://linker.bio/line:hash://sha256/8b20b8ebd7b5bd963ba9f45ca371e7167e7d48b61e72aa14471a3e496be15a50!/L1,L190.tsv	Molossops brachymeles	Molossops abrasus [synonym of]	Molossops abrasus [synonym of]	Molossops abrasus [synonym of]	Molossops abrasus brachymeles	Cynomops abrasus brachymeles	N/A	Cynomops abrasus brachymeles	Cynomops abrasus [synonym of]	N/A	Cynomops abrasus brachymeles	Cynomops abrasus [synonym of]	Cynomops abrasus [synonym of]	 	Cynomops abrasus [synonym of]
https://linker.bio/line:hash://sha256/8b20b8ebd7b5bd963ba9f45ca371e7167e7d48b61e72aa14471a3e496be15a50!/L1,L191.tsv	N/A	N/A	N/A	N/A	N/A	N/A	Cynomops freemani	Cynomops freemani	Cynomops freemani	N/A	Cynomops freemani	Cynomops freemani	Cynomops freemani	Cynomops freemani	Cynomops freemani
https://linker.bio/line:hash://sha256/8b20b8ebd7b5bd963ba9f45ca371e7167e7d48b61e72aa14471a3e496be15a50!/L1,L192.tsv	Molossops greenhalli	Molossops greenhalli	Molossops greenhalli	Molossops greenhalli	Molossops greenhalli	Cynomops greenhalli	Cynomops greenhalli	Cynomops greenhalli	Cynomops greenhalli	Cynomops greenhalli	Cynomops greenhalli	Cynomops greenhalli	Cynomops greenhalli	Cynomops greenhalli	Cynomops greenhalli
https://linker.bio/line:hash://sha256/8b20b8ebd7b5bd963ba9f45ca371e7167e7d48b61e72aa14471a3e496be15a50!/L1,L193.tsv	N/A	N/A	N/A	N/A	N/A	N/A	N/A	Cynomops kuizha	Cynomops kuizha	N/A	Cynomops kuizha	Cynomops kuizha	Cynomops kuizha	Cynomops kuizha	Cynomops kuizha
https://linker.bio/line:hash://sha256/8b20b8ebd7b5bd963ba9f45ca371e7167e7d48b61e72aa14471a3e496be15a50!/L1,L194.tsv	N/A	N/A	N/A	Molossops abrasus [synonym of]	Molossops abrasus mastivus	Cynomops abrasus mastivus	Cynomops mastivus	Cynomops mastivus	Cynomops mastivus	N/A	Cynomops mastivus	Cynomops mastivus	Cynomops mastivus	Cynomops mastivus	Cynomops mastivus
https://linker.bio/line:hash://sha256/8b20b8ebd7b5bd963ba9f45ca371e7167e7d48b61e72aa14471a3e496be15a50!/L1,L195.tsv	N/A	N/A	N/A	Molossops greenhalli [synonym of]	Molossops greenhalli mexicanus	Cynomops mexicanus	Cynomops mexicanus	Cynomops mexicanus	Cynomops mexicanus	Cynomops mexicanus	Cynomops mexicanus	Cynomops mexicanus	Cynomops mexicanus	Cynomops mexicanus	Cynomops mexicanus
https://linker.bio/line:hash://sha256/8b20b8ebd7b5bd963ba9f45ca371e7167e7d48b61e72aa14471a3e496be15a50!/L1,L196.tsv	N/A	N/A	N/A	N/A	N/A	Cynomops paranus [synonym of]	Cynomops milleri	Cynomops milleri	Cynomops milleri	Cynomops milleri	Cynomops milleri	Cynomops milleri	Cynomops milleri	Cynomops milleri	Cynomops milleri
https://linker.bio/line:hash://sha256/8b20b8ebd7b5bd963ba9f45ca371e7167e7d48b61e72aa14471a3e496be15a50!/L1,L197.tsv	Molossops planirostris	Molossops planirostris	Molossops planirostris	Molossops planirostris	Molossops planirostris	Cynomops planirostris	Cynomops planirostris	Cynomops planirostris	Cynomops planirostris	Cynomops planirostris	Cynomops planirostris	Cynomops planirostris	Cynomops planirostris	Cynomops planirostris	Cynomops planirostris
https://linker.bio/line:hash://sha256/8b20b8ebd7b5bd963ba9f45ca371e7167e7d48b61e72aa14471a3e496be15a50!/L1,L198.tsv	Molossops paranus	Molossops planirostris [synonym of]	Molossops paranus	Molossops planirostris [synonym of]	N/A	Cynomops paranus	Cynomops planirostris [synonym of]	Cynomops planirostris planirostris [synonym of]	Cynomops planirostris [synonym of]	Cynomops paranus	Cynomops planirostris planirostris [synonym of]	Cynomops planirostris [synonym of]	Cynomops planirostris [synonym of]	 	Cynomops planirostris [synonym of]
https://linker.bio/line:hash://sha256/8b20b8ebd7b5bd963ba9f45ca371e7167e7d48b61e72aa14471a3e496be15a50!/L1,L199.tsv	N/A	N/A	N/A	N/A	N/A	N/A	Cynomops tonkigui	Cynomops tonkigui	Cynomops tonkigui	N/A	Cynomops tonkigui	Cynomops tonkigui	Cynomops tonkigui	Cynomops tonkigui	Cynomops tonkigui
https://linker.bio/line:hash://sha256/8b20b8ebd7b5bd963ba9f45ca371e7167e7d48b61e72aa14471a3e496be15a50!/L1,L200.tsv	Cynopterus brachyotis	Cynopterus brachyotis	Cynopterus brachyotis	Cynopterus brachyotis	Cynopterus brachyotis	Cynopterus brachyotis	Cynopterus brachyotis	Cynopterus brachyotis	Cynopterus brachyotis	Cynopterus brachyotis	Cynopterus brachyotis	Cynopterus brachyotis	Cynopterus brachyotis	Cynopterus brachyotis	Cynopterus brachyotis
https://linker.bio/line:hash://sha256/8b20b8ebd7b5bd963ba9f45ca371e7167e7d48b61e72aa14471a3e496be15a50!/L1,L201.tsv	Cynopterus minor	N/A	Cynopterus brachyotis [synonym of]	Cynopterus brachyotis [synonym of]	Cynopterus minor	Cynopterus brachyotis [synonym of]	N/A	Cynopterus brachyotis brachyotis [synonym of]	Cynopterus brachyotis [synonym of]	N/A	Cynopterus brachyotis brachyotis [synonym of]	Cynopterus brachyotis [synonym of]	Cynopterus brachyotis [synonym of]	 	Cynopterus brachyotis brachyotis [synonym of]
https://linker.bio/line:hash://sha256/8b20b8ebd7b5bd963ba9f45ca371e7167e7d48b61e72aa14471a3e496be15a50!/L1,L202.tsv	Cynopterus horsfieldi	Cynopterus horsfieldi	Cynopterus horsfieldii	Cynopterus horsfieldi	Cynopterus horsfieldi	Cynopterus horsfieldii	Cynopterus horsfieldii	Cynopterus horsfieldii	Cynopterus horsfieldii	Cynopterus horsfieldii	Cynopterus horsfieldii	Cynopterus horsfieldii	Cynopterus horsfieldii	Cynopterus horsfieldii	Cynopterus horsfieldii
https://linker.bio/line:hash://sha256/8b20b8ebd7b5bd963ba9f45ca371e7167e7d48b61e72aa14471a3e496be15a50!/L1,L203.tsv	N/A	N/A	N/A	N/A	Cynopterus brachyotis [synonym of]	Cynopterus luzoniensis	Cynopterus luzoniensis	Cynopterus luzoniensis	Cynopterus luzoniensis	Cynopterus luzoniensis	Cynopterus luzoniensis	Cynopterus luzoniensis	Cynopterus luzoniensis	Cynopterus luzoniensis	Cynopterus luzoniensis
https://linker.bio/line:hash://sha256/8b20b8ebd7b5bd963ba9f45ca371e7167e7d48b61e72aa14471a3e496be15a50!/L1,L204.tsv	Cynopterus archipelagus	Cynopterus archipelagus	Cynopterus archipelagus	Cynopterus brachyotis [synonym of]	N/A	Cynopterus luzoniensis [synonym of]	N/A	Cynopterus luzoniensis luzoniensis [synonym of]	Cynopterus luzoniensis [synonym of]	N/A	Cynopterus luzoniensis luzoniensis [synonym of]	Cynopterus luzoniensis [synonym of]	Cynopterus luzoniensis [synonym of]	 	Cynopterus luzoniensis [synonym of]
https://linker.bio/line:hash://sha256/8b20b8ebd7b5bd963ba9f45ca371e7167e7d48b61e72aa14471a3e496be15a50!/L1,L205.tsv	N/A	N/A	N/A	Cynopterus brachyotis [synonym of]	Cynopterus brachyotis minutus	Cynopterus minutus	Cynopterus minutus	Cynopterus minutus	Cynopterus minutus	Cynopterus minutus	Cynopterus minutus	Cynopterus minutus	Cynopterus minutus	Cynopterus minutus	Cynopterus minutus
https://linker.bio/line:hash://sha256/8b20b8ebd7b5bd963ba9f45ca371e7167e7d48b61e72aa14471a3e496be15a50!/L1,L206.tsv	N/A	N/A	N/A	Cynopterus nusatenggara	N/A	Cynopterus nusatenggara	Cynopterus nusatenggara	Cynopterus nusatenggara	Cynopterus nusatenggara	Cynopterus nusatenggara	Cynopterus nusatenggara	Cynopterus nusatenggara	Cynopterus nusatenggara	Cynopterus nusatenggara	Cynopterus nusatenggara
https://linker.bio/line:hash://sha256/8b20b8ebd7b5bd963ba9f45ca371e7167e7d48b61e72aa14471a3e496be15a50!/L1,L207.tsv	Cynopterus sphinx	Cynopterus sphinx	Cynopterus sphinx	Cynopterus sphinx	Cynopterus sphinx	Cynopterus sphinx	Cynopterus sphinx	Cynopterus sphinx	Cynopterus sphinx	Cynopterus sphinx	Cynopterus sphinx	Cynopterus sphinx	Cynopterus sphinx	Cynopterus sphinx	Cynopterus sphinx
https://linker.bio/line:hash://sha256/8b20b8ebd7b5bd963ba9f45ca371e7167e7d48b61e72aa14471a3e496be15a50!/L1,L208.tsv	N/A	N/A	Cynopterus titthaecheilus	Cynopterus titthaecheileus	Cynopterus titthaecheileus	Cynopterus titthaecheilus	Cynopterus titthaecheilus	Cynopterus titthaecheilus	Cynopterus titthaecheilus	Cynopterus titthaecheilus	Cynopterus titthaecheilus	Cynopterus titthaecheilus	Cynopterus titthaecheilus	Cynopterus titthaecheilus	Cynopterus titthaecheilus
https://linker.bio/line:hash://sha256/8b20b8ebd7b5bd963ba9f45ca371e7167e7d48b61e72aa14471a3e496be15a50!/L1,L209.tsv	Cyttarops alecto	Cyttarops alecto	Cyttarops alecto	Cyttarops alecto	Cyttarops alecto	Cyttarops alecto	Cyttarops alecto	Cyttarops alecto	Cyttarops alecto	Cyttarops alecto	Cyttarops alecto	Cyttarops alecto	Cyttarops alecto	Cyttarops alecto	Cyttarops alecto
https://linker.bio/line:hash://sha256/8b20b8ebd7b5bd963ba9f45ca371e7167e7d48b61e72aa14471a3e496be15a50!/L1,L210.tsv	Artibeus anderseni	Artibeus anderseni	Artibeus anderseni	Artibeus anderseni	Artibeus anderseni	Artibeus anderseni	Artibeus anderseni	Dermanura anderseni	Dermanura anderseni	Dermanura anderseni	Dermanura anderseni	Dermanura anderseni	Dermanura anderseni	Dermanura anderseni	Dermanura anderseni
https://linker.bio/line:hash://sha256/8b20b8ebd7b5bd963ba9f45ca371e7167e7d48b61e72aa14471a3e496be15a50!/L1,L211.tsv	Artibeus aztecus	Artibeus aztecus	Artibeus aztecus	Artibeus aztecus	Artibeus aztecus	Artibeus aztecus	Artibeus aztecus	Dermanura azteca	Dermanura azteca	Dermanura azteca	Dermanura azteca	Dermanura azteca	Dermanura azteca	Dermanura azteca	Dermanura azteca
https://linker.bio/line:hash://sha256/8b20b8ebd7b5bd963ba9f45ca371e7167e7d48b61e72aa14471a3e496be15a50!/L1,L212.tsv	N/A	Artibeus cinereus [synonym of]	Artibeus glaucus [synonym of]	Artibeus glaucus [synonym of]	Artibeus cinereus [synonym of]	Artibeus glaucus [synonym of]	Artibeus bogotensis	Dermanura bogotensis	Dermanura bogotensis	Dermanura bogotensis	Dermanura bogotensis	Dermanura bogotensis	Dermanura bogotensis	Dermanura bogotensis	Dermanura bogotensis
https://linker.bio/line:hash://sha256/8b20b8ebd7b5bd963ba9f45ca371e7167e7d48b61e72aa14471a3e496be15a50!/L1,L213.tsv	Artibeus cinereus	Artibeus cinereus	Artibeus cinereus	Artibeus cinereus	Artibeus cinereus	Artibeus cinereus	Artibeus cinereus	Dermanura cinerea	Dermanura cinerea	Dermanura cinerea	Dermanura cinerea	Dermanura cinerea	Dermanura cinerea	Dermanura cinerea	Dermanura cinerea
https://linker.bio/line:hash://sha256/8b20b8ebd7b5bd963ba9f45ca371e7167e7d48b61e72aa14471a3e496be15a50!/L1,L214.tsv	Artibeus glaucus	Artibeus cinereus [synonym of]	Artibeus glaucus	Artibeus glaucus	N/A	Artibeus glaucus	Artibeus glaucus	Dermanura glauca	Dermanura glauca	Dermanura glauca	Dermanura glauca	Dermanura glauca	Dermanura glauca	Dermanura glauca	Dermanura glauca
https://linker.bio/line:hash://sha256/8b20b8ebd7b5bd963ba9f45ca371e7167e7d48b61e72aa14471a3e496be15a50!/L1,L215.tsv	N/A	Artibeus cinereus [synonym of]	Artibeus pumilio	Artibeus glaucus [synonym of]	Artibeus cinereus pumilio	Artibeus glaucus [synonym of]	Artibeus glaucus [synonym of]	Dermanura glauca glauca [synonym of	Dermanura glauca [synonym of]	N/A	Dermanura glauca glauca [synonym of	Dermanura glauca [synonym of]	Dermanura glauca [synonym of]	 	Dermanura glauca [synonym of]
https://linker.bio/line:hash://sha256/8b20b8ebd7b5bd963ba9f45ca371e7167e7d48b61e72aa14471a3e496be15a50!/L1,L216.tsv	N/A	N/A	Artibeus gnomus	Artibeus glaucus [synonym of]	N/A	Artibeus gnomus	Artibeus gnomus	Dermanura gnoma	Dermanura gnoma	Dermanura gnoma	Dermanura gnoma	Dermanura gnoma	Dermanura gnomus	Dermanura gnomus	Dermanura gnomus
https://linker.bio/line:hash://sha256/8b20b8ebd7b5bd963ba9f45ca371e7167e7d48b61e72aa14471a3e496be15a50!/L1,L217.tsv	Artibeus phaeotis	Artibeus phaeotis	Artibeus phaeotis	Artibeus phaeotis	Artibeus phaeotis	Artibeus phaeotis	Artibeus phaeotis	Dermanura phaeotis	Dermanura phaeotis	Dermanura phaeotis	Dermanura phaeotis	Dermanura phaeotis	Dermanura phaeotis	Dermanura phaeotis	Dermanura phaeotis
https://linker.bio/line:hash://sha256/8b20b8ebd7b5bd963ba9f45ca371e7167e7d48b61e72aa14471a3e496be15a50!/L1,L218.tsv	N/A	Artibeus phaeotis [synonym of]	N/A	Artibeus phaeotis [synonym of]	Artibeus phaeotis ravus	Artibeus phaeotis ravus	Artibeus ravus	Dermanura rava	Dermanura rava	Dermanura rava	Dermanura rava	Dermanura rava	Dermanura rava	Dermanura rava	Dermanura rava
https://linker.bio/line:hash://sha256/8b20b8ebd7b5bd963ba9f45ca371e7167e7d48b61e72aa14471a3e496be15a50!/L1,L219.tsv	N/A	Artibeus cinereus [synonym of]	N/A	Artibeus glaucus [synonym of]	Artibeus cinereus rosenbergi	Artibeus glaucus [synonym of]	Artibeus rosenbergi	Dermanura rosenbergi	Dermanura rosenbergi	Dermanura rosenbergi	Dermanura rosenbergi	Dermanura rosenbergi	Dermanura rosenbergi	Dermanura rosenbergi	Dermanura rosenbergi
https://linker.bio/line:hash://sha256/8b20b8ebd7b5bd963ba9f45ca371e7167e7d48b61e72aa14471a3e496be15a50!/L1,L220.tsv	Artibeus toltecus	Artibeus toltecus	Artibeus toltecus	Artibeus toltecus	Artibeus toltecus	Artibeus toltecus	Artibeus toltecus	Dermanura tolteca	Dermanura tolteca	Dermanura tolteca	Dermanura tolteca	Dermanura tolteca	Dermanura tolteca	Dermanura tolteca	Dermanura tolteca
https://linker.bio/line:hash://sha256/8b20b8ebd7b5bd963ba9f45ca371e7167e7d48b61e72aa14471a3e496be15a50!/L1,L221.tsv	Artibeus watsoni	Artibeus cinereus [synonym of]	Artibeus watsoni	Artibeus glaucus [synonym of]	Dermanura cinerea watsoni	Artibeus watsoni	Artibeus watsoni	Dermanura watsoni	Dermanura watsoni	Dermanura watsoni	Dermanura watsoni	Dermanura watsoni	Dermanura watsoni	Dermanura watsoni	Dermanura watsoni
https://linker.bio/line:hash://sha256/8b20b8ebd7b5bd963ba9f45ca371e7167e7d48b61e72aa14471a3e496be15a50!/L1,L222.tsv	N/A	N/A	N/A	Artibeus glaucus [synonym of]	N/A	Artibeus incomitatus	Artibeus watsoni [synonym of]	Dermanura watsoni [synonym of]	Dermanura watsoni [synonym of]	N/A	Dermanura watsoni watsoni [synonym of]	Dermanura watsoni [synonym of]	Dermanura watsoni [synonym of]	 	Dermanura watsoni [synonym of]
https://linker.bio/line:hash://sha256/8b20b8ebd7b5bd963ba9f45ca371e7167e7d48b61e72aa14471a3e496be15a50!/L1,L223.tsv	Pteropus leucopterus	Pteropus leucopterus	Pteropus leucopterus	Pteropus leucopterus	Pteropus leucopterus	Pteropus leucopterus	Desmalopex leucopterus	Desmalopex leucopterus	Desmalopex leucopterus	Desmalopex leucopterus	Desmalopex leucopterus	Desmalopex leucoptera	Desmalopex leucoptera	Desmalopex leucoptera	Desmalopex leucoptera
https://linker.bio/line:hash://sha256/8b20b8ebd7b5bd963ba9f45ca371e7167e7d48b61e72aa14471a3e496be15a50!/L1,L224.tsv	N/A	N/A	N/A	N/A	N/A	N/A	Desmalopex microleucopterus	Desmalopex microleucopterus	Desmalopex microleucopterus	Desmalopex microleucopterus	Desmalopex microleucopterus	Desmalopex microleucoptera	Desmalopex microleucoptera	Desmalopex microleucoptera	Desmalopex microleucoptera
https://linker.bio/line:hash://sha256/8b20b8ebd7b5bd963ba9f45ca371e7167e7d48b61e72aa14471a3e496be15a50!/L1,L225.tsv	Desmodus rotundus	Desmodus rotundus	Desmodus rotundus	Desmodus rotundus	Desmodus rotundus	Desmodus rotundus	Desmodus rotundus	Desmodus rotundus	Desmodus rotundus	Desmodus rotundus	Desmodus rotundus	Desmodus rotundus	Desmodus rotundus	Desmodus rotundus	Desmodus rotundus
https://linker.bio/line:hash://sha256/8b20b8ebd7b5bd963ba9f45ca371e7167e7d48b61e72aa14471a3e496be15a50!/L1,L226.tsv	Diaemus youngi	Desmodus youngi	Diaemus youngi	Diaemus youngi	Diaemus youngi	Diaemus youngi	Diaemus youngii	Diaemus youngii	Diaemus youngii	Diaemus youngi	Diaemus youngii	Diaemus youngii	Diaemus youngii	Diaemus youngii	Diaemus youngii
https://linker.bio/line:hash://sha256/8b20b8ebd7b5bd963ba9f45ca371e7167e7d48b61e72aa14471a3e496be15a50!/L1,L227.tsv	Diclidurus albus	Diclidurus albus	Diclidurus albus	Diclidurus albus	Diclidurus albus	Diclidurus albus	Diclidurus albus	Diclidurus albus	Diclidurus albus	Diclidurus albus	Diclidurus albus	Diclidurus albus	Diclidurus albus	Diclidurus albus	Diclidurus albus
https://linker.bio/line:hash://sha256/8b20b8ebd7b5bd963ba9f45ca371e7167e7d48b61e72aa14471a3e496be15a50!/L1,L228.tsv	Diclidurus virgo	Diclidurus albus [synonym of]	Diclidurus virgo	Diclidurus albus [synonym of]	Diclidurus albus virgo	Diclidurus albus virgo	Diclidurus albus virgo	Diclidurus albus virgo	Diclidurus albus [synonym of]	N/A	Diclidurus albus virgo	Diclidurus albus [synonym of]	Diclidurus albus [synonym of]	 	Diclidurus albus virgo
https://linker.bio/line:hash://sha256/8b20b8ebd7b5bd963ba9f45ca371e7167e7d48b61e72aa14471a3e496be15a50!/L1,L229.tsv	Diclidurus ingens	Diclidurus ingens	Diclidurus ingens	Diclidurus ingens	Diclidurus ingens	Diclidurus ingens	Diclidurus ingens	Diclidurus ingens	Diclidurus ingens	Diclidurus ingens	Diclidurus ingens	Diclidurus ingens	Diclidurus ingens	Diclidurus ingens	Diclidurus ingens
https://linker.bio/line:hash://sha256/8b20b8ebd7b5bd963ba9f45ca371e7167e7d48b61e72aa14471a3e496be15a50!/L1,L230.tsv	Depanycteris isabella	Diclidurus isabellus	Depanycteris isabella	Diclidurus isabellus	Diclidurus isabella	Diclidurus isabellus	Diclidurus isabella	Diclidurus isabella	Diclidurus isabella	Diclidurus isabella	Diclidurus isabella	Diclidurus isabella	Diclidurus isabella	Diclidurus isabella	Diclidurus isabella
https://linker.bio/line:hash://sha256/8b20b8ebd7b5bd963ba9f45ca371e7167e7d48b61e72aa14471a3e496be15a50!/L1,L231.tsv	Diclidurus scutatus	Diclidurus scutatus	Diclidurus scutatus	Diclidurus scutatus	Diclidurus scutatus	Diclidurus scutatus	Diclidurus scutatus	Diclidurus scutatus	Diclidurus scutatus	Diclidurus scutatus	Diclidurus scutatus	Diclidurus scutatus	Diclidurus scutatus	Diclidurus scutatus	Diclidurus scutatus
https://linker.bio/line:hash://sha256/8b20b8ebd7b5bd963ba9f45ca371e7167e7d48b61e72aa14471a3e496be15a50!/L1,L232.tsv	Diphylla ecaudata	Diphylla ecaudata	Diphylla ecaudata	Diphylla ecaudata	Diphylla ecaudata	Diphylla ecaudata	Diphylla ecaudata	Diphylla ecaudata	Diphylla ecaudata	Diphylla ecaudata	Diphylla ecaudata	Diphylla ecaudata	Diphylla ecaudata	Diphylla ecaudata	Diphylla ecaudata
https://linker.bio/line:hash://sha256/8b20b8ebd7b5bd963ba9f45ca371e7167e7d48b61e72aa14471a3e496be15a50!/L1,L233.tsv	Dobsonia anderseni	Dobsonia moluccensis [synonym of]	Dobsonia pannietensis [synonym of]	Dobsonia moluccensis [synonym of]	Dobsonia moluccensis anderseni	Dobsonia anderseni	Dobsonia anderseni	Dobsonia anderseni	Dobsonia anderseni	Dobsonia anderseni	Dobsonia anderseni	Dobsonia anderseni	Dobsonia anderseni	Dobsonia anderseni	Dobsonia anderseni
https://linker.bio/line:hash://sha256/8b20b8ebd7b5bd963ba9f45ca371e7167e7d48b61e72aa14471a3e496be15a50!/L1,L234.tsv	Dobsonia beauforti	Dobsonia beauforti	Dobsonia beauforti	Dobsonia beauforti	Dobsonia beauforti	Dobsonia beauforti	Dobsonia beauforti	Dobsonia beauforti	Dobsonia beauforti	Dobsonia beauforti	Dobsonia beauforti	Dobsonia beauforti	Dobsonia beauforti	Dobsonia beauforti	Dobsonia beauforti
https://linker.bio/line:hash://sha256/8b20b8ebd7b5bd963ba9f45ca371e7167e7d48b61e72aa14471a3e496be15a50!/L1,L235.tsv	N/A	N/A	Dobsonia chapmani	Dobsonia chapmani	Dobsonia chapmani	Dobsonia chapmani	Dobsonia chapmani	Dobsonia chapmani	Dobsonia chapmani	Dobsonia chapmani	Dobsonia chapmani	Dobsonia chapmani	Dobsonia chapmani	Dobsonia chapmani	Dobsonia chapmani
https://linker.bio/line:hash://sha256/8b20b8ebd7b5bd963ba9f45ca371e7167e7d48b61e72aa14471a3e496be15a50!/L1,L236.tsv	Dobsonia crenulata	Dobsonia crenulata	N/A	Dobsonia viridis [synonym of]	Dobsonia viridis crenulata	Dobsonia crenulata	Dobsonia crenulata	Dobsonia crenulata	Dobsonia crenulata	Dobsonia crenulata	Dobsonia crenulata	Dobsonia crenulata	Dobsonia crenulata	Dobsonia crenulata	Dobsonia crenulata
https://linker.bio/line:hash://sha256/8b20b8ebd7b5bd963ba9f45ca371e7167e7d48b61e72aa14471a3e496be15a50!/L1,L237.tsv	N/A	N/A	Dobsonia emersa	Dobsonia emersa	Dobsonia emersa	Dobsonia emersa	Dobsonia emersa	Dobsonia emersa	Dobsonia emersa	Dobsonia emersa	Dobsonia emersa	Dobsonia emersa	Dobsonia emersa	Dobsonia emersa	Dobsonia emersa
https://linker.bio/line:hash://sha256/8b20b8ebd7b5bd963ba9f45ca371e7167e7d48b61e72aa14471a3e496be15a50!/L1,L238.tsv	Dobsonia exoleta	Dobsonia exoleta	Dobsonia exoleta	Dobsonia exoleta	Dobsonia exoleta	Dobsonia exoleta	Dobsonia exoleta	Dobsonia exoleta	Dobsonia exoleta	Dobsonia exoleta	Dobsonia exoleta	Dobsonia exoleta	Dobsonia exoleta	Dobsonia exoleta	Dobsonia exoleta
https://linker.bio/line:hash://sha256/8b20b8ebd7b5bd963ba9f45ca371e7167e7d48b61e72aa14471a3e496be15a50!/L1,L239.tsv	Dobsonia inermis	Dobsonia inermis	Dobsonia inermis	Dobsonia inermis	Dobsonia inermis	Dobsonia inermis	Dobsonia inermis	Dobsonia inermis	Dobsonia inermis	Dobsonia inermis	Dobsonia inermis	Dobsonia inermis	Dobsonia inermis	Dobsonia inermis	Dobsonia inermis
https://linker.bio/line:hash://sha256/8b20b8ebd7b5bd963ba9f45ca371e7167e7d48b61e72aa14471a3e496be15a50!/L1,L240.tsv	N/A	N/A	N/A	Dobsonia moluccensis [synonym of]	Dobsonia moluccensis magna	Dobsonia magna	Dobsonia moluccensis magna	Dobsonia magna	Dobsonia moluccensis	Dobsonia magna	Dobsonia magna	Dobsonia magna	Dobsonia magna	Dobsonia magna	Dobsonia magna
https://linker.bio/line:hash://sha256/8b20b8ebd7b5bd963ba9f45ca371e7167e7d48b61e72aa14471a3e496be15a50!/L1,L241.tsv	Dobsonia minor	Dobsonia minor	Dobsonia minor	Dobsonia minor	Dobsonia minor	Dobsonia minor	Dobsonia minor	Dobsonia minor	Dobsonia minor	Dobsonia minor	Dobsonia minor	Dobsonia minor	Dobsonia minor	Dobsonia minor	Dobsonia minor
https://linker.bio/line:hash://sha256/8b20b8ebd7b5bd963ba9f45ca371e7167e7d48b61e72aa14471a3e496be15a50!/L1,L242.tsv	Dobsonia moluccensis	Dobsonia moluccensis	Dobsonia moluccense	Dobsonia moluccensis	Dobsonia moluccensis	Dobsonia moluccensis	Dobsonia moluccensis	Dobsonia moluccensis	Dobsonia moluccensis	Dobsonia moluccensis	Dobsonia moluccensis	Dobsonia moluccensis	Dobsonia moluccensis	Dobsonia moluccensis	Dobsonia moluccensis
https://linker.bio/line:hash://sha256/8b20b8ebd7b5bd963ba9f45ca371e7167e7d48b61e72aa14471a3e496be15a50!/L1,L243.tsv	Dobsonia pannietensis	Dobsonia pannietensis	Dobsonia pannietensis	Dobsonia pannietensis	Dobsonia pannietensis	Dobsonia pannietensis	Dobsonia pannietensis	Dobsonia pannietensis	Dobsonia pannietensis	Dobsonia pannietensis	Dobsonia pannietensis	Dobsonia pannietensis	Dobsonia pannietensis	Dobsonia pannietensis	Dobsonia pannietensis
https://linker.bio/line:hash://sha256/8b20b8ebd7b5bd963ba9f45ca371e7167e7d48b61e72aa14471a3e496be15a50!/L1,L244.tsv	Dobsonia remota	Dobsonia remota	N/A	Dobsonia pannietensis [synonym of]	Dobsonia pannietensis remota	N/A	Dobsonia pannietensis remota	Dobsonia pannietensis remota	Dobsonia pannietensis [synonym of]	N/A	Dobsonia pannietensis remota	Dobsonia pannietensis [synonym of]	Dobsonia pannietensis [synonym of]	 	Dobsonia pannietensis remota
https://linker.bio/line:hash://sha256/8b20b8ebd7b5bd963ba9f45ca371e7167e7d48b61e72aa14471a3e496be15a50!/L1,L245.tsv	Dobsonia peroni	Dobsonia peroni	Dobsonia peronii	Dobsonia peroni	Dobsonia peroni	Dobsonia peronii	Dobsonia peronii	Dobsonia peronii	Dobsonia peronii	Dobsonia peronii	Dobsonia peronii	Dobsonia peronii	Dobsonia peronii	Dobsonia peronii	Dobsonia peronii
https://linker.bio/line:hash://sha256/8b20b8ebd7b5bd963ba9f45ca371e7167e7d48b61e72aa14471a3e496be15a50!/L1,L246.tsv	Dobsonia praedatrix	Dobsonia praedatrix	Dobsonia praedatrix	Dobsonia praedatrix	Dobsonia praedatrix	Dobsonia praedatrix	Dobsonia praedatrix	Dobsonia praedatrix	Dobsonia praedatrix	Dobsonia praedatrix	Dobsonia praedatrix	Dobsonia praedatrix	Dobsonia praedatrix	Dobsonia praedatrix	Dobsonia praedatrix
https://linker.bio/line:hash://sha256/8b20b8ebd7b5bd963ba9f45ca371e7167e7d48b61e72aa14471a3e496be15a50!/L1,L247.tsv	Dobsonia viridis	Dobsonia viridis	Dobsonia viridis	Dobsonia viridis	Dobsonia viridis	Dobsonia viridis	Dobsonia viridis	Dobsonia viridis	Dobsonia viridis	Dobsonia viridis	Dobsonia viridis	Dobsonia viridis	Dobsonia viridis	Dobsonia viridis	Dobsonia viridis
https://linker.bio/line:hash://sha256/8b20b8ebd7b5bd963ba9f45ca371e7167e7d48b61e72aa14471a3e496be15a50!/L1,L248.tsv	Hipposideros camerunensis	Hipposideros camerunensis	Hipposideros camerunensis	Hipposideros camerunensis	Hipposideros camerunensis	Hipposideros camerunensis	Doryrhina camerunensis	Doryrhina camerunensis	Doryrhina camerunensis	Hipposideros camerunensis	Doryrhina camerunensis	Doryrhina camerunensis	Doryrhina camerunensis	Doryrhina camerunensis	Doryrhina camerunensis
https://linker.bio/line:hash://sha256/8b20b8ebd7b5bd963ba9f45ca371e7167e7d48b61e72aa14471a3e496be15a50!/L1,L249.tsv	Hipposideros cyclops	Hipposideros cyclops	Hipposideros cyclops	Hipposideros cyclops	Hipposideros cyclops	Hipposideros cyclops	Doryrhina cyclops	Doryrhina cyclops	Doryrhina cyclops	Hipposideros cyclops	Doryrhina cyclops	Doryrhina cyclops	Doryrhina cyclops	Doryrhina cyclops	Doryrhina cyclops
https://linker.bio/line:hash://sha256/8b20b8ebd7b5bd963ba9f45ca371e7167e7d48b61e72aa14471a3e496be15a50!/L1,L250.tsv	N/A	N/A	N/A	N/A	N/A	N/A	Dryadonycteris capixaba	Dryadonycteris capixaba	Dryadonycteris capixaba	Dryadonycteris capixaba	Dryadonycteris capixaba	Dryadonycteris capixaba	Dryadonycteris capixaba	Dryadonycteris capixaba	Dryadonycteris capixaba
https://linker.bio/line:hash://sha256/8b20b8ebd7b5bd963ba9f45ca371e7167e7d48b61e72aa14471a3e496be15a50!/L1,L251.tsv	Dyacopterus brooksi	Dyacopterus spadiceus [synonym of]	Dyacopterus brooksi	Dyacopterus spadiceus [synonym of]	Dyacopterus brooksi spadiceus	Dyacopterus brooksi	Dyacopterus brooksi	Dyacopterus brooksi	Dyacopterus brooksi	Dyacopterus brooksi	Dyacopterus brooksi	Dyacopterus brooksi	Dyacopterus brooksi	Dyacopterus brooksi	Dyacopterus brooksi
https://linker.bio/line:hash://sha256/8b20b8ebd7b5bd963ba9f45ca371e7167e7d48b61e72aa14471a3e496be15a50!/L1,L252.tsv	N/A	N/A	N/A	N/A	N/A	N/A	Dyacopterus rickarti	Dyacopterus rickarti	Dyacopterus rickarti	Dyacopterus rickarti	Dyacopterus rickarti	Dyacopterus rickarti	Dyacopterus rickarti	Dyacopterus rickarti	Dyacopterus rickarti
https://linker.bio/line:hash://sha256/8b20b8ebd7b5bd963ba9f45ca371e7167e7d48b61e72aa14471a3e496be15a50!/L1,L253.tsv	Dyacopterus spadiceus	Dyacopterus spadiceus	Dyacopterus spadiceus	Dyacopterus spadiceus	Dyacopterus spadiceus	Dyacopterus spadiceus	Dyacopterus spadiceus	Dyacopterus spadiceus	Dyacopterus spadiceus	Dyacopterus spadiceus	Dyacopterus spadiceus	Dyacopterus spadiceus	Dyacopterus spadiceus	Dyacopterus spadiceus	Dyacopterus spadiceus
https://linker.bio/line:hash://sha256/8b20b8ebd7b5bd963ba9f45ca371e7167e7d48b61e72aa14471a3e496be15a50!/L1,L254.tsv	Ectophylla alba	Ectophylla alba	Ectophylla alba	Ectophylla alba	Ectophylla alba	Ectophylla alba	Ectophylla alba	Ectophylla alba	Ectophylla alba	Ectophylla alba	Ectophylla alba	Ectophylla alba	Ectophylla alba	Ectophylla alba	Ectophylla alba
https://linker.bio/line:hash://sha256/8b20b8ebd7b5bd963ba9f45ca371e7167e7d48b61e72aa14471a3e496be15a50!/L1,L255.tsv	N/A	Eidolon helvum [synonym of]	N/A	Eidolon dupreanum	Eidolon helvum dupreanum	Eidolon dupreanum	Eidolon dupreanum	Eidolon dupreanum	Eidolon dupreanum	Eidolon dupreanum	Eidolon dupreanum	Eidolon dupreanum	Eidolon dupreanum	Eidolon dupreanum	Eidolon dupreanum
https://linker.bio/line:hash://sha256/8b20b8ebd7b5bd963ba9f45ca371e7167e7d48b61e72aa14471a3e496be15a50!/L1,L256.tsv	Eidolon helvum	Eidolon helvum	Eidolon helvum	Eidolon helvum	Eidolon helvum	Eidolon helvum	Eidolon helvum	Eidolon helvum	Eidolon helvum	Eidolon helvum	Eidolon helvum	Eidolon helvum	Eidolon helvum	Eidolon helvum	Eidolon helvum
https://linker.bio/line:hash://sha256/8b20b8ebd7b5bd963ba9f45ca371e7167e7d48b61e72aa14471a3e496be15a50!/L1,L257.tsv	Emballonura alecto	Emballonura alecto	Emballonura alecto	Emballonura alecto	Emballonura alecto	Emballonura alecto	Emballonura alecto	Emballonura alecto	Emballonura alecto	Emballonura alecto	Emballonura alecto	Emballonura alecto	Emballonura alecto	Emballonura alecto	Emballonura alecto
https://linker.bio/line:hash://sha256/8b20b8ebd7b5bd963ba9f45ca371e7167e7d48b61e72aa14471a3e496be15a50!/L1,L258.tsv	Emballonura beccarii	Emballonura beccarii	Emballonura beccarii	Emballonura beccarii	Emballonura beccarii	Emballonura beccarii	Emballonura beccarii	Emballonura beccarii	Emballonura beccarii	Emballonura beccarii	Emballonura beccarii	Emballonura beccarii	Emballonura beccarii	Emballonura beccarii	Emballonura beccarii
https://linker.bio/line:hash://sha256/8b20b8ebd7b5bd963ba9f45ca371e7167e7d48b61e72aa14471a3e496be15a50!/L1,L259.tsv	Emballonura dianae	Emballonura dianae	Emballonura dianae	Emballonura dianae	Emballonura dianae	Emballonura dianae	Emballonura dianae	Emballonura dianae	Emballonura dianae	Emballonura dianae	Emballonura dianae	Emballonura dianae	Emballonura dianae	Emballonura dianae	Emballonura dianae
https://linker.bio/line:hash://sha256/8b20b8ebd7b5bd963ba9f45ca371e7167e7d48b61e72aa14471a3e496be15a50!/L1,L260.tsv	Emballonura furax	Emballonura furax	Emballonura furax	Emballonura furax	Emballonura furax	Emballonura furax	Emballonura furax	Emballonura furax	Emballonura furax	Emballonura furax	Emballonura furax	Emballonura furax	Emballonura furax	Emballonura furax	Emballonura furax
https://linker.bio/line:hash://sha256/8b20b8ebd7b5bd963ba9f45ca371e7167e7d48b61e72aa14471a3e496be15a50!/L1,L261.tsv	Emballonura monticola	Emballonura monticola	Emballonura monticola	Emballonura monticola	Emballonura monticola	Emballonura monticola	Emballonura monticola	Emballonura monticola	Emballonura monticola	Emballonura monticola	Emballonura monticola	Emballonura monticola	Emballonura monticola	Emballonura monticola	Emballonura monticola
https://linker.bio/line:hash://sha256/8b20b8ebd7b5bd963ba9f45ca371e7167e7d48b61e72aa14471a3e496be15a50!/L1,L262.tsv	Emballonura raffrayana	Emballonura raffrayana	Emballonura raffrayana	Emballonura raffrayana	Emballonura raffrayana	Emballonura raffrayana	Emballonura raffrayana	Emballonura raffrayana	Emballonura raffrayana	Emballonura raffrayana	Emballonura raffrayana	Emballonura raffrayana	Emballonura raffrayana	Emballonura raffrayana	Emballonura raffrayana
https://linker.bio/line:hash://sha256/8b20b8ebd7b5bd963ba9f45ca371e7167e7d48b61e72aa14471a3e496be15a50!/L1,L263.tsv	Emballonura semicaudata	Emballonura semicaudata	Emballonura semicaudata	Emballonura semicaudata	Emballonura semicaudata	Emballonura semicaudata	Emballonura semicaudata	Emballonura semicaudata	Emballonura semicaudata	Emballonura semicaudata	Emballonura semicaudata	Emballonura semicaudata	Emballonura semicaudata	Emballonura semicaudata	Emballonura semicaudata
https://linker.bio/line:hash://sha256/8b20b8ebd7b5bd963ba9f45ca371e7167e7d48b61e72aa14471a3e496be15a50!/L1,L264.tsv	Emballonura sulcata	Emballonura sulcata	Emballonura sulcata	Emballonura semicaudata [synonym of]	Emballonura semicaudata sulcata	Emballonura semicaudata sulcata	N/A	Emballonura semicaudata sulcata	Emballonura semicaudata [synonym of]	Emballonura semicaudata sulcate	Emballonura semicaudata sulcata	Emballonura semicaudata [synonym of]	Emballonura semicaudata [synonym of]	 	Emballonura semicaudata sulcata
https://linker.bio/line:hash://sha256/8b20b8ebd7b5bd963ba9f45ca371e7167e7d48b61e72aa14471a3e496be15a50!/L1,L265.tsv	N/A	N/A	N/A	N/A	N/A	Emballonura serii	Emballonura serii	Emballonura serii	Emballonura serii	Emballonura serii	Emballonura serii	Emballonura serii	Emballonura serii	Emballonura serii	Emballonura serii
https://linker.bio/line:hash://sha256/8b20b8ebd7b5bd963ba9f45ca371e7167e7d48b61e72aa14471a3e496be15a50!/L1,L266.tsv	Enchisthenes harti	Artibeus hartii	Enchisthenes hartii	Artibeus hartii	Artibeus harti	Enchisthenes hartii	Enchisthenes hartii	Enchisthenes hartii	Enchisthenes hartii	Enchisthenes hartii	Enchisthenes hartii	Enchisthenes hartii	Enchisthenes hartii	Enchisthenes hartii	Enchisthenes hartii
https://linker.bio/line:hash://sha256/8b20b8ebd7b5bd963ba9f45ca371e7167e7d48b61e72aa14471a3e496be15a50!/L1,L267.tsv	Eonycteris major	Eonycteris major	Eonycteris major	Eonycteris major	Eonycteris major	Eonycteris major	Eonycteris major	Eonycteris major	Eonycteris major	Eonycteris major	Eonycteris major	Eonycteris major	Eonycteris major	Eonycteris major	Eonycteris major
https://linker.bio/line:hash://sha256/8b20b8ebd7b5bd963ba9f45ca371e7167e7d48b61e72aa14471a3e496be15a50!/L1,L268.tsv	Eonycteris robusta	Eonycteris major [synonym of]	Eonycteris robusta	Eonycteris major [synonym of]	Eonycteris major robusta	Eonycteris robusta	Eonycteris robusta	Eonycteris robusta	Eonycteris robusta	Eonycteris robusta	Eonycteris robusta	Eonycteris robusta	Eonycteris robusta	Eonycteris robusta	Eonycteris robusta
https://linker.bio/line:hash://sha256/8b20b8ebd7b5bd963ba9f45ca371e7167e7d48b61e72aa14471a3e496be15a50!/L1,L269.tsv	Eonycteris spelaea	Eonycteris spelaea	Eonycteris spelaea	Eonycteris spelaea	Eonycteris spelaea	Eonycteris spelaea	Eonycteris spelaea	Eonycteris spelaea	Eonycteris spelaea	Eonycteris spelaea	Eonycteris spelaea	Eonycteris spelaea	Eonycteris spelaea	Eonycteris spelaea	Eonycteris spelaea
https://linker.bio/line:hash://sha256/8b20b8ebd7b5bd963ba9f45ca371e7167e7d48b61e72aa14471a3e496be15a50!/L1,L270.tsv	Eonycteris rosenbergi	Eonycteris rosenbergi	Eonycteris spelaea [synonym of]	Eonycteris spelaea [synonym of]	Eonycteris spelaea rosenbergi	Eonycteris spelaea rosenbergii	Eonycteris spelaea rosenbergii	Eonycteris spelaea rosenbergii	Eonycteris spelaea [synonym of]	N/A	Eonycteris spelaea rosenbergii	Eonycteris spelaea [synonym of]	Eonycteris spelaea [synonym of]	 	Eonycteris spelaea rosenbergii
https://linker.bio/line:hash://sha256/8b20b8ebd7b5bd963ba9f45ca371e7167e7d48b61e72aa14471a3e496be15a50!/L1,L271.tsv	Epomophorus angolensis	Epomophorus angolensis	Epomophorus angolensis	Epomophorus angolensis	Epomophorus angolensis	Epomophorus angolensis	Epomophorus angolensis	Epomophorus angolensis	Epomophorus angolensis	Epomophorus angolensis	Epomophorus angolensis	Epomophorus angolensis	Epomophorus angolensis	Epomophorus angolensis	Epomophorus angolensis
https://linker.bio/line:hash://sha256/8b20b8ebd7b5bd963ba9f45ca371e7167e7d48b61e72aa14471a3e496be15a50!/L1,L272.tsv	N/A	N/A	N/A	N/A	N/A	N/A	Epomophorus anselli	Epomophorus anselli	Epomophorus anselli	Epomophorus anselli	Epomophorus anselli	Epomophorus anselli	Epomophorus anselli	Epomophorus anselli	Epomophorus anselli
https://linker.bio/line:hash://sha256/8b20b8ebd7b5bd963ba9f45ca371e7167e7d48b61e72aa14471a3e496be15a50!/L1,L273.tsv	Epomophorus crypturus	Epomophorus crypturus	Epomophorus gambianus [synonym of]	Epomophorus gambianus [synonym of]	Epomophorus crypturus	Epomophorus crypturus	Epomophorus crypturus	Epomophorus crypturus	Epomophorus crypturus	Epomophorus crypturus	Epomophorus crypturus	Epomophorus crypturus	Epomophorus crypturus	Epomophorus crypturus	Epomophorus crypturus
https://linker.bio/line:hash://sha256/8b20b8ebd7b5bd963ba9f45ca371e7167e7d48b61e72aa14471a3e496be15a50!/L1,L274.tsv	Epomops dobsoni	Epomops dobsoni	Epomops dobsonii	Epomops dobsoni	Epomops dobsoni	Epomops dobsonii	Epomophorus dobsonii	Epomophorus dobsonii	Epomophorus dobsonii	Epomops dobsonii	Epomophorus dobsonii	Epomophorus dobsonii	Epomophorus dobsonii	Epomophorus dobsonii	Epomophorus dobsonii
https://linker.bio/line:hash://sha256/8b20b8ebd7b5bd963ba9f45ca371e7167e7d48b61e72aa14471a3e496be15a50!/L1,L275.tsv	Epomophorus gambianus	Epomophorus gambianus	Epomophorus gambianus	Epomophorus gambianus	Epomophorus gambianus	Epomophorus gambianus	Epomophorus gambianus	Epomophorus gambianus	Epomophorus gambianus	Epomophorus gambianus	Epomophorus gambianus	Epomophorus gambianus	Epomophorus gambianus	Epomophorus gambianus	Epomophorus gambianus
https://linker.bio/line:hash://sha256/8b20b8ebd7b5bd963ba9f45ca371e7167e7d48b61e72aa14471a3e496be15a50!/L1,L276.tsv	Epomophorus reii	Epomophorus reii	Epomophorus gambianus [synonym of]	Epomophorus gambianus [synonym of]	Epomophorus reii	Epomophorus gambianus [synonym of]	Epomophorus gambianus [synonym of]	Epomophorus gambianus gambianus [synonym of]	Epomophorus gambianus [synonym of]	N/A	Epomophorus gambianus gambianus [synonym of]	Epomophorus gambianus [synonym of]	Epomophorus gambianus [synonym of]	 	Epomophorus gambianus gambianus [synonym of]
https://linker.bio/line:hash://sha256/8b20b8ebd7b5bd963ba9f45ca371e7167e7d48b61e72aa14471a3e496be15a50!/L1,L277.tsv	Epomophorus pousarguesi	Epomophorus pousarguesi	Epomophorus gambianus [synonym of]	Epomophorus gambianus [synonym of]	Epomophorus pousarguesi	Epomophorus gambianus pousarguesi	Epomophorus gambianus pousarguesi	Epomophorus gambianus pousarguesi	Epomophorus gambianus [synonym of]	Epomophorus gambianus pousarguesi	Epomophorus gambianus pousarguesi	Epomophorus gambianus [synonym of]	Epomophorus gambianus [synonym of]	 	Epomophorus gambianus pousarguesi
https://linker.bio/line:hash://sha256/8b20b8ebd7b5bd963ba9f45ca371e7167e7d48b61e72aa14471a3e496be15a50!/L1,L278.tsv	Micropteropus grandis	Micropteropus grandis	Epomophorus grandis	Epomophorus grandis	Micropteropus grandis	Epomophorus grandis	Epomophorus grandis	Epomophorus grandis	Epomophorus grandis	Epomophorus grandis	Epomophorus grandis	Epomophorus grandis	Epomophorus grandis	Epomophorus grandis	Epomophorus grandis
https://linker.bio/line:hash://sha256/8b20b8ebd7b5bd963ba9f45ca371e7167e7d48b61e72aa14471a3e496be15a50!/L1,L279.tsv	Micropteropus intermedius	Micropteropus intermedius	Micropteropus intermedius	Micropteropus intermedius	Micropteropus intermedius	Micropteropus intermedius	Epomophorus intermedius	Epomophorus intermedius	Epomophorus intermedius	Micropteropus intermedius	Epomophorus intermedius	Epomophorus intermedius	Epomophorus intermedius	Epomophorus intermedius	Epomophorus intermedius
https://linker.bio/line:hash://sha256/8b20b8ebd7b5bd963ba9f45ca371e7167e7d48b61e72aa14471a3e496be15a50!/L1,L280.tsv	Epomophorus labiatus	Epomophorus labiatus	Epomophorus labiatus	Epomophorus labiatus	Epomophorus labiatus	Epomophorus labiatus	Epomophorus labiatus	Epomophorus labiatus	Epomophorus labiatus	Epomophorus labiatus	Epomophorus labiatus	Epomophorus labiatus	Epomophorus labiatus	Epomophorus labiatus	Epomophorus labiatus
https://linker.bio/line:hash://sha256/8b20b8ebd7b5bd963ba9f45ca371e7167e7d48b61e72aa14471a3e496be15a50!/L1,L281.tsv	Epomophorus anurus	Epomophorus labiatus [synonym of]	Epomophorus labiatus [synonym of]	Epomophorus labiatus [synonym of]	N/A	Epomophorus labiatus [synonym of]	N/A	Epomophorus labiatus labiatus [synonym of]	Epomophorus labiatus [synonym of]	N/A	Epomophorus labiatus labiatus [synonym of]	Epomophorus labiatus [synonym of]	Epomophorus labiatus [synonym of]	 	Epomophorus labiatus [synonym of]
https://linker.bio/line:hash://sha256/8b20b8ebd7b5bd963ba9f45ca371e7167e7d48b61e72aa14471a3e496be15a50!/L1,L282.tsv	Epomophorus minor	Epomophorus minor	Epomophorus minor	Epomophorus labiatus [synonym of]	Epomophorus minor	Epomophorus minor	Epomophorus minor	Epomophorus minor	Epomophorus minor	Epomophorus minor	Epomophorus minor	Epomophorus minor	Epomophorus minor	Epomophorus minor	Epomophorus minor
https://linker.bio/line:hash://sha256/8b20b8ebd7b5bd963ba9f45ca371e7167e7d48b61e72aa14471a3e496be15a50!/L1,L283.tsv	N/A	N/A	N/A	Epomophorus labiatus [synonym of]	N/A	Epomophorus minimus	Epomophorus minor [synonym of]	Epomophorus minor [synonym of]	Epomophorus minor [synonym of]	Epomophorus minimus	Epomophorus minor minor [synonym of]	Epomophorus minor [synonym of]	Epomophorus minor [synonym of]	 	Epomophorus minor [synonym of]
https://linker.bio/line:hash://sha256/8b20b8ebd7b5bd963ba9f45ca371e7167e7d48b61e72aa14471a3e496be15a50!/L1,L284.tsv	Micropteropus pusillus	Micropteropus pusillus	Micropteropus pusillus	Micropteropus pusillus	Micropteropus pusillus	Micropteropus pusillus	Epomophorus pusillus	Epomophorus pusillus	Epomophorus pusillus	Micropteropus pusillus	Epomophorus pusillus	Epomophorus pusillus	Epomophorus pusillus	Epomophorus pusillus	Epomophorus pusillus
https://linker.bio/line:hash://sha256/8b20b8ebd7b5bd963ba9f45ca371e7167e7d48b61e72aa14471a3e496be15a50!/L1,L285.tsv	Epomophorus wahlbergi	Epomophorus wahlbergi	Epomophorus wahlbergi	Epomophorus wahlbergi	Epomophorus wahlbergi	Epomophorus wahlbergi	Epomophorus wahlbergi	Epomophorus wahlbergi	Epomophorus wahlbergi	Epomophorus wahlbergi	Epomophorus wahlbergi	Epomophorus wahlbergi	Epomophorus wahlbergi	Epomophorus wahlbergi	Epomophorus wahlbergi
https://linker.bio/line:hash://sha256/8b20b8ebd7b5bd963ba9f45ca371e7167e7d48b61e72aa14471a3e496be15a50!/L1,L286.tsv	Epomops buettikoferi	Epomops buettikoferi	Epomops buettikoferi	Epomops buettikoferi	Epomops buettikoferi	Epomops buettikoferi	Epomops buettikoferi	Epomops buettikoferi	Epomops buettikoferi	Epomops buettikoferi	Epomops buettikoferi	Epomops buettikoferi	Epomops buettikoferi	Epomops buettikoferi	Epomops buettikoferi
https://linker.bio/line:hash://sha256/8b20b8ebd7b5bd963ba9f45ca371e7167e7d48b61e72aa14471a3e496be15a50!/L1,L287.tsv	Epomops franqueti	Epomops franqueti	Epomops franqueti	Epomops franqueti	Epomops franqueti	Epomops franqueti	Epomops franqueti	Epomops franqueti	Epomops franqueti	Epomops franqueti	Epomops franqueti	Epomops franqueti	Epomops franqueti	Epomops franqueti	Epomops franqueti
https://linker.bio/line:hash://sha256/8b20b8ebd7b5bd963ba9f45ca371e7167e7d48b61e72aa14471a3e496be15a50!/L1,L288.tsv	N/A	N/A	N/A	Eptesicus fuscus [synonym of]	Eptesicus serotinus dutertreus	Eptesicus fuscus dutertreus	Eptesicus fuscus dutertreus	Eptesicus fuscus dutertreus	Eptesicus fuscus [synonym of]	N/A	Eptesicus fuscus dutertreus	N/A	Eptesicus dutertreus	Eptesicus dutertreus	Eptesicus dutertreus
https://linker.bio/line:hash://sha256/8b20b8ebd7b5bd963ba9f45ca371e7167e7d48b61e72aa14471a3e496be15a50!/L1,L289.tsv	Eptesicus guadeloupensis	Eptesicus guadeloupensis	Eptesicus guadeloupensis	N/A	Eptesicus guadeloupensis	Eptesicus guadeloupensis	Eptesicus guadeloupensis	Eptesicus guadeloupensis	Eptesicus guadeloupensis	Eptesicus guadeloupensis	Eptesicus fuscus guadeloupensis	Eptesicus fuscus [synonym of]	Eptesicus dutertreus [synonym of]	 	Eptesicus dutertreus dutertreus [synonym of]
https://linker.bio/line:hash://sha256/8b20b8ebd7b5bd963ba9f45ca371e7167e7d48b61e72aa14471a3e496be15a50!/L1,L290.tsv	Eptesicus lynni	Eptesicus lynni	Eptesicus lynni	Eptesicus fuscus [synonym of]	Cnephaeus serotinus lynni	Eptesicus fuscus lynni	N/A	Eptesicus fuscus lynni	Eptesicus fuscus [synonym of]	N/A	Eptesicus fuscus lynni	Eptesicus fuscus [synonym of]	Eptesicus dutertreus [synonym of]	 	Eptesicus dutertreus lynni
https://linker.bio/line:hash://sha256/8b20b8ebd7b5bd963ba9f45ca371e7167e7d48b61e72aa14471a3e496be15a50!/L1,L291.tsv	Eptesicus fuscus	Eptesicus fuscus	Eptesicus fuscus	Eptesicus fuscus	Eptesicus serotinus fuscus	Eptesicus fuscus	Eptesicus fuscus	Eptesicus fuscus	Eptesicus fuscus	Eptesicus fuscus	Eptesicus fuscus	Eptesicus fuscus	Eptesicus fuscus	Eptesicus fuscus	Eptesicus fuscus
https://linker.bio/line:hash://sha256/8b20b8ebd7b5bd963ba9f45ca371e7167e7d48b61e72aa14471a3e496be15a50!/L1,L292.tsv	Erophylla sezekorni [synonym of]	Erophylla sezekorni [synonym of]	Erophylla bombifrons	Erophylla sezekorni [synonym of]	Erophylla bombifrons and Eptesicus serotinus bombifrons	Erophylla bombifrons	Erophylla bombifrons	Erophylla bombifrons	Erophylla bombifrons	Erophylla bombifrons	Erophylla bombifrons	Erophylla bombifrons	Erophylla bombifrons	Erophylla bombifrons	Erophylla bombifrons
https://linker.bio/line:hash://sha256/8b20b8ebd7b5bd963ba9f45ca371e7167e7d48b61e72aa14471a3e496be15a50!/L1,L293.tsv	Erophylla sezekorni	Erophylla sezekorni	Erophylla sezekorni	Erophylla sezekorni	Erophylla sezekorni	Erophylla sezekorni	Erophylla sezekorni	Erophylla sezekorni	Erophylla sezekorni	Erophylla sezekorni	Erophylla sezekorni	Erophylla sezekorni	Erophylla sezekorni	Erophylla sezekorni	Erophylla sezekorni
https://linker.bio/line:hash://sha256/8b20b8ebd7b5bd963ba9f45ca371e7167e7d48b61e72aa14471a3e496be15a50!/L1,L294.tsv	Euderma maculatum	Euderma maculatum	Euderma maculatum	Euderma maculatum	Euderma maculatum	Euderma maculatum	Euderma maculatum	Euderma maculatum	Euderma maculatum	Euderma maculatum	Euderma maculatum	Euderma maculatum	Euderma maculatum	Euderma maculatum	Euderma maculatum
https://linker.bio/line:hash://sha256/8b20b8ebd7b5bd963ba9f45ca371e7167e7d48b61e72aa14471a3e496be15a50!/L1,L295.tsv	N/A	N/A	N/A	N/A	N/A	N/A	Eudiscoderma thongareeae	Eudiscoderma thongareeae	Eudiscoderma thongareeae	Eudiscoderma thongareeae	Eudiscoderma thongareeae	Eudiscoderma thongareeae	Eudiscoderma thongareeae	Eudiscoderma thongareeae	Eudiscoderma thongareeae
https://linker.bio/line:hash://sha256/8b20b8ebd7b5bd963ba9f45ca371e7167e7d48b61e72aa14471a3e496be15a50!/L1,L296.tsv	Eudiscopus denticulus	Eudiscopus denticulus	Eudiscopus denticulous	Eudiscopus denticulus	Eudiscopus denticulus	Eudiscopus denticulus	Eudiscopus denticulus	Eudiscopus denticulus	Eudiscopus denticulus	Eudiscopus denticulus	Eudiscopus denticulus	Eudiscopus denticulus	Eudiscopus denticulus	Eudiscopus denticulus	Eudiscopus denticulus
https://linker.bio/line:hash://sha256/8b20b8ebd7b5bd963ba9f45ca371e7167e7d48b61e72aa14471a3e496be15a50!/L1,L297.tsv	Eumops auripendulus	Eumops auripendulus	Eumops auripendulus	Eumops auripendulus	Eumops auripendulus	Eumops auripendulus	Eumops auripendulus	Eumops auripendulus	Eumops auripendulus	Eumops auripendulus	Eumops auripendulus	Eumops auripendulus	Eumops auripendulus	Eumops auripendulus	Eumops auripendulus
https://linker.bio/line:hash://sha256/8b20b8ebd7b5bd963ba9f45ca371e7167e7d48b61e72aa14471a3e496be15a50!/L1,L298.tsv	Eumops bonariensis	Eumops bonariensis	Eumops bonariensis	Eumops bonariensis	Eumops bonariensis	Eumops bonariensis	Eumops bonariensis	Eumops bonariensis	Eumops bonariensis	Eumops bonariensis	Eumops bonariensis	Eumops bonariensis	Eumops bonariensis	Eumops bonariensis	Eumops bonariensis
https://linker.bio/line:hash://sha256/8b20b8ebd7b5bd963ba9f45ca371e7167e7d48b61e72aa14471a3e496be15a50!/L1,L299.tsv	N/A	N/A	N/A	N/A	N/A	N/A	Eumops chimaera	Eumops chimaera	Eumops chimaera	N/A	Eumops chimaera	Eumops chimaera	Eumops chimaera	Eumops chimaera	Eumops chimaera
https://linker.bio/line:hash://sha256/8b20b8ebd7b5bd963ba9f45ca371e7167e7d48b61e72aa14471a3e496be15a50!/L1,L300.tsv	N/A	N/A	N/A	N/A	N/A	N/A	Eumops chiribaya	Eumops chiribaya	Eumops chiribaya	N/A	Eumops chiribaya	Eumops chiribaya	Eumops chiribaya	Eumops chiribaya	Eumops chiribaya
https://linker.bio/line:hash://sha256/8b20b8ebd7b5bd963ba9f45ca371e7167e7d48b61e72aa14471a3e496be15a50!/L1,L301.tsv	Eumops dabbenei	Eumops dabbenei	Eumops dabbenei	Eumops dabbenei	Eumops dabbenei	Eumops dabbenei	Eumops dabbenei	Eumops dabbenei	Eumops dabbenei	Eumops dabbenei	Eumops dabbenei	Eumops dabbenei	Eumops dabbenei	Eumops dabbenei	Eumops dabbenei
https://linker.bio/line:hash://sha256/8b20b8ebd7b5bd963ba9f45ca371e7167e7d48b61e72aa14471a3e496be15a50!/L1,L302.tsv	N/A	N/A	N/A	Eumops bonariensis [synonym of]	Eumops bonariensis delticus	Eumops bonariensis delticus	Eumops delticus	Eumops delticus	Eumops delticus	Eumops delticus	Eumops delticus	Eumops delticus	Eumops delticus	Eumops delticus	Eumops delticus
https://linker.bio/line:hash://sha256/8b20b8ebd7b5bd963ba9f45ca371e7167e7d48b61e72aa14471a3e496be15a50!/L1,L303.tsv	N/A	N/A	N/A	Eumops glaucinus [synonym of]	N/A	Eumops glaucinus [synonym of]	Eumops ferox	Eumops ferox	Eumops ferox	Eumops ferox	Eumops ferox	Eumops ferox	Eumops ferox	Eumops ferox	Eumops ferox
https://linker.bio/line:hash://sha256/8b20b8ebd7b5bd963ba9f45ca371e7167e7d48b61e72aa14471a3e496be15a50!/L1,L304.tsv	N/A	Eumops glaucinus [synonym of]	N/A	Eumops glaucinus [synonym of]	Eumops glaucinus floridanus	Eumops glaucinus floridanus	Eumops floridanus	Eumops floridanus	Eumops floridanus	Eumops floridanus	Eumops floridanus	Eumops floridanus	Eumops floridanus	Eumops floridanus	Eumops floridanus
https://linker.bio/line:hash://sha256/8b20b8ebd7b5bd963ba9f45ca371e7167e7d48b61e72aa14471a3e496be15a50!/L1,L305.tsv	Eumops glaucinus	Eumops glaucinus	Eumops glaucinus	Eumops glaucinus	Eumops glaucinus	Eumops glaucinus	Eumops glaucinus	Eumops glaucinus	Eumops glaucinus	Eumops glaucinus	Eumops glaucinus	Eumops glaucinus	Eumops glaucinus	Eumops glaucinus	Eumops glaucinus
https://linker.bio/line:hash://sha256/8b20b8ebd7b5bd963ba9f45ca371e7167e7d48b61e72aa14471a3e496be15a50!/L1,L306.tsv	Eumops hansae	Eumops hansae	Eumops hansae	Eumops hansae	Eumops hansae	Eumops hansae	Eumops hansae	Eumops hansae	Eumops hansae	Eumops hansae	Eumops hansae	Eumops hansae	Eumops hansae	Eumops hansae	Eumops hansae
https://linker.bio/line:hash://sha256/8b20b8ebd7b5bd963ba9f45ca371e7167e7d48b61e72aa14471a3e496be15a50!/L1,L307.tsv	Eumops maurus	Eumops maurus	Eumops maurus	Eumops maurus	Eumops maurus	Eumops maurus	Eumops maurus	Eumops maurus	Eumops maurus	Eumops maurus	Eumops maurus	Eumops maurus	Eumops maurus	Eumops maurus	Eumops maurus
https://linker.bio/line:hash://sha256/8b20b8ebd7b5bd963ba9f45ca371e7167e7d48b61e72aa14471a3e496be15a50!/L1,L308.tsv	N/A	N/A	N/A	Eumops bonariensis [synonym of]	Eumops glaucinus nanus	Eumops bonariensis nanus	Eumops nanus	Eumops nanus	Eumops nanus	Eumops nanus	Eumops nanus	Eumops nanus	Eumops nanus	Eumops nanus	Eumops nanus
https://linker.bio/line:hash://sha256/8b20b8ebd7b5bd963ba9f45ca371e7167e7d48b61e72aa14471a3e496be15a50!/L1,L309.tsv	N/A	N/A	N/A	Eumops bonariensis [synonym of]	N/A	Eumops patagonicus	Eumops patagonicus	Eumops patagonicus	Eumops patagonicus	Eumops patagonicus	Eumops patagonicus	Eumops patagonicus	Eumops patagonicus	Eumops patagonicus	Eumops patagonicus
https://linker.bio/line:hash://sha256/8b20b8ebd7b5bd963ba9f45ca371e7167e7d48b61e72aa14471a3e496be15a50!/L1,L310.tsv	Eumops perotis	Eumops perotis	Eumops perotis	Eumops perotis	Eumops perotis	Eumops perotis	Eumops perotis	Eumops perotis	Eumops perotis	Eumops perotis	Eumops perotis	Eumops perotis	Eumops perotis	Eumops perotis	Eumops perotis
https://linker.bio/line:hash://sha256/8b20b8ebd7b5bd963ba9f45ca371e7167e7d48b61e72aa14471a3e496be15a50!/L1,L311.tsv	Eumops perotis [synonym of]	Eumops perotis [synonym of]	Eumops perotis [synonym of]	Eumops perotis [synonym of]	Eumops perotis trumbulli	Eumops trumbulli	Eumops trumbulli	Eumops trumbulli	Eumops trumbulli	Eumops trumbulli	Eumops trumbulli	Eumops trumbulli	Eumops trumbulli	Eumops trumbulli	Eumops trumbulli
https://linker.bio/line:hash://sha256/8b20b8ebd7b5bd963ba9f45ca371e7167e7d48b61e72aa14471a3e496be15a50!/L1,L312.tsv	Eumops underwoodi	Eumops underwoodi	Eumops underwoodi	Eumops underwoodi	Eumops underwoodi	Eumops underwoodi	Eumops underwoodi	Eumops underwoodi	Eumops underwoodi	Eumops underwoodi	Eumops underwoodi	Eumops underwoodi	Eumops underwoodi	Eumops underwoodi	Eumops underwoodi
https://linker.bio/line:hash://sha256/8b20b8ebd7b5bd963ba9f45ca371e7167e7d48b61e72aa14471a3e496be15a50!/L1,L313.tsv	N/A	N/A	N/A	N/A	N/A	N/A	Eumops wilsoni	Eumops wilsoni	Eumops wilsoni	Eumops wilsoni	Eumops wilsoni	Eumops wilsoni	Eumops wilsoni	Eumops wilsoni	Eumops wilsoni
https://linker.bio/line:hash://sha256/8b20b8ebd7b5bd963ba9f45ca371e7167e7d48b61e72aa14471a3e496be15a50!/L1,L314.tsv	N/A	N/A	Pipistrellus mackenziei	Pipistrellus tasmaniensis [synonym of]	Pipistrellus tasmaniensis mackenziei	Falsistrellus mackenziei	Falsistrellus mackenziei	Falsistrellus mackenziei	Falsistrellus mackenziei	Falsistrellus mackenziei	Falsistrellus mackenziei	Falsistrellus mackenziei	Falsistrellus mackenziei	Falsistrellus mackenziei	Falsistrellus mackenziei
https://linker.bio/line:hash://sha256/8b20b8ebd7b5bd963ba9f45ca371e7167e7d48b61e72aa14471a3e496be15a50!/L1,L315.tsv	Pipistrellus tasmaniensis	Pipistrellus tasmaniensis	N/A	Pipistrellus tasmaniensis	Pipistrellus tasmaniensis	Falsistrellus tasmaniensis	Falsistrellus tasmaniensis	Falsistrellus tasmaniensis	Falsistrellus tasmaniensis	Falsistrellus tasmaniensis	Falsistrellus tasmaniensis	Falsistrellus tasmaniensis	Falsistrellus tasmaniensis	Falsistrellus tasmaniensis	Falsistrellus tasmaniensis
https://linker.bio/line:hash://sha256/8b20b8ebd7b5bd963ba9f45ca371e7167e7d48b61e72aa14471a3e496be15a50!/L1,L316.tsv	Furipterus horrens	Furipterus horrens	Furipterus horrens	Furipterus horrens	Furipterus horrens	Furipterus horrens	Furipterus horrens	Furipterus horrens	Furipterus horrens	Furipterus horrens	Furipterus horrens	Furipterus horrens	Furipterus horrens	Furipterus horrens	Furipterus horrens
https://linker.bio/line:hash://sha256/8b20b8ebd7b5bd963ba9f45ca371e7167e7d48b61e72aa14471a3e496be15a50!/L1,L317.tsv	Mimon crenulatum	Mimon crenulatum	Mimon crenulatum	Mimon crenulatum	Mimon crenulatum	Mimon crenulatum	Gardnerycteris crenulatum	Gardnerycteris crenulatum	Gardnerycteris crenulatum	Gardnerycteris crenulatum	Gardnerycteris crenulatum	Gardnerycteris crenulata	Gardnerycteris crenulata	Gardnerycteris crenulata	Gardnerycteris crenulata
https://linker.bio/line:hash://sha256/8b20b8ebd7b5bd963ba9f45ca371e7167e7d48b61e72aa14471a3e496be15a50!/L1,L318.tsv	N/A	N/A	N/A	Mimon crenulatum [synonym of]	Mimon crenulatum keenani	Mimon crenulatum keenani	Gardnerycteris keenani	Gardnerycteris keenani	Gardnerycteris keenani	N/A	Gardnerycteris keenani	Gardnerycteris keenani	Gardnerycteris keenani	Gardnerycteris keenani	Gardnerycteris keenani
https://linker.bio/line:hash://sha256/8b20b8ebd7b5bd963ba9f45ca371e7167e7d48b61e72aa14471a3e496be15a50!/L1,L319.tsv	N/A	Mimon crenulatum [synonym of]	Mimon crenulatum [synonym of]	Mimon crenulatum [synonym of]	Mimon crenulatum koepckeae	Mimon koepckeae	Gardnerycteris koepckeae	Gardnerycteris koepckeae	Gardnerycteris koepckeae	Gardnerycteris koepckeae	Gardnerycteris koepckeae	Gardnerycteris koepckeae	Gardnerycteris koepckeae	Gardnerycteris koepckeae	Gardnerycteris koepckeae
https://linker.bio/line:hash://sha256/8b20b8ebd7b5bd963ba9f45ca371e7167e7d48b61e72aa14471a3e496be15a50!/L1,L320.tsv	Glauconycteris alboguttatus	Chalinolobus alboguttatus	Glauconycteris alboguttatus	Chalinolobus alboguttatus	Chalinolobus alboguttatus	Glauconycteris alboguttata	Glauconycteris alboguttata	Glauconycteris alboguttata	Glauconycteris alboguttata	Glauconycteris alboguttata	Glauconycteris alboguttata	Glauconycteris alboguttata	Glauconycteris alboguttata	Glauconycteris alboguttata	Glauconycteris alboguttata
https://linker.bio/line:hash://sha256/8b20b8ebd7b5bd963ba9f45ca371e7167e7d48b61e72aa14471a3e496be15a50!/L1,L321.tsv	Glauconycteris argentata	Chalinolobus argentatus	Glauconycteris argentata	Chalinolobus argentatus	Chalinolobus argentatus	Glauconycteris argentata	Glauconycteris argentata	Glauconycteris argentata	Glauconycteris argentata	Glauconycteris argentata	Glauconycteris argentata	Glauconycteris argentata	Glauconycteris argentata	Glauconycteris argentata	Glauconycteris argentata
https://linker.bio/line:hash://sha256/8b20b8ebd7b5bd963ba9f45ca371e7167e7d48b61e72aa14471a3e496be15a50!/L1,L322.tsv	N/A	N/A	N/A	N/A	N/A	N/A	Glauconycteris atra	Glauconycteris atra	Glauconycteris atra	N/A	Glauconycteris atra	Glauconycteris atra	Glauconycteris atra	Glauconycteris atra	Glauconycteris atra
https://linker.bio/line:hash://sha256/8b20b8ebd7b5bd963ba9f45ca371e7167e7d48b61e72aa14471a3e496be15a50!/L1,L323.tsv	Glauconycteris beatrix	Chalinolobus beatrix	Glauconycteris beatrix	Chalinolobus beatrix	Chalinolobus beatrix	Glauconycteris beatrix	Glauconycteris beatrix	Glauconycteris beatrix	Glauconycteris beatrix	Glauconycteris beatrix	Glauconycteris beatrix	Glauconycteris beatrix	Glauconycteris beatrix	Glauconycteris beatrix	Glauconycteris beatrix
https://linker.bio/line:hash://sha256/8b20b8ebd7b5bd963ba9f45ca371e7167e7d48b61e72aa14471a3e496be15a50!/L1,L324.tsv	N/A	N/A	N/A	N/A	N/A	Glauconycteris curryae	Glauconycteris curryae	Glauconycteris curryae	Glauconycteris curryae	Glauconycteris curryae	Glauconycteris curryae	Glauconycteris curryae	Glauconycteris curryae	Glauconycteris curryae	Glauconycteris curryae
https://linker.bio/line:hash://sha256/8b20b8ebd7b5bd963ba9f45ca371e7167e7d48b61e72aa14471a3e496be15a50!/L1,L325.tsv	Glauconycteris egeria	Chalinolobus egeria	Glauconycteris egeria	Chalinolobus egeria	Chalinolobus egeria	Glauconycteris egeria	Glauconycteris egeria	Glauconycteris egeria	Glauconycteris egeria	Glauconycteris egeria	Glauconycteris egeria	Glauconycteris egeria	Glauconycteris egeria	Glauconycteris egeria	Glauconycteris egeria
https://linker.bio/line:hash://sha256/8b20b8ebd7b5bd963ba9f45ca371e7167e7d48b61e72aa14471a3e496be15a50!/L1,L326.tsv	Glauconycteris gleni	Chalinolobus gleni	Glauconycteris gleni	Chalinolobus gleni	Chalinolobus gleni	Glauconycteris gleni	Glauconycteris gleni	Glauconycteris gleni	Glauconycteris gleni	Glauconycteris gleni	Glauconycteris gleni	Glauconycteris gleni	Glauconycteris gleni	Glauconycteris gleni	Glauconycteris gleni
https://linker.bio/line:hash://sha256/8b20b8ebd7b5bd963ba9f45ca371e7167e7d48b61e72aa14471a3e496be15a50!/L1,L327.tsv	N/A	humeralis	N/A	Chalinolobus beatrix [synonym of]	Chalinolobus beatrix humeralis	Glauconycteris humeralis	Glauconycteris humeralis	Glauconycteris humeralis	Glauconycteris humeralis	Glauconycteris humeralis	Glauconycteris humeralis	Glauconycteris humeralis	Glauconycteris humeralis	Glauconycteris humeralis	Glauconycteris humeralis
https://linker.bio/line:hash://sha256/8b20b8ebd7b5bd963ba9f45ca371e7167e7d48b61e72aa14471a3e496be15a50!/L1,L328.tsv	N/A	N/A	Glauconycteris kenyacola	Chalinolobus kenyacola	Chalinolobus kenyacola	Glauconycteris kenyacola	Glauconycteris kenyacola	Glauconycteris kenyacola	Glauconycteris kenyacola	Glauconycteris kenyacola	Glauconycteris kenyacola	Glauconycteris kenyacola	Glauconycteris kenyacola	Glauconycteris kenyacola	Glauconycteris kenyacola
https://linker.bio/line:hash://sha256/8b20b8ebd7b5bd963ba9f45ca371e7167e7d48b61e72aa14471a3e496be15a50!/L1,L329.tsv	Glauconycteris machadoi	Glauconycteris variegata [synonym of]	Glauconycteris machadoi	Glauconycteris variegata [synonym of]	Glauconycteris variegata machadoi	Glauconycteris machadoi	Glauconycteris machadoi	Glauconycteris machadoi	Glauconycteris machadoi	Glauconycteris machadoi	Glauconycteris machadoi	Glauconycteris machadoi	Glauconycteris machadoi	Glauconycteris machadoi	Glauconycteris machadoi
https://linker.bio/line:hash://sha256/8b20b8ebd7b5bd963ba9f45ca371e7167e7d48b61e72aa14471a3e496be15a50!/L1,L330.tsv	Glauconycteris poensis	Chalinolobus poensis	Glauconycteris poensis	Chalinolobus poensis	Chalinolobus poensis	Glauconycteris poensis	Glauconycteris poensis	Glauconycteris poensis	Glauconycteris poensis	Glauconycteris poensis	Glauconycteris poensis	Glauconycteris poensis	Glauconycteris poensis	Glauconycteris poensis	Glauconycteris poensis
https://linker.bio/line:hash://sha256/8b20b8ebd7b5bd963ba9f45ca371e7167e7d48b61e72aa14471a3e496be15a50!/L1,L331.tsv	Glauconycteris superba	Chalinolobus superbus	Glauconycteris superba	Chalinolobus superbus	Chalinolobus superbus	Glauconycteris superba	Glauconycteris superba	Glauconycteris superba	Glauconycteris superba	Glauconycteris superba	Glauconycteris superba	Glauconycteris superba	Glauconycteris superba	Glauconycteris superba	Glauconycteris superba
https://linker.bio/line:hash://sha256/8b20b8ebd7b5bd963ba9f45ca371e7167e7d48b61e72aa14471a3e496be15a50!/L1,L332.tsv	Glauconycteris variegata	Chalinolobus variegatus	Glauconycteris variegata	Chalinolobus variegatus	Chalinolobus variegatus	Glauconycteris variegata	Glauconycteris variegata	Glauconycteris variegata	Glauconycteris variegata	Glauconycteris variegata	Glauconycteris variegata	Glauconycteris variegata	Glauconycteris variegata	Glauconycteris variegata	Glauconycteris variegata
https://linker.bio/line:hash://sha256/8b20b8ebd7b5bd963ba9f45ca371e7167e7d48b61e72aa14471a3e496be15a50!/L1,L333.tsv	N/A	N/A	N/A	N/A	N/A	N/A	Glischropus aquilus	Glischropus aquilus	Glischropus aquilus	N/A	Glischropus aquilus	Glischropus aquilus	Glischropus aquilus	Glischropus aquilus	Glischropus aquilus
https://linker.bio/line:hash://sha256/8b20b8ebd7b5bd963ba9f45ca371e7167e7d48b61e72aa14471a3e496be15a50!/L1,L334.tsv	N/A	N/A	N/A	N/A	N/A	N/A	Glischropus bucephalus	Glischropus bucephalus	Glischropus bucephalus	Glischropus bucephalus	Glischropus bucephalus	Glischropus bucephalus	Glischropus bucephalus	Glischropus bucephalus	Glischropus bucephalus
https://linker.bio/line:hash://sha256/8b20b8ebd7b5bd963ba9f45ca371e7167e7d48b61e72aa14471a3e496be15a50!/L1,L335.tsv	Glischropus javanus	Glischropus javanus	Glischropus javanus	Glischropus javanus	Glischropus javanus	Glischropus javanus	Glischropus javanus	Glischropus javanus	Glischropus javanus	Glischropus javanus	Glischropus javanus	Glischropus javanus	Glischropus javanus	Glischropus javanus	Glischropus javanus
https://linker.bio/line:hash://sha256/8b20b8ebd7b5bd963ba9f45ca371e7167e7d48b61e72aa14471a3e496be15a50!/L1,L336.tsv	N/A	N/A	N/A	N/A	N/A	N/A	N/A	Glischropus meghalayanus	N/A	N/A	Glischropus meghalayanus	Glischropus meghalayanus	Glischropus meghalayanus	Glischropus meghalayanus	Glischropus meghalayanus
https://linker.bio/line:hash://sha256/8b20b8ebd7b5bd963ba9f45ca371e7167e7d48b61e72aa14471a3e496be15a50!/L1,L337.tsv	Glischropus tylopus	Glischropus tylopus	Glischropus tylopus	Glischropus tylopus	Glischropus tylopus	Glischropus tylopus	Glischropus tylopus	Glischropus tylopus	Glischropus tylopus	Glischropus tylopus	Glischropus tylopus	Glischropus tylopus	Glischropus tylopus	Glischropus tylopus	Glischropus tylopus
https://linker.bio/line:hash://sha256/8b20b8ebd7b5bd963ba9f45ca371e7167e7d48b61e72aa14471a3e496be15a50!/L1,L338.tsv	N/A	N/A	N/A	Glossophaga soricina [synonym of]	Glossophaga soricina antillarum	Glossophaga soricina antillarum	Glossophaga soricina antillarum	Glossophaga antillarum	Glossophaga antillarum	N/A	Glossophaga antillarum	Glossophaga antillarum	Glossophaga antillarum	Glossophaga antillarum	Glossophaga antillarum
https://linker.bio/line:hash://sha256/8b20b8ebd7b5bd963ba9f45ca371e7167e7d48b61e72aa14471a3e496be15a50!/L1,L339.tsv	N/A	N/A	N/A	Glossophaga commissarisi [synonym of]	Glossophaga commissarisi bakeri	Glossophaga commissarisi bakeri	Glossophaga commissarisi bakeri	Glossophaga bakeri	Glossophaga bakeri	N/A	Glossophaga bakeri	Glossophaga bakeri	Glossophaga bakeri	Glossophaga bakeri	Glossophaga bakeri
https://linker.bio/line:hash://sha256/8b20b8ebd7b5bd963ba9f45ca371e7167e7d48b61e72aa14471a3e496be15a50!/L1,L340.tsv	Glossophaga commissarisi	Glossophaga commissarisi	Glossophaga commissarisi	Glossophaga commissarisi	Glossophaga commissarisi	Glossophaga commissarisi	Glossophaga commissarisi	Glossophaga commissarisi	Glossophaga commissarisi	Glossophaga commissarisi	Glossophaga commissarisi	Glossophaga commissarisi	Glossophaga commissarisi	Glossophaga commissarisi	Glossophaga commissarisi
https://linker.bio/line:hash://sha256/8b20b8ebd7b5bd963ba9f45ca371e7167e7d48b61e72aa14471a3e496be15a50!/L1,L341.tsv	N/A	Glossophaga leachii	Glossophaga leachii	Glossophaga leachii	Glossophaga leachii	Glossophaga leachii	Glossophaga leachii	Glossophaga leachii	Glossophaga leachii	Glossophaga leachii	Glossophaga leachii	Glossophaga leachii	Glossophaga leachii	Glossophaga leachii	Glossophaga leachii
https://linker.bio/line:hash://sha256/8b20b8ebd7b5bd963ba9f45ca371e7167e7d48b61e72aa14471a3e496be15a50!/L1,L342.tsv	Glossophaga alticola	Glossophaga leachii [synonym of]	Glossophaga leachii [synonym of]	Glossophaga leachii [synonym of]	N/A	Glossophaga leachii [synonym of]	N/A	Glossophaga leachii leachii [synonym of]	Glossophaga leachii [synonym of]	N/A	Glossophaga leachii leachii [synonym of]	Glossophaga leachii [synonym of]	Glossophaga leachii [synonym of]	 	Glossophaga leachii [synonym of]
https://linker.bio/line:hash://sha256/8b20b8ebd7b5bd963ba9f45ca371e7167e7d48b61e72aa14471a3e496be15a50!/L1,L343.tsv	Glossophaga longirostris	Glossophaga longirostris	Glossophaga longirostris	Glossophaga longirostris	Glossophaga longirostris	Glossophaga longirostris	Glossophaga longirostris	Glossophaga longirostris	Glossophaga longirostris	Glossophaga longirostris	Glossophaga longirostris	Glossophaga longirostris	Glossophaga longirostris	Glossophaga longirostris	Glossophaga longirostris
https://linker.bio/line:hash://sha256/8b20b8ebd7b5bd963ba9f45ca371e7167e7d48b61e72aa14471a3e496be15a50!/L1,L344.tsv	N/A	Glossophaga leachii [synonym of]	Glossophaga morenoi	Glossophaga morenoi	N/A	Glossophaga morenoi	Glossophaga morenoi	Glossophaga morenoi	Glossophaga morenoi	Glossophaga morenoi	Glossophaga morenoi	Glossophaga morenoi	Glossophaga morenoi	Glossophaga morenoi	Glossophaga morenoi
https://linker.bio/line:hash://sha256/8b20b8ebd7b5bd963ba9f45ca371e7167e7d48b61e72aa14471a3e496be15a50!/L1,L345.tsv	N/A	Glossophaga mexicana	Glossophaga morenoi [synonym of]	Glossophaga morenoi [synonym of]	Glossophaga mexicana	Glossophaga morenoi mexicana	Glossophaga morenoi mexicana	Glossophaga morenoi mexicana	Glossophaga morenoi [synonym of]	Glossophaga morenoi [synonym of]	Glossophaga morenoi mexicana	Glossophaga morenoi [synonym of]	Glossophaga morenoi [synonym of]	 	Glossophaga morenoi mexicana
https://linker.bio/line:hash://sha256/8b20b8ebd7b5bd963ba9f45ca371e7167e7d48b61e72aa14471a3e496be15a50!/L1,L346.tsv	N/A	N/A	N/A	Glossophaga soricina [synonym of]	Glossophaga soricina mutica	Glossophaga soricina mutica	Glossophaga soricina mutica	Glossophaga mutica	Glossophaga mutica	N/A	Glossophaga mutica	Glossophaga mutica	Glossophaga mutica	Glossophaga mutica	Glossophaga mutica
https://linker.bio/line:hash://sha256/8b20b8ebd7b5bd963ba9f45ca371e7167e7d48b61e72aa14471a3e496be15a50!/L1,L347.tsv	Glossophaga soricina	Glossophaga soricina	Glossophaga soricina	Glossophaga soricina	Glossophaga soricina	Glossophaga soricina	Glossophaga soricina	Glossophaga soricina	Glossophaga soricina	Glossophaga soricina	Glossophaga soricina	Glossophaga soricina	Glossophaga soricina	Glossophaga soricina	Glossophaga soricina
https://linker.bio/line:hash://sha256/8b20b8ebd7b5bd963ba9f45ca371e7167e7d48b61e72aa14471a3e496be15a50!/L1,L348.tsv	N/A	N/A	N/A	Glossophaga soricina [synonym of]	Glossophaga soricina valens	Glossophaga soricina valens	Glossophaga soricina valens	Glossophaga valens	Glossophaga valens	N/A	Glossophaga valens	Glossophaga valens	Glossophaga valens	Glossophaga valens	Glossophaga valens
https://linker.bio/line:hash://sha256/8b20b8ebd7b5bd963ba9f45ca371e7167e7d48b61e72aa14471a3e496be15a50!/L1,L349.tsv	Micronycteris behni	Micronycteris behni	Micronycteris behnii	Micronycteris behnii	Micronycteris behni	Glyphonycteris behnii	Glyphonycteris behnii	Glyphonycteris behnii	Glyphonycteris behnii	Glyphonycteris behnii	Glyphonycteris behnii	Glyphonycteris behnii	Glyphonycteris behnii	Glyphonycteris behnii	Glyphonycteris behnii
https://linker.bio/line:hash://sha256/8b20b8ebd7b5bd963ba9f45ca371e7167e7d48b61e72aa14471a3e496be15a50!/L1,L350.tsv	Barticonycteris daviesi	Micronycteris daviesi	Barticonycteris daviesi	Micronycteris daviesi	Micronycteris daviesi	Glyphonycteris daviesi	Glyphonycteris daviesi	Glyphonycteris daviesi	Glyphonycteris daviesi	Glyphonycteris daviesi	Glyphonycteris daviesi	Glyphonycteris daviesi	Glyphonycteris daviesi	Glyphonycteris daviesi	Glyphonycteris daviesi
https://linker.bio/line:hash://sha256/8b20b8ebd7b5bd963ba9f45ca371e7167e7d48b61e72aa14471a3e496be15a50!/L1,L351.tsv	Micronycteris sylvestris	Micronycteris sylvestris	Micronycteris sylvestris	Micronycteris sylvestris	Micronycteris sylvestris	Glyphonycteris sylvestris	Glyphonycteris sylvestris	Glyphonycteris sylvestris	Glyphonycteris sylvestris	Glyphonycteris sylvestris	Glyphonycteris sylvestris	Glyphonycteris sylvestris	Glyphonycteris sylvestris	Glyphonycteris sylvestris	Glyphonycteris sylvestris
https://linker.bio/line:hash://sha256/8b20b8ebd7b5bd963ba9f45ca371e7167e7d48b61e72aa14471a3e496be15a50!/L1,L352.tsv	Haplonycteris fischeri	Haplonycteris fischeri	Haplonycteris fischeri	Haplonycteris fischeri	Haplonycteris fischeri	Haplonycteris fischeri	Haplonycteris fischeri	Haplonycteris fischeri	Haplonycteris fischeri	Haplonycteris fischeri	Haplonycteris fischeri	Haplonycteris fischeri	Haplonycteris fischeri	Haplonycteris fischeri	Haplonycteris fischeri
https://linker.bio/line:hash://sha256/8b20b8ebd7b5bd963ba9f45ca371e7167e7d48b61e72aa14471a3e496be15a50!/L1,L353.tsv	Harpiocephalus harpia	Harpiocephalus harpia	Harpiocephalus harpia	Harpiocephalus harpia	Harpiocephalus harpia	Harpiocephalus harpia	Harpiocephalus harpia	Harpiocephalus harpia	Harpiocephalus harpia	Harpiocephalus harpia	Harpiocephalus harpia	Harpiocephalus harpia	Harpiocephalus harpia	Harpiocephalus harpia	Harpiocephalus harpia
https://linker.bio/line:hash://sha256/8b20b8ebd7b5bd963ba9f45ca371e7167e7d48b61e72aa14471a3e496be15a50!/L1,L354.tsv	N/A	N/A	Harpiocephalus mordax	Harpiocephalus harpia [synonym of]	Harpiocephalus mordax	Harpiocephalus mordax	Harpiocephalus harpia [synonym of]	N/A	Harpiocephalus harpia [synonym of]	Harpiocephalus harpia [synonym of]	Harpiocephalus harpia harpia [synonym of]	Harpiocephalus harpia [synonym of]	Harpiocephalus harpia [synonym of]	 	Harpiocephalus harpia [synonym of]
https://linker.bio/line:hash://sha256/8b20b8ebd7b5bd963ba9f45ca371e7167e7d48b61e72aa14471a3e496be15a50!/L1,L355.tsv	Murina grisea	Murina grisea	Murina grisea	Murina grisea	Murina grisea	Murina grisea	Harpiola grisea	Harpiola grisea	Harpiola grisea	Harpiola grisea	Harpiola grisea	Harpiola grisea	Harpiola grisea	Harpiola grisea	Harpiola grisea
https://linker.bio/line:hash://sha256/8b20b8ebd7b5bd963ba9f45ca371e7167e7d48b61e72aa14471a3e496be15a50!/L1,L356.tsv	N/A	N/A	N/A	N/A	N/A	N/A	Harpiola isodon	Harpiola isodon	Harpiola isodon	Harpiola isodon	Harpiola isodon	Harpiola isodon	Harpiola isodon	Harpiola isodon	Harpiola isodon
https://linker.bio/line:hash://sha256/8b20b8ebd7b5bd963ba9f45ca371e7167e7d48b61e72aa14471a3e496be15a50!/L1,L357.tsv	Harpyionycteris celebensis	Harpyionycteris celebensis	Harpyionycteris celebensis	Harpyionycteris celebensis	Harpyionycteris whiteheadi celebensis	Harpyionycteris celebensis	Harpyionycteris celebensis	Harpyionycteris celebensis	Harpyionycteris celebensis	Harpyionycteris celebensis	Harpyionycteris celebensis	Harpyionycteris celebensis	Harpyionycteris celebensis	Harpyionycteris celebensis	Harpyionycteris celebensis
https://linker.bio/line:hash://sha256/8b20b8ebd7b5bd963ba9f45ca371e7167e7d48b61e72aa14471a3e496be15a50!/L1,L358.tsv	Harpyionycteris whiteheadi	Harpyionycteris whiteheadi	Harpyionycteris whiteheadi	Harpyionycteris whiteheadi	Harpyionycteris whiteheadi	Harpyionycteris whiteheadi	Harpyionycteris whiteheadi	Harpyionycteris whiteheadi	Harpyionycteris whiteheadi	Harpyionycteris whiteheadi	Harpyionycteris whiteheadi	Harpyionycteris whiteheadi	Harpyionycteris whiteheadi	Harpyionycteris whiteheadi	Harpyionycteris whiteheadi
https://linker.bio/line:hash://sha256/8b20b8ebd7b5bd963ba9f45ca371e7167e7d48b61e72aa14471a3e496be15a50!/L1,L359.tsv	Hesperoptenus blanfordi	Hesperoptenus blanfordi	Hesperoptenus blanfordi	Hesperoptenus blanfordi	Hesperoptenus blanfordi	Hesperoptenus blanfordi	Hesperoptenus blanfordi	Hesperoptenus blanfordi	Hesperoptenus blanfordi	Hesperoptenus blanfordi	Hesperoptenus blanfordi	Hesperoptenus blanfordi	Hesperoptenus blanfordi	Hesperoptenus blanfordi	Hesperoptenus blanfordi
https://linker.bio/line:hash://sha256/8b20b8ebd7b5bd963ba9f45ca371e7167e7d48b61e72aa14471a3e496be15a50!/L1,L360.tsv	Hesperoptenus doriae	Hesperoptenus doriae	Hesperoptenus doriae	Hesperoptenus doriae	Hesperoptenus doriae	Hesperoptenus doriae	Hesperoptenus doriae	Hesperoptenus doriae	Hesperoptenus doriae	Hesperoptenus doriae	Hesperoptenus doriae	Hesperoptenus doriae	Hesperoptenus doriae	Hesperoptenus doriae	Hesperoptenus doriae
https://linker.bio/line:hash://sha256/8b20b8ebd7b5bd963ba9f45ca371e7167e7d48b61e72aa14471a3e496be15a50!/L1,L361.tsv	N/A	N/A	Hesperoptenus gaskelli	Hesperoptenus gaskelli	Hesperoptenus gaskelli	Hesperoptenus gaskelli	Hesperoptenus gaskelli	Hesperoptenus gaskelli	Hesperoptenus gaskelli	Hesperoptenus gaskelli	Hesperoptenus gaskelli	Hesperoptenus gaskelli	Hesperoptenus gaskelli	Hesperoptenus gaskelli	Hesperoptenus gaskelli
https://linker.bio/line:hash://sha256/8b20b8ebd7b5bd963ba9f45ca371e7167e7d48b61e72aa14471a3e496be15a50!/L1,L362.tsv	Hesperoptenus tickelli	Hesperoptenus tickelli	Hesperoptenus tickelli	Hesperoptenus tickelli	Hesperoptenus tickelli	Hesperoptenus tickelli	Hesperoptenus tickelli	Hesperoptenus tickelli	Hesperoptenus tickelli	Hesperoptenus tickelli	Hesperoptenus tickelli	Hesperoptenus tickelli	Hesperoptenus tickelli	Hesperoptenus tickelli	Hesperoptenus tickelli
https://linker.bio/line:hash://sha256/8b20b8ebd7b5bd963ba9f45ca371e7167e7d48b61e72aa14471a3e496be15a50!/L1,L363.tsv	Hesperoptenus tomesi	Hesperoptenus tomesi	Hesperoptenus tomesi	Hesperoptenus tomesi	Hesperoptenus tomesi	Hesperoptenus tomesi	Hesperoptenus tomesi	Hesperoptenus tomesi	Hesperoptenus tomesi	Hesperoptenus tomesi	Hesperoptenus tomesi	Hesperoptenus tomesi	Hesperoptenus tomesi	Hesperoptenus tomesi	Hesperoptenus tomesi
https://linker.bio/line:hash://sha256/8b20b8ebd7b5bd963ba9f45ca371e7167e7d48b61e72aa14471a3e496be15a50!/L1,L364.tsv	Hipposideros abae	Hipposideros abae	Hipposideros abae	Hipposideros abae	Hipposideros abae	Hipposideros abae	Hipposideros abae	Hipposideros abae	Hipposideros abae	Hipposideros abae	Hipposideros abae	Hipposideros abae	Hipposideros abae	Hipposideros abae	Hipposideros abae
https://linker.bio/line:hash://sha256/8b20b8ebd7b5bd963ba9f45ca371e7167e7d48b61e72aa14471a3e496be15a50!/L1,L365.tsv	N/A	N/A	N/A	Hipposideros larvatus [synonym of]	Hipposideros larvatus alongensis	Hipposideros turpis alongensis	Hipposideros alongensis	Hipposideros alongensis	Hipposideros alongensis	Hipposideros alongensis	Hipposideros alongensis	Hipposideros alongensis	Hipposideros alongensis	Hipposideros alongensis	Hipposideros alongensis
https://linker.bio/line:hash://sha256/8b20b8ebd7b5bd963ba9f45ca371e7167e7d48b61e72aa14471a3e496be15a50!/L1,L366.tsv	N/A	N/A	N/A	Hipposideros ater [synonym of]	Hipposideros ater antricola	Hipposideros ater antricola	Hipposideros ater antricola	Hipposideros antricola	Hipposideros antricola	N/A	Hipposideros antricola	Hipposideros antricola	Hipposideros antricola	Hipposideros antricola	Hipposideros antricola
https://linker.bio/line:hash://sha256/8b20b8ebd7b5bd963ba9f45ca371e7167e7d48b61e72aa14471a3e496be15a50!/L1,L367.tsv	Hipposideros armiger	Hipposideros armiger	Hipposideros armiger	Hipposideros armiger	Hipposideros armiger	Hipposideros armiger	Hipposideros armiger	Hipposideros armiger	Hipposideros armiger	Hipposideros armiger	Hipposideros armiger	Hipposideros armiger	Hipposideros armiger	Hipposideros armiger	Hipposideros armiger
https://linker.bio/line:hash://sha256/8b20b8ebd7b5bd963ba9f45ca371e7167e7d48b61e72aa14471a3e496be15a50!/L1,L368.tsv	Hipposideros ater	Hipposideros ater	Hipposideros ater	Hipposideros ater	Hipposideros ater	Hipposideros ater	Hipposideros ater	Hipposideros ater	Hipposideros ater	Hipposideros ater	Hipposideros ater	Hipposideros ater	Hipposideros ater	Hipposideros ater	Hipposideros ater
https://linker.bio/line:hash://sha256/8b20b8ebd7b5bd963ba9f45ca371e7167e7d48b61e72aa14471a3e496be15a50!/L1,L369.tsv	Hipposideros beatus	Hipposideros beatus	Hipposideros beatus	Hipposideros beatus	Hipposideros beatus	Hipposideros beatus	Hipposideros beatus	Hipposideros beatus	Hipposideros beatus	Hipposideros beatus	Hipposideros beatus	Hipposideros beatus	Hipposideros beatus	Hipposideros beatus	Hipposideros beatus
https://linker.bio/line:hash://sha256/8b20b8ebd7b5bd963ba9f45ca371e7167e7d48b61e72aa14471a3e496be15a50!/L1,L370.tsv	Hipposideros bicolor	Hipposideros bicolor	Hipposideros bicolor	Hipposideros bicolor	Hipposideros bicolor	Hipposideros bicolor	Hipposideros bicolor	Hipposideros bicolor	Hipposideros bicolor	Hipposideros bicolor	Hipposideros bicolor	Hipposideros bicolor	Hipposideros bicolor	Hipposideros bicolor	Hipposideros bicolor
https://linker.bio/line:hash://sha256/8b20b8ebd7b5bd963ba9f45ca371e7167e7d48b61e72aa14471a3e496be15a50!/L1,L371.tsv	N/A	N/A	N/A	Hipposideros bicolor [synonym of]	Hipposideros bicolor atrox	Hipposideros bicolor atrox	Hipposideros bicolor atrox	N/A	Hipposideros bicolor [synonym of]	Hipposideros atrox	Hipposideros bicolor atrox	Hipposideros bicolor [synonym of]	Hipposideros bicolor [synonym of]	 	Hipposideros bicolor atrox
https://linker.bio/line:hash://sha256/8b20b8ebd7b5bd963ba9f45ca371e7167e7d48b61e72aa14471a3e496be15a50!/L1,L372.tsv	N/A	N/A	N/A	N/A	N/A	N/A	Hipposideros boeadii	Hipposideros boeadii	Hipposideros boeadii	Hipposideros boeadii	Hipposideros boeadii	Hipposideros boeadii	Hipposideros boeadii	Hipposideros boeadii	Hipposideros boeadii
https://linker.bio/line:hash://sha256/8b20b8ebd7b5bd963ba9f45ca371e7167e7d48b61e72aa14471a3e496be15a50!/L1,L373.tsv	N/A	N/A	N/A	Hipposideros galeritus [synonym of]	Hipposideros galeritus brachyotis	Hipposideros galeritus brachyotus	Hipposideros galeritus brachyotis	N/A	Hipposideros galeritus [synonym of]	N/A	Hipposideros galeritus brachyotis	Hipposideros galeritus [synonym of]	N/A		Hipposideros brachyotus
https://linker.bio/line:hash://sha256/8b20b8ebd7b5bd963ba9f45ca371e7167e7d48b61e72aa14471a3e496be15a50!/L1,L374.tsv	Hipposideros breviceps	Hipposideros breviceps	Hipposideros breviceps	Hipposideros breviceps	Hipposideros breviceps	Hipposideros breviceps	Hipposideros breviceps	Hipposideros breviceps	Hipposideros breviceps	Hipposideros breviceps	Hipposideros breviceps	Hipposideros breviceps	Hipposideros breviceps	Hipposideros breviceps	Hipposideros breviceps
https://linker.bio/line:hash://sha256/8b20b8ebd7b5bd963ba9f45ca371e7167e7d48b61e72aa14471a3e496be15a50!/L1,L375.tsv	Hipposideros caffer	Hipposideros caffer	Hipposideros caffer	Hipposideros caffer	Hipposideros caffer	Hipposideros caffer	Hipposideros caffer	Hipposideros caffer	Hipposideros caffer	Hipposideros caffer	Hipposideros caffer	Hipposideros caffer	Hipposideros caffer	Hipposideros caffer	Hipposideros caffer
https://linker.bio/line:hash://sha256/8b20b8ebd7b5bd963ba9f45ca371e7167e7d48b61e72aa14471a3e496be15a50!/L1,L376.tsv	Hipposideros calcaratus	Hipposideros calcaratus	Hipposideros calcaratus	Hipposideros calcaratus	Hipposideros calcaratus	Hipposideros calcaratus	Hipposideros calcaratus	Hipposideros calcaratus	Hipposideros calcaratus	Hipposideros calcaratus	Hipposideros calcaratus	Hipposideros calcaratus	Hipposideros calcaratus	Hipposideros calcaratus	Hipposideros calcaratus
https://linker.bio/line:hash://sha256/8b20b8ebd7b5bd963ba9f45ca371e7167e7d48b61e72aa14471a3e496be15a50!/L1,L377.tsv	Hipposideros cupidus	Hipposideros calcaratus [synonym of]	Hipposideros calcaratus [synonym of]	Hipposideros calcaratus [synonym of]	Hipposideros calcaratus cupidus	Hipposideros calcaratus cupidus	Hipposideros calcaratus cupidus	Hipposideros calcaratus cupidus	Hipposideros calcaratus [synonym of]	Hipposideros calcaratus cupidus	Hipposideros calcaratus cupidus	Hipposideros calcaratus [synonym of]	Hipposideros calcaratus [synonym of]	 	Hipposideros calcaratus cupidus
https://linker.bio/line:hash://sha256/8b20b8ebd7b5bd963ba9f45ca371e7167e7d48b61e72aa14471a3e496be15a50!/L1,L378.tsv	N/A	Hipposideros galeritus [synonym of]	Hipposideros cervinus	Hipposideros cervinus	Hipposideros cervinus	Hipposideros cervinus	Hipposideros cervinus	Hipposideros cervinus	Hipposideros cervinus	Hipposideros cervinus	Hipposideros cervinus	Hipposideros cervinus	Hipposideros cervinus	Hipposideros cervinus	Hipposideros cervinus
https://linker.bio/line:hash://sha256/8b20b8ebd7b5bd963ba9f45ca371e7167e7d48b61e72aa14471a3e496be15a50!/L1,L379.tsv	Hipposideros cineraceus	Hipposideros cineraceus	Hipposideros cineraceus	Hipposideros cineraceus	Hipposideros cineraceus	Hipposideros cineraceus	Hipposideros cineraceus	Hipposideros cineraceus	Hipposideros cineraceus	Hipposideros cineraceus	Hipposideros cineraceus	Hipposideros cineraceus	Hipposideros cineraceus	Hipposideros cineraceus	Hipposideros cineraceus
https://linker.bio/line:hash://sha256/8b20b8ebd7b5bd963ba9f45ca371e7167e7d48b61e72aa14471a3e496be15a50!/L1,L380.tsv	Hipposideros coronatus	Hipposideros coronatus	Hipposideros coronatus	Hipposideros coronatus	Hipposideros coronatus	Hipposideros coronatus	Hipposideros coronatus	Hipposideros coronatus	Hipposideros coronatus	Hipposideros coronatus	Hipposideros coronatus	Hipposideros coronatus	Hipposideros coronatus	Hipposideros coronatus	Hipposideros coronatus
https://linker.bio/line:hash://sha256/8b20b8ebd7b5bd963ba9f45ca371e7167e7d48b61e72aa14471a3e496be15a50!/L1,L381.tsv	N/A	N/A	Hipposideros corynophyllus	Hipposideros corynophyllus	Hipposideros corynophyllus	Hipposideros corynophyllus	Doryrhina corynophyllus	Hipposideros corynophyllus	Doryrhina corynophyllus	Hipposideros corynophyllus	Hipposideros corynophyllus	Hipposideros corynophyllus	Hipposideros corynophyllus	Hipposideros corynophyllus	Hipposideros corynophyllus
https://linker.bio/line:hash://sha256/8b20b8ebd7b5bd963ba9f45ca371e7167e7d48b61e72aa14471a3e496be15a50!/L1,L382.tsv	Hipposideros coxi	Hipposideros coxi	Hipposideros coxi	Hipposideros coxi	Hipposideros coxi	Hipposideros coxi	Hipposideros coxi	Hipposideros coxi	Hipposideros coxi	Hipposideros coxi	Hipposideros coxi	Hipposideros coxi	Hipposideros coxi	Hipposideros coxi	Hipposideros coxi
https://linker.bio/line:hash://sha256/8b20b8ebd7b5bd963ba9f45ca371e7167e7d48b61e72aa14471a3e496be15a50!/L1,L383.tsv	Hipposideros crumeniferus	Hipposideros crumeniferus	Hipposideros crumeniferus	Hipposideros crumeniferus	Hipposideros crumeniferus	Hipposideros crumeniferus	Hipposideros crumeniferus	Hipposideros crumeniferus	Hipposideros crumeniferus	Hipposideros crumeniferus	Hipposideros crumeniferus	Hipposideros crumeniferus	Hipposideros crumeniferus	Hipposideros crumeniferus	Hipposideros crumeniferus
https://linker.bio/line:hash://sha256/8b20b8ebd7b5bd963ba9f45ca371e7167e7d48b61e72aa14471a3e496be15a50!/L1,L384.tsv	Hipposideros curtus	Hipposideros curtus	Hipposideros curtus	Hipposideros curtus	Hipposideros curtus	Hipposideros curtus	Hipposideros curtus	Hipposideros curtus	Hipposideros curtus	Hipposideros curtus	Hipposideros curtus	Hipposideros curtus	Hipposideros curtus	Hipposideros curtus	Hipposideros curtus
https://linker.bio/line:hash://sha256/8b20b8ebd7b5bd963ba9f45ca371e7167e7d48b61e72aa14471a3e496be15a50!/L1,L385.tsv	N/A	N/A	N/A	Hipposideros diadema [synonym of]	Hipposideros diadema demissus	Hipposideros demissus	Hipposideros demissus	Hipposideros demissus	Hipposideros demissus	Hipposideros demissus	Hipposideros demissus	Hipposideros demissus	Hipposideros demissus	Hipposideros demissus	Hipposideros demissus
https://linker.bio/line:hash://sha256/8b20b8ebd7b5bd963ba9f45ca371e7167e7d48b61e72aa14471a3e496be15a50!/L1,L386.tsv	Hipposideros diadema	Hipposideros diadema	Hipposideros diadema	Hipposideros diadema	Hipposideros diadema	Hipposideros diadema	Hipposideros diadema	Hipposideros diadema	Hipposideros diadema	Hipposideros diadema	Hipposideros diadema	Hipposideros diadema	Hipposideros diadema	Hipposideros diadema	Hipposideros diadema
https://linker.bio/line:hash://sha256/8b20b8ebd7b5bd963ba9f45ca371e7167e7d48b61e72aa14471a3e496be15a50!/L1,L387.tsv	Hipposideros dinops	Hipposideros dinops	Hipposideros dinops	Hipposideros dinops	Hipposideros dinops	Hipposideros dinops	Hipposideros dinops	Hipposideros dinops	Hipposideros dinops	Hipposideros dinops	Hipposideros dinops	Hipposideros dinops	Hipposideros dinops	Hipposideros dinops	Hipposideros dinops
https://linker.bio/line:hash://sha256/8b20b8ebd7b5bd963ba9f45ca371e7167e7d48b61e72aa14471a3e496be15a50!/L1,L388.tsv	Hipposideros doriae	Hipposideros doriae	Hipposideros doriae	Hipposideros doriae	Hipposideros doriae	Hipposideros doriae	Hipposideros doriae	Hipposideros doriae	Hipposideros doriae	Hipposideros doriae	Hipposideros doriae	Hipposideros doriae	Hipposideros doriae	Hipposideros doriae	Hipposideros doriae
https://linker.bio/line:hash://sha256/8b20b8ebd7b5bd963ba9f45ca371e7167e7d48b61e72aa14471a3e496be15a50!/L1,L389.tsv	Hipposideros sabanus	Hipposideros sabanus	Hipposideros sabanus	N/A	Hipposideros sabanus	Hipposideros doriae [synonym of]	Hipposideros doriae [synonym of]	Hipposideros doriae doriae [synonym of]	Hipposideros doriae [synonym of]	Hipposideros doriae [synonym of]	Hipposideros doriae doriae [synonym of]	Hipposideros doriae [synonym of]	Hipposideros doriae [synonym of]	 	Hipposideros doriae [synonym of]
https://linker.bio/line:hash://sha256/8b20b8ebd7b5bd963ba9f45ca371e7167e7d48b61e72aa14471a3e496be15a50!/L1,L390.tsv	N/A	N/A	Hipposideros durgadasi	Hipposideros cineraceus [synonym of]	Hipposideros cineraceus durgadasi	Hipposideros durgadasi	Hipposideros durgadasi	Hipposideros durgadasi	Hipposideros durgadasi	Hipposideros durgadasi	Hipposideros durgadasi	Hipposideros durgadasi	Hipposideros durgadasi	Hipposideros durgadasi	Hipposideros durgadasi
https://linker.bio/line:hash://sha256/8b20b8ebd7b5bd963ba9f45ca371e7167e7d48b61e72aa14471a3e496be15a50!/L1,L391.tsv	Hipposideros dyacorum	Hipposideros dyacorum	Hipposideros dyacorum	Hipposideros dyacorum	Hipposideros dyacorum	Hipposideros dyacorum	Hipposideros dyacorum	Hipposideros dyacorum	Hipposideros dyacorum	Hipposideros dyacorum	Hipposideros dyacorum	Hipposideros dyacorum	Hipposideros dyacorum	Hipposideros dyacorum	Hipposideros dyacorum
https://linker.bio/line:hash://sha256/8b20b8ebd7b5bd963ba9f45ca371e7167e7d48b61e72aa14471a3e496be15a50!/L1,L392.tsv	N/A	N/A	N/A	N/A	N/A	Hipposideros edwardshilli	Doryrhina edwardshilli	Hipposideros edwardshilli	Doryrhina edwardshilli	Hipposideros edwardshilli	Hipposideros edwardshilli	Hipposideros edwardshilli	Hipposideros edwardshilli	Hipposideros edwardshilli	Hipposideros edwardshilli
https://linker.bio/line:hash://sha256/8b20b8ebd7b5bd963ba9f45ca371e7167e7d48b61e72aa14471a3e496be15a50!/L1,L393.tsv	N/A	N/A	N/A	N/A	N/A	N/A	Hipposideros einnaythu	Hipposideros einnaythu	Hipposideros einnaythu	Hipposideros einnaythu	Hipposideros einnaythu	Hipposideros einnaythu	Hipposideros einnaythu	Hipposideros einnaythu	Hipposideros einnaythu
https://linker.bio/line:hash://sha256/8b20b8ebd7b5bd963ba9f45ca371e7167e7d48b61e72aa14471a3e496be15a50!/L1,L394.tsv	Hipposideros fuliginosus	Hipposideros fuliginosus	Hipposideros fuliginosus	Hipposideros fuliginosus	Hipposideros fuliginosus	Hipposideros fuliginosus	Hipposideros fuliginosus	Hipposideros fuliginosus	Hipposideros fuliginosus	Hipposideros fuliginosus	Hipposideros fuliginosus	Hipposideros fuliginosus	Hipposideros fuliginosus	Hipposideros fuliginosus	Hipposideros fuliginosus
https://linker.bio/line:hash://sha256/8b20b8ebd7b5bd963ba9f45ca371e7167e7d48b61e72aa14471a3e496be15a50!/L1,L395.tsv	Hipposideros fulvus	Hipposideros fulvus	Hipposideros fulvus	Hipposideros fulvus	Hipposideros fulvus	Hipposideros fulvus	Hipposideros fulvus	Hipposideros fulvus	Hipposideros fulvus	Hipposideros fulvus	Hipposideros fulvus	Hipposideros fulvus	Hipposideros fulvus	Hipposideros fulvus	Hipposideros fulvus
https://linker.bio/line:hash://sha256/8b20b8ebd7b5bd963ba9f45ca371e7167e7d48b61e72aa14471a3e496be15a50!/L1,L396.tsv	Hipposideros galeritus	Hipposideros galeritus	Hipposideros galeritus	Hipposideros galeritus	Hipposideros galeritus	Hipposideros galeritus	Hipposideros galeritus	Hipposideros galeritus	Hipposideros galeritus	Hipposideros galeritus	Hipposideros galeritus	Hipposideros galeritus	Hipposideros galeritus	Hipposideros galeritus	Hipposideros galeritus
https://linker.bio/line:hash://sha256/8b20b8ebd7b5bd963ba9f45ca371e7167e7d48b61e72aa14471a3e496be15a50!/L1,L397.tsv	N/A	N/A	N/A	N/A	N/A	Hipposideros pomona gentiles	Hipposideros gentilis	Hipposideros gentilis	Hipposideros gentilis	Hipposideros gentilis	Hipposideros gentilis	Hipposideros gentilis	Hipposideros gentilis	Hipposideros gentilis	Hipposideros gentilis
https://linker.bio/line:hash://sha256/8b20b8ebd7b5bd963ba9f45ca371e7167e7d48b61e72aa14471a3e496be15a50!/L1,L398.tsv	Paracoelops megalotis	Paracoelops megalotis	Paracoelops megalotis	N/A	Paracoelops megalotis	N/A	N/A	Hipposideros pomona pomona [synonym of]	Hipposideros gentilis [synonym of]	N/A	Hipposideros pomona pomona [synonym of]	Hipposideros gentilis [synonym of]	Hipposideros gentilis [synonym of]	 	Hipposideros gentilis [synonym of]
https://linker.bio/line:hash://sha256/8b20b8ebd7b5bd963ba9f45ca371e7167e7d48b61e72aa14471a3e496be15a50!/L1,L399.tsv	N/A	N/A	N/A	Hipposideros larvatus [synonym of]	Hipposideros larvatus grandis	Hipposideros grandis	Hipposideros grandis	Hipposideros grandis	Hipposideros grandis	Hipposideros grandis	Hipposideros grandis	Hipposideros grandis	Hipposideros grandis	Hipposideros grandis	Hipposideros grandis
https://linker.bio/line:hash://sha256/8b20b8ebd7b5bd963ba9f45ca371e7167e7d48b61e72aa14471a3e496be15a50!/L1,L400.tsv	N/A	N/A	N/A	N/A	N/A	N/A	Hipposideros griffini	Hipposideros griffini	Hipposideros griffini	Hipposideros griffini	Hipposideros griffini	Hipposideros griffini	Hipposideros griffini	Hipposideros griffini	Hipposideros griffini
https://linker.bio/line:hash://sha256/8b20b8ebd7b5bd963ba9f45ca371e7167e7d48b61e72aa14471a3e496be15a50!/L1,L401.tsv	N/A	N/A	Hipposideros halophyllus	Hipposideros halophyllus	Hipposideros halophyllus	Hipposideros halophyllus	Hipposideros halophyllus	Hipposideros halophyllus	Hipposideros halophyllus	Hipposideros halophyllus	Hipposideros halophyllus	Hipposideros halophyllus	Hipposideros halophyllus	Hipposideros halophyllus	Hipposideros halophyllus
https://linker.bio/line:hash://sha256/8b20b8ebd7b5bd963ba9f45ca371e7167e7d48b61e72aa14471a3e496be15a50!/L1,L402.tsv	N/A	N/A	N/A	N/A	N/A	Hipposideros hypophyllus	Hipposideros hypophyllus	Hipposideros hypophyllus	Hipposideros hypophyllus	Hipposideros hypophyllus	Hipposideros hypophyllus	Hipposideros hypophyllus	Hipposideros hypophyllus	Hipposideros hypophyllus	Hipposideros hypophyllus
https://linker.bio/line:hash://sha256/8b20b8ebd7b5bd963ba9f45ca371e7167e7d48b61e72aa14471a3e496be15a50!/L1,L403.tsv	Hipposideros inexpectatus	Hipposideros inexpectatus	Hipposideros inexpectatus	Hipposideros inexpectatus	Hipposideros inexpectatus	Hipposideros inexpectatus	Hipposideros inexpectatus	Hipposideros inexpectatus	Hipposideros inexpectatus	Hipposideros inexpectatus	Hipposideros inexpectatus	Hipposideros inexpectatus	Hipposideros inexpectatus	Hipposideros inexpectatus	Hipposideros inexpectatus
https://linker.bio/line:hash://sha256/8b20b8ebd7b5bd963ba9f45ca371e7167e7d48b61e72aa14471a3e496be15a50!/L1,L404.tsv	N/A	N/A	N/A	Hipposideros diadema [synonym of]	Hipposideros diadema inornatus	Hipposideros inornatus	Hipposideros inornatus	Hipposideros inornatus	Hipposideros inornatus	Hipposideros inornatus	Hipposideros inornatus	Hipposideros inornatus	Hipposideros inornatus	Hipposideros inornatus	Hipposideros inornatus
https://linker.bio/line:hash://sha256/8b20b8ebd7b5bd963ba9f45ca371e7167e7d48b61e72aa14471a3e496be15a50!/L1,L405.tsv	Hipposideros jonesi	Hipposideros jonesi	Hipposideros jonesi	Hipposideros jonesi	Hipposideros jonesi	Hipposideros jonesi	Hipposideros jonesi	Hipposideros jonesi	Hipposideros jonesi	Hipposideros jonesi	Hipposideros jonesi	Hipposideros jonesi	Hipposideros jonesi	Hipposideros jonesi	Hipposideros jonesi
https://linker.bio/line:hash://sha256/8b20b8ebd7b5bd963ba9f45ca371e7167e7d48b61e72aa14471a3e496be15a50!/L1,L406.tsv	N/A	N/A	N/A	N/A	N/A	N/A	Hipposideros khaokhouayensis	Hipposideros khaokhouayensis	Hipposideros khaokhouayensis	Hipposideros khaokhouayensis	Hipposideros khaokhouayensis	Hipposideros khaokhouayensis	Hipposideros khaokhouayensis	Hipposideros khaokhouayensis	Hipposideros khaokhouayensis
https://linker.bio/line:hash://sha256/8b20b8ebd7b5bd963ba9f45ca371e7167e7d48b61e72aa14471a3e496be15a50!/L1,L407.tsv	N/A	N/A	N/A	N/A	N/A	N/A	N/A	N/A	N/A	N/A	N/A	N/A	Hipposideros kingstonae	Hipposideros kingstonae	Hipposideros kingstonae
https://linker.bio/line:hash://sha256/8b20b8ebd7b5bd963ba9f45ca371e7167e7d48b61e72aa14471a3e496be15a50!/L1,L408.tsv	N/A	N/A	N/A	N/A	N/A	N/A	Hipposideros kunzi	Hipposideros kunzi	Hipposideros kunzi	N/A	Hipposideros kunzi	Hipposideros kunzi	Hipposideros kunzi	Hipposideros kunzi	Hipposideros kunzi
https://linker.bio/line:hash://sha256/8b20b8ebd7b5bd963ba9f45ca371e7167e7d48b61e72aa14471a3e496be15a50!/L1,L409.tsv	N/A	N/A	Hipposideros lamottei	Hipposideros lamottei	Hipposideros lamottei	Hipposideros lamottei	Hipposideros lamottei	Hipposideros lamottei	Hipposideros lamottei	Hipposideros lamottei	Hipposideros lamottei	Hipposideros lamottei	Hipposideros lamottei	Hipposideros lamottei	Hipposideros lamottei
https://linker.bio/line:hash://sha256/8b20b8ebd7b5bd963ba9f45ca371e7167e7d48b61e72aa14471a3e496be15a50!/L1,L410.tsv	Hipposideros lankadiva	Hipposideros lankadiva	Hipposideros lankadiva	Hipposideros lankadiva	Hipposideros lankadiva	Hipposideros lankadiva	Hipposideros lankadiva	Hipposideros lankadiva	Hipposideros lankadiva	Hipposideros lankadiva	Hipposideros lankadiva	Hipposideros lankadiva	Hipposideros lankadiva	Hipposideros lankadiva	Hipposideros lankadiva
https://linker.bio/line:hash://sha256/8b20b8ebd7b5bd963ba9f45ca371e7167e7d48b61e72aa14471a3e496be15a50!/L1,L411.tsv	Hipposideros schistaceus	Hipposideros schistaceus	Hipposideros schistaceus	N/A	Hipposideros schistaceus	Hipposideros lankadiva [synonym of]	N/A	Hipposideros lankadiva lankadiva [synonym of]	Hipposideros lankadiva [synonym of]	Hipposideros lankadiva [synonym of]	Hipposideros lankadiva indus [synonym of]	Hipposideros lankadiva [synonym of]	Hipposideros lankadiva [synonym of]	 	Hipposideros lankadiva lankadiva [synonym of]
https://linker.bio/line:hash://sha256/8b20b8ebd7b5bd963ba9f45ca371e7167e7d48b61e72aa14471a3e496be15a50!/L1,L412.tsv	Hipposideros larvatus	Hipposideros larvatus	Hipposideros larvatus	Hipposideros larvatus	Hipposideros larvatus	Hipposideros larvatus	N/A	Hipposideros larvatus	Hipposideros larvatus	Hipposideros larvatus	Hipposideros larvatus	Hipposideros larvatus	Hipposideros larvatus	Hipposideros larvatus	Hipposideros larvatus
https://linker.bio/line:hash://sha256/8b20b8ebd7b5bd963ba9f45ca371e7167e7d48b61e72aa14471a3e496be15a50!/L1,L413.tsv	N/A	N/A	N/A	N/A	N/A	N/A	N/A	Hipposideros khasiana	Hipposideros larvatus [synonym of]	Hipposideros khasiana	Hipposideros larvatus larvatus [synonym of]	Hipposideros larvatus [synonym of]	Hipposideros larvatus [synonym of]	 	Hipposideros larvatus [synonym of]
https://linker.bio/line:hash://sha256/8b20b8ebd7b5bd963ba9f45ca371e7167e7d48b61e72aa14471a3e496be15a50!/L1,L414.tsv	Hipposideros lekaguli	Hipposideros lekaguli	Hipposideros lekaguli	Hipposideros lekaguli	Hipposideros lekaguli	Hipposideros lekaguli	Hipposideros lekaguli	Hipposideros lekaguli	Hipposideros lekaguli	Hipposideros lekaguli	Hipposideros lekaguli	Hipposideros lekaguli	Hipposideros lekaguli	Hipposideros lekaguli	Hipposideros lekaguli
https://linker.bio/line:hash://sha256/8b20b8ebd7b5bd963ba9f45ca371e7167e7d48b61e72aa14471a3e496be15a50!/L1,L415.tsv	Hipposideros lylei	Hipposideros lylei	Hipposideros lylei	Hipposideros lylei	Hipposideros lylei	Hipposideros lylei	Hipposideros lylei	Hipposideros lylei	Hipposideros lylei	Hipposideros lylei	Hipposideros lylei	Hipposideros lylei	Hipposideros lylei	Hipposideros lylei	Hipposideros lylei
https://linker.bio/line:hash://sha256/8b20b8ebd7b5bd963ba9f45ca371e7167e7d48b61e72aa14471a3e496be15a50!/L1,L416.tsv	N/A	N/A	Hipposideros macrobullatus	Hipposideros macrobullatus	Hipposideros macrobullatus	Hipposideros macrobullatus	Hipposideros macrobullatus	Hipposideros macrobullatus	Hipposideros macrobullatus	Hipposideros macrobullatus	Hipposideros macrobullatus	Hipposideros macrobullatus	Hipposideros macrobullatus	Hipposideros macrobullatus	Hipposideros macrobullatus
https://linker.bio/line:hash://sha256/8b20b8ebd7b5bd963ba9f45ca371e7167e7d48b61e72aa14471a3e496be15a50!/L1,L417.tsv	N/A	N/A	N/A	N/A	N/A	Hipposideros madurae	Hipposideros madurae	Hipposideros madurae	Hipposideros madurae	Hipposideros madurae	Hipposideros madurae	Hipposideros madurae	Hipposideros madurae	Hipposideros madurae	Hipposideros madurae
https://linker.bio/line:hash://sha256/8b20b8ebd7b5bd963ba9f45ca371e7167e7d48b61e72aa14471a3e496be15a50!/L1,L418.tsv	N/A	Hipposideros maggietaylorae	Hipposideros maggietaylorae	Hipposideros maggietaylorae	Hipposideros maggietaylorae	Hipposideros maggietaylorae	Hipposideros maggietaylorae	Hipposideros maggietaylorae	Hipposideros maggietaylorae	Hipposideros maggietaylorae	Hipposideros maggietaylorae	Hipposideros maggietaylorae	Hipposideros maggietaylorae	Hipposideros maggietaylorae	Hipposideros maggietaylorae
https://linker.bio/line:hash://sha256/8b20b8ebd7b5bd963ba9f45ca371e7167e7d48b61e72aa14471a3e496be15a50!/L1,L419.tsv	Hipposideros marisae	Hipposideros marisae	Hipposideros marisae	Hipposideros marisae	Hipposideros marisae	Hipposideros marisae	Hipposideros marisae	Hipposideros marisae	Hipposideros marisae	Hipposideros marisae	Hipposideros marisae	Hipposideros marisae	Hipposideros marisae	Hipposideros marisae	Hipposideros marisae
https://linker.bio/line:hash://sha256/8b20b8ebd7b5bd963ba9f45ca371e7167e7d48b61e72aa14471a3e496be15a50!/L1,L420.tsv	Hipposideros megalotis	Hipposideros megalotis	Hipposideros megalotis	Hipposideros megalotis	Hipposideros megalotis	Hipposideros megalotis	Hipposideros megalotis	Hipposideros megalotis	Hipposideros megalotis	Hipposideros megalotis	Hipposideros megalotis	Hipposideros megalotis	Hipposideros megalotis	Hipposideros megalotis	Hipposideros megalotis
https://linker.bio/line:hash://sha256/8b20b8ebd7b5bd963ba9f45ca371e7167e7d48b61e72aa14471a3e496be15a50!/L1,L421.tsv	Hipposideros muscinus	Hipposideros muscinus	Hipposideros muscinus	Hipposideros muscinus	Hipposideros muscinus	Hipposideros muscinus	Doryrhina muscinus	Hipposideros muscinus	Doryrhina muscinus	Hipposideros muscinus	Hipposideros muscinus	Hipposideros muscinus	Hipposideros muscinus	Hipposideros muscinus	Hipposideros muscinus
https://linker.bio/line:hash://sha256/8b20b8ebd7b5bd963ba9f45ca371e7167e7d48b61e72aa14471a3e496be15a50!/L1,L422.tsv	Hipposideros nequam	Hipposideros nequam	Hipposideros nequam	Hipposideros nequam	Hipposideros nequam	Hipposideros nequam	Hipposideros nequam	Hipposideros nequam	Hipposideros nequam	Hipposideros nequam	Hipposideros nequam	Hipposideros nequam	Hipposideros nequam	Hipposideros nequam	Hipposideros nequam
https://linker.bio/line:hash://sha256/8b20b8ebd7b5bd963ba9f45ca371e7167e7d48b61e72aa14471a3e496be15a50!/L1,L423.tsv	N/A	N/A	N/A	Hipposideros ater [synonym of]	Hipposideros ater nicobarulae	Hipposideros ater nicobarulae	Hipposideros nicobarulae	Hipposideros nicobarulae	Hipposideros nicobarulae	Hipposideros nicobarulae	Hipposideros nicobarulae	Hipposideros nicobarulae	Hipposideros nicobarulae	Hipposideros nicobarulae	Hipposideros nicobarulae
https://linker.bio/line:hash://sha256/8b20b8ebd7b5bd963ba9f45ca371e7167e7d48b61e72aa14471a3e496be15a50!/L1,L424.tsv	Hipposideros obscurus	Hipposideros obscurus	Hipposideros obscurus	Hipposideros obscurus	Hipposideros obscurus	Hipposideros obscurus	Hipposideros obscurus	Hipposideros obscurus	Hipposideros obscurus	Hipposideros obscurus	Hipposideros obscurus	Hipposideros obscurus	Hipposideros obscurus	Hipposideros obscurus	Hipposideros obscurus
https://linker.bio/line:hash://sha256/8b20b8ebd7b5bd963ba9f45ca371e7167e7d48b61e72aa14471a3e496be15a50!/L1,L425.tsv	N/A	N/A	N/A	N/A	N/A	Hipposideros orbiculus	Hipposideros orbiculus	Hipposideros orbiculus	Hipposideros orbiculus	Hipposideros orbiculus	Hipposideros orbiculus	Hipposideros orbiculus	Hipposideros orbiculus	Hipposideros orbiculus	Hipposideros orbiculus
https://linker.bio/line:hash://sha256/8b20b8ebd7b5bd963ba9f45ca371e7167e7d48b61e72aa14471a3e496be15a50!/L1,L426.tsv	Hipposideros papua	Hipposideros papua	Hipposideros papua	Hipposideros papua	Hipposideros papua	Hipposideros papua	Hipposideros papua	Hipposideros papua	Hipposideros papua	Hipposideros papua	Hipposideros papua	Hipposideros papua	Hipposideros papua	Hipposideros papua	Hipposideros papua
https://linker.bio/line:hash://sha256/8b20b8ebd7b5bd963ba9f45ca371e7167e7d48b61e72aa14471a3e496be15a50!/L1,L427.tsv	N/A	Hipposideros dinops [synonym of]	N/A	Hipposideros dinops [synonym of]	Hipposideros dinops pelingensis	Hipposideros pelingensis	Hipposideros pelingensis	Hipposideros pelingensis	Hipposideros pelingensis	Hipposideros pelingensis	Hipposideros pelingensis	Hipposideros pelingensis	Hipposideros pelingensis	Hipposideros pelingensis	Hipposideros pelingensis
https://linker.bio/line:hash://sha256/8b20b8ebd7b5bd963ba9f45ca371e7167e7d48b61e72aa14471a3e496be15a50!/L1,L428.tsv	N/A	N/A	N/A	Hipposideros turpis [synonym of]	Hipposideros turpis pendleburyi	Hipposideros turpis pendleburyi	Hipposideros pendleburyi	Hipposideros pendleburyi	Hipposideros pendleburyi	Hipposideros pendleburyi	Hipposideros pendleburyi	Hipposideros pendleburyi	Hipposideros pendleburyi	Hipposideros pendleburyi	Hipposideros pendleburyi
https://linker.bio/line:hash://sha256/8b20b8ebd7b5bd963ba9f45ca371e7167e7d48b61e72aa14471a3e496be15a50!/L1,L429.tsv	N/A	Hipposideros bicolor [synonym of]	Hipposideros pomona	Hipposideros pomona	Hipposideros pomona	Hipposideros pomona	Hipposideros pomona	Hipposideros pomona	Hipposideros pomona	Hipposideros pomona	Hipposideros pomona	Hipposideros pomona	Hipposideros pomona	Hipposideros pomona	Hipposideros pomona
https://linker.bio/line:hash://sha256/8b20b8ebd7b5bd963ba9f45ca371e7167e7d48b61e72aa14471a3e496be15a50!/L1,L430.tsv	N/A	N/A	N/A	Hipposideros larvatus [synonym of]	Hipposideros larvatus poutensis	Hipposideros larvatus [synonym of]	N/A	Hipposideros larvatus [synonym of]	Hipposideros larvatus [synonym of]	N/A	Hipposideros poutensis	Hipposideros poutensis	Hipposideros poutensis	Hipposideros poutensis	Hipposideros poutensis
https://linker.bio/line:hash://sha256/8b20b8ebd7b5bd963ba9f45ca371e7167e7d48b61e72aa14471a3e496be15a50!/L1,L431.tsv	Hipposideros pygmaeus	Hipposideros pygmaeus	Hipposideros pygmaeus	Hipposideros pygmaeus	Hipposideros pygmaeus	Hipposideros pygmaeus	Hipposideros pygmaeus	Hipposideros pygmaeus	Hipposideros pygmaeus	Hipposideros pygmaeus	Hipposideros pygmaeus	Hipposideros pygmaeus	Hipposideros pygmaeus	Hipposideros pygmaeus	Hipposideros pygmaeus
https://linker.bio/line:hash://sha256/8b20b8ebd7b5bd963ba9f45ca371e7167e7d48b61e72aa14471a3e496be15a50!/L1,L432.tsv	Hipposideros ridleyi	Hipposideros ridleyi	Hipposideros ridleyi	Hipposideros ridleyi	Hipposideros ridleyi	Hipposideros ridleyi	Hipposideros ridleyi	Hipposideros ridleyi	Hipposideros ridleyi	Hipposideros ridleyi	Hipposideros ridleyi	Hipposideros ridleyi	Hipposideros ridleyi	Hipposideros ridleyi	Hipposideros ridleyi
https://linker.bio/line:hash://sha256/8b20b8ebd7b5bd963ba9f45ca371e7167e7d48b61e72aa14471a3e496be15a50!/L1,L433.tsv	N/A	N/A	N/A	N/A	N/A	Hipposideros rotalis	Hipposideros rotalis	Hipposideros rotalis	Hipposideros rotalis	Hipposideros rotalis	Hipposideros rotalis	Hipposideros rotalis	Hipposideros rotalis	Hipposideros rotalis	Hipposideros rotalis
https://linker.bio/line:hash://sha256/8b20b8ebd7b5bd963ba9f45ca371e7167e7d48b61e72aa14471a3e496be15a50!/L1,L434.tsv	Hipposideros ruber	Hipposideros ruber	Hipposideros ruber	Hipposideros ruber	Hipposideros ruber	Hipposideros ruber	Hipposideros ruber	Hipposideros ruber	Hipposideros ruber	Hipposideros ruber	Hipposideros ruber	Hipposideros ruber	Hipposideros ruber	Hipposideros ruber	Hipposideros ruber
https://linker.bio/line:hash://sha256/8b20b8ebd7b5bd963ba9f45ca371e7167e7d48b61e72aa14471a3e496be15a50!/L1,L435.tsv	N/A	N/A	N/A	N/A	N/A	Hipposideros scutinares	Hipposideros scutinares	Hipposideros scutinares	Hipposideros scutinares	Hipposideros scutinares	Hipposideros scutinares	Hipposideros scutinares	Hipposideros scutinares	Hipposideros scutinares	Hipposideros scutinares
https://linker.bio/line:hash://sha256/8b20b8ebd7b5bd963ba9f45ca371e7167e7d48b61e72aa14471a3e496be15a50!/L1,L436.tsv	Hipposideros semoni	Hipposideros semoni	Hipposideros semoni	Hipposideros semoni	Hipposideros semoni	Hipposideros semoni	Doryrhina semoni	Hipposideros semoni	Doryrhina semoni	Hipposideros semoni	Hipposideros semoni	Hipposideros semoni	Hipposideros semoni	Hipposideros semoni	Hipposideros semoni
https://linker.bio/line:hash://sha256/8b20b8ebd7b5bd963ba9f45ca371e7167e7d48b61e72aa14471a3e496be15a50!/L1,L437.tsv	N/A	N/A	N/A	N/A	N/A	Hipposideros sorenseni	Hipposideros sorenseni	Hipposideros sorenseni	Hipposideros sorenseni	Hipposideros sorenseni	Hipposideros sorenseni	Hipposideros sorenseni	Hipposideros sorenseni	Hipposideros sorenseni	Hipposideros sorenseni
https://linker.bio/line:hash://sha256/8b20b8ebd7b5bd963ba9f45ca371e7167e7d48b61e72aa14471a3e496be15a50!/L1,L438.tsv	Hipposideros speoris	Hipposideros speoris	Hipposideros speoris	Hipposideros speoris	Hipposideros speoris	Hipposideros speoris	Hipposideros speoris	Hipposideros speoris	Hipposideros speoris	Hipposideros speoris	Hipposideros speoris	Hipposideros speoris	Hipposideros speoris	Hipposideros speoris	Hipposideros speoris
https://linker.bio/line:hash://sha256/8b20b8ebd7b5bd963ba9f45ca371e7167e7d48b61e72aa14471a3e496be15a50!/L1,L439.tsv	N/A	N/A	N/A	N/A	N/A	N/A	N/A	N/A	N/A	N/A	N/A	N/A	N/A		Hipposideros srilankaensis
https://linker.bio/line:hash://sha256/8b20b8ebd7b5bd963ba9f45ca371e7167e7d48b61e72aa14471a3e496be15a50!/L1,L440.tsv	Hipposideros stenotis	Hipposideros stenotis	Hipposideros stenotis	Hipposideros stenotis	Hipposideros stenotis	Hipposideros stenotis	Doryrhina stenotis	Hipposideros stenotis	Doryrhina stenotis	Hipposideros stenotis	Hipposideros stenotis	Hipposideros stenotis	Hipposideros stenotis	Hipposideros stenotis	Hipposideros stenotis
https://linker.bio/line:hash://sha256/8b20b8ebd7b5bd963ba9f45ca371e7167e7d48b61e72aa14471a3e496be15a50!/L1,L441.tsv	N/A	N/A	N/A	Hipposideros larvatus [synonym of]	Hipposideros larvatus sumbae	Hipposideros sumbae	Hipposideros sumbae	Hipposideros sumbae	Hipposideros sumbae	Hipposideros sumbae	Hipposideros sumbae	Hipposideros sumbae	Hipposideros sumbae	Hipposideros sumbae	Hipposideros sumbae
https://linker.bio/line:hash://sha256/8b20b8ebd7b5bd963ba9f45ca371e7167e7d48b61e72aa14471a3e496be15a50!/L1,L442.tsv	N/A	N/A	N/A	N/A	N/A	N/A	N/A	Hipposideros swinhoei	Hipposideros swinhoei	N/A	Hipposideros swinhoei	Hipposideros swinhoii	Hipposideros swinhoii	Hipposideros swinhoii	Hipposideros swinhoii
https://linker.bio/line:hash://sha256/8b20b8ebd7b5bd963ba9f45ca371e7167e7d48b61e72aa14471a3e496be15a50!/L1,L443.tsv	N/A	Hipposideros pratti	N/A	N/A	Hipposideros pratti	Hipposideros pratti	Hipposideros pratti	Hipposideros swinhoii swinhoii [synonym of]	Hipposideros swinhoei [synonym of]	Hipposideros pratti	Hipposideros swinhoei swinhoei [synonym of]	Hipposideros swinhoii [synonym of]	Hipposideros swinhoii [synonym of]	 	Hipposideros swinhoii [synonym of]
https://linker.bio/line:hash://sha256/8b20b8ebd7b5bd963ba9f45ca371e7167e7d48b61e72aa14471a3e496be15a50!/L1,L444.tsv	N/A	N/A	N/A	Hipposideros caffer [synonym of]	Hipposideros caffer tephrus	Hipposideros caffer tephrus	Hipposideros tephrus	Hipposideros tephrus	Hipposideros tephrus	Hipposideros tephrus	Hipposideros tephrus	Hipposideros tephrus	Hipposideros tephrus	Hipposideros tephrus	Hipposideros tephrus
https://linker.bio/line:hash://sha256/8b20b8ebd7b5bd963ba9f45ca371e7167e7d48b61e72aa14471a3e496be15a50!/L1,L445.tsv	Hipposideros turpis	Hipposideros turpis	Hipposideros turpis	Hipposideros turpis	Hipposideros turpis	Hipposideros turpis	Hipposideros turpis	Hipposideros turpis	Hipposideros turpis	Hipposideros turpis	Hipposideros turpis	Hipposideros turpis	Hipposideros turpis	Hipposideros turpis	Hipposideros turpis
https://linker.bio/line:hash://sha256/8b20b8ebd7b5bd963ba9f45ca371e7167e7d48b61e72aa14471a3e496be15a50!/L1,L446.tsv	Hipposideros wollastoni	Hipposideros wollastoni	Hipposideros wollastoni	Hipposideros wollastoni	Hipposideros wollastoni	Hipposideros wollastoni	Doryrhina wollastoni	Hipposideros wollastoni	Doryrhina wollastoni	Hipposideros wollastoni	Hipposideros wollastoni	Hipposideros wollastoni	Hipposideros wollastoni	Hipposideros wollastoni	Hipposideros wollastoni
https://linker.bio/line:hash://sha256/8b20b8ebd7b5bd963ba9f45ca371e7167e7d48b61e72aa14471a3e496be15a50!/L1,L447.tsv	Histiotus alienus	Histiotus alienus	Histiotus alienus	Histiotus alienus	Histiotus montanus alienus	Histiotus alienus	Histiotus alienus	Eptesicus alienus	Histiotus alienus	Histiotus alienus	Histiotus alienus	Histiotus alienus	Histiotus alienus	Histiotus alienus	Histiotus alienus
https://linker.bio/line:hash://sha256/8b20b8ebd7b5bd963ba9f45ca371e7167e7d48b61e72aa14471a3e496be15a50!/L1,L448.tsv	N/A	N/A	N/A	N/A	N/A	N/A	N/A	Eptesicus cadenai	Histiotus cadenai	N/A	Histiotus cadenai	Histiotus cadenai	Histiotus cadenai	Histiotus cadenai	Histiotus cadenai
https://linker.bio/line:hash://sha256/8b20b8ebd7b5bd963ba9f45ca371e7167e7d48b61e72aa14471a3e496be15a50!/L1,L449.tsv	N/A	N/A	N/A	Histiotus montanus [synonym of]	N/A	Hipposideros montanus colombiae	Histiotus montanus	Eptesicus colombiae	Histiotus colombiae	N/A	Histiotus colombiae	Histiotus colombiae	Histiotus colombiae	Histiotus colombiae	Histiotus colombiae
https://linker.bio/line:hash://sha256/8b20b8ebd7b5bd963ba9f45ca371e7167e7d48b61e72aa14471a3e496be15a50!/L1,L450.tsv	N/A	N/A	N/A	N/A	N/A	N/A	Histiotus diaphanopterus	Eptesicus diphanopterus	Histiotus diaphanopterus	N/A	Histiotus diaphanopterus	Histiotus diaphanopterus	Histiotus diaphanopterus	Histiotus diaphanopterus	Histiotus diaphanopterus
https://linker.bio/line:hash://sha256/8b20b8ebd7b5bd963ba9f45ca371e7167e7d48b61e72aa14471a3e496be15a50!/L1,L451.tsv	N/A	N/A	N/A	N/A	N/A	Histiotus humboldti	Histiotus humboldti	Eptesicus humboldti	Histiotus humboldti	Histiotus humboldti	Histiotus humboldti	Histiotus humboldti	Histiotus humboldti	Histiotus humboldti	Histiotus humboldti
https://linker.bio/line:hash://sha256/8b20b8ebd7b5bd963ba9f45ca371e7167e7d48b61e72aa14471a3e496be15a50!/L1,L452.tsv	Histiotus laephotis	Histiotus macrotus [synonym of]	N/A	Histiotus macrotus [synonym of]	Histiotus macrotus laephotis	Histiotus laephotis	Histiotus laephotis	Eptesicus laephotis	Histiotus laephotis	Histiotus laephotis	Histiotus laephotis	Histiotus laephotis	Histiotus laephotis	Histiotus laephotis	Histiotus laephotis
https://linker.bio/line:hash://sha256/8b20b8ebd7b5bd963ba9f45ca371e7167e7d48b61e72aa14471a3e496be15a50!/L1,L453.tsv	Histiotus macrotus	Histiotus macrotus	Histiotus macrotus	Histiotus macrotus	Histiotus macrotus	Histiotus macrotus	Histiotus macrotus	Eptesicus macrotus	Histiotus macrotus	Histiotus macrotus	Histiotus macrotus	Histiotus macrotus	Histiotus macrotus	Histiotus macrotus	Histiotus macrotus
https://linker.bio/line:hash://sha256/8b20b8ebd7b5bd963ba9f45ca371e7167e7d48b61e72aa14471a3e496be15a50!/L1,L454.tsv	N/A	N/A	N/A	N/A	N/A	Histiotus magellanicus	Histiotus magellanicus	Eptesicus magellanicus	Histiotus magellanicus	Histiotus magellanicus	Histiotus magellanicus	Histiotus magellanicus	Histiotus magellanicus	Histiotus magellanicus	Histiotus magellanicus
https://linker.bio/line:hash://sha256/8b20b8ebd7b5bd963ba9f45ca371e7167e7d48b61e72aa14471a3e496be15a50!/L1,L455.tsv	N/A	N/A	N/A	N/A	N/A	N/A	N/A	Eptesicus mochica	Histiotus mochica	N/A	Histiotus mochica	Histiotus mochica	Histiotus mochica	Histiotus mochica	Histiotus mochica
https://linker.bio/line:hash://sha256/8b20b8ebd7b5bd963ba9f45ca371e7167e7d48b61e72aa14471a3e496be15a50!/L1,L456.tsv	Histiotus montanus	Histiotus montanus	Histiotus montanus	Histiotus montanus	Histiotus montanus	Histiotus montanus	Histiotus montanus	Eptesicus montanus	Histiotus montanus	Histiotus montanus	Histiotus montanus	Histiotus montanus	Histiotus montanus	Histiotus montanus	Histiotus montanus
https://linker.bio/line:hash://sha256/8b20b8ebd7b5bd963ba9f45ca371e7167e7d48b61e72aa14471a3e496be15a50!/L1,L457.tsv	Histiotus velatus	Histiotus velatus	Histiotus velatus	Histiotus velatus	Histiotus velatus	Histiotus velatus	Histiotus velatus	Eptesicus velatus	Histiotus velatus	Histiotus velatus	Histiotus velatus	Histiotus velatus	Histiotus velatus	Histiotus velatus	Histiotus velatus
https://linker.bio/line:hash://sha256/8b20b8ebd7b5bd963ba9f45ca371e7167e7d48b61e72aa14471a3e496be15a50!/L1,L458.tsv	N/A	N/A	N/A	N/A	N/A	N/A	Hsunycteris cadenai	Hsunycteris cadenai	Hsunycteris cadenai	Lonchophylla cadenai	Hsunycteris cadenai	Hsunycteris cadenai	Hsunycteris cadenai	Hsunycteris cadenai	Hsunycteris cadenai
https://linker.bio/line:hash://sha256/8b20b8ebd7b5bd963ba9f45ca371e7167e7d48b61e72aa14471a3e496be15a50!/L1,L459.tsv	N/A	N/A	N/A	N/A	N/A	N/A	Hsunycteris dashe	Hsunycteris dashe	Hsunycteris dashe	N/A	Hsunycteris dashe	Hsunycteris dashe	Hsunycteris dashe	Hsunycteris dashe	Hsunycteris dashe
https://linker.bio/line:hash://sha256/8b20b8ebd7b5bd963ba9f45ca371e7167e7d48b61e72aa14471a3e496be15a50!/L1,L460.tsv	N/A	N/A	N/A	N/A	N/A	N/A	Hsunycteris pattoni	Hsunycteris pattoni	Hsunycteris pattoni	Lonchophylla pattoni	Hsunycteris pattoni	Hsunycteris pattoni	Hsunycteris pattoni	Hsunycteris pattoni	Hsunycteris pattoni
https://linker.bio/line:hash://sha256/8b20b8ebd7b5bd963ba9f45ca371e7167e7d48b61e72aa14471a3e496be15a50!/L1,L461.tsv	Lonchophylla thomasi	Lonchophylla thomasi	Lonchophylla thomasi	Lonchophylla thomasi	Lonchophylla thomasi	Lonchophylla thomasi	Hsunycteris thomasi	Hsunycteris thomasi	Hsunycteris thomasi	Lonchophylla thomasi	Hsunycteris thomasi	Hsunycteris thomasi	Hsunycteris thomasi	Hsunycteris thomasi	Hsunycteris thomasi
https://linker.bio/line:hash://sha256/8b20b8ebd7b5bd963ba9f45ca371e7167e7d48b61e72aa14471a3e496be15a50!/L1,L462.tsv	Hylonycteris underwoodi	Hylonycteris underwoodi	Hylonycteris underwoodi	Hylonycteris underwoodi	Hylonycteris underwoodi	Hylonycteris underwoodi	Hylonycteris underwoodi	Hylonycteris underwoodi	Hylonycteris underwoodi	Hylonycteris underwoodi	Hylonycteris underwoodi	Hylonycteris underwoodi	Hylonycteris underwoodi	Hylonycteris underwoodi	Hylonycteris underwoodi
https://linker.bio/line:hash://sha256/8b20b8ebd7b5bd963ba9f45ca371e7167e7d48b61e72aa14471a3e496be15a50!/L1,L463.tsv	Hypsignathus monstrosus	Hypsignathus monstrosus	Hypsignathus monstrosus	Hypsignathus monstrosus	Hypsignathus monstrosus	Hypsignathus monstrosus	Hypsignathus monstrosus	Hypsignathus monstrosus	Hypsignathus monstrosus	Hypsignathus monstrosus	Hypsignathus monstrosus	Hypsignathus monstrosus	Hypsignathus monstrosus	Hypsignathus monstrosus	Hypsignathus monstrosus
https://linker.bio/line:hash://sha256/8b20b8ebd7b5bd963ba9f45ca371e7167e7d48b61e72aa14471a3e496be15a50!/L1,L464.tsv	Pipistrellus affinis	Pipistrellus affinis	Pipistrellus affinis	Pipistrellus affinis	Pipistrellus affinis	Falsistrellus affinis	Hypsugo affinis	Hypsugo affinis	Hypsugo affinis	Hypsugo affinis	Hypsugo affinis	Hypsugo affinis	Hypsugo affinis	Hypsugo affinis	Hypsugo affinis
https://linker.bio/line:hash://sha256/8b20b8ebd7b5bd963ba9f45ca371e7167e7d48b61e72aa14471a3e496be15a50!/L1,L465.tsv	N/A	N/A	N/A	Pipistrellus savii [synonym of]	Pipistrellus savii alaschanicus	Hypsugo alaschanicus	Hypsugo alaschanicus	Hypsugo alaschanicus	Hypsugo alaschanicus	Hypsugo alaschanicus	Hypsugo alaschanicus	Hypsugo alaschanicus	Hypsugo alaschanicus	Hypsugo alashanicus	Hypsugo alashanicus
https://linker.bio/line:hash://sha256/8b20b8ebd7b5bd963ba9f45ca371e7167e7d48b61e72aa14471a3e496be15a50!/L1,L466.tsv	N/A	Pipistrellus arabicus	Pipistrellus arabicus	Pipistrellus arabicus	Pipistrellus arabicus	Hypsugo arabicus	Hypsugo arabicus	Hypsugo arabicus	Hypsugo arabicus	Hypsugo arabicus	Hypsugo arabicus	Hypsugo arabicus	Hypsugo arabicus	Hypsugo arabicus	Hypsugo arabicus
https://linker.bio/line:hash://sha256/8b20b8ebd7b5bd963ba9f45ca371e7167e7d48b61e72aa14471a3e496be15a50!/L1,L467.tsv	Pipistrellus ariel	Pipistrellus ariel	Pipistrellus ariel	Pipistrellus ariel	Pipistrellus ariel	Hypsugo ariel	Hypsugo ariel	Hypsugo ariel	Hypsugo ariel	Hypsugo ariel	Hypsugo ariel	Hypsugo ariel	Hypsugo ariel	Hypsugo ariel	Hypsugo ariel
https://linker.bio/line:hash://sha256/8b20b8ebd7b5bd963ba9f45ca371e7167e7d48b61e72aa14471a3e496be15a50!/L1,L468.tsv	Pipistrellus bodenheimeri	Pipistrellus bodenheimeri	Pipistrellus bodenheimeri	N/A	Pipistrellus bodenheimeri	Hypsugo bodenheimeri	Hypsugo ariel [synonym of]	Hypsugo ariel ariel [synonym of]	Hypsugo ariel [synonym of]	N/A	Hypsugo ariel ariel [synonym of]	Hypsugo ariel [synonym of]	Hypsugo ariel [synonym of]	 	Hypsugo ariel [synonym of]
https://linker.bio/line:hash://sha256/8b20b8ebd7b5bd963ba9f45ca371e7167e7d48b61e72aa14471a3e496be15a50!/L1,L469.tsv	Pipistrellus cadornae	Pipistrellus cadornae	Pipistrellus cadornae	Pipistrellus cadornae	Pipistrellus cadornae	Hypsugo cadornae	Hypsugo cadornae	Hypsugo cadornae	Hypsugo cadornae	Hypsugo cadornae	Hypsugo cadornae	Hypsugo cadornae	Hypsugo cadornae	Hypsugo cadornae	Hypsugo cadornae
https://linker.bio/line:hash://sha256/8b20b8ebd7b5bd963ba9f45ca371e7167e7d48b61e72aa14471a3e496be15a50!/L1,L470.tsv	N/A	N/A	N/A	N/A	N/A	N/A	Hypsugo dolichodon	Hypsugo dolichodon	Hypsugo dolichodon	Hypsugo dolichodon	Hypsugo dolichodon	Hypsugo dolichodon	Hypsugo dolichodon	Hypsugo dolichodon	Hypsugo dolichodon
https://linker.bio/line:hash://sha256/8b20b8ebd7b5bd963ba9f45ca371e7167e7d48b61e72aa14471a3e496be15a50!/L1,L471.tsv	Pipistrellus imbricatus	Pipistrellus imbricatus	Pipistrellus imbricatus	Pipistrellus imbricatus	Pipistrellus imbricatus	Hypsugo imbricatus	Hypsugo imbricatus	Hypsugo imbricatus	Hypsugo imbricatus	Pipistrellus imbricatus	Hypsugo imbricatus	Hypsugo imbricatus	Hypsugo imbricatus	Hypsugo imbricatus	Hypsugo imbricatus
https://linker.bio/line:hash://sha256/8b20b8ebd7b5bd963ba9f45ca371e7167e7d48b61e72aa14471a3e496be15a50!/L1,L472.tsv	Pipistrellus kitcheneri	Pipistrellus kitcheneri	Pipistrellus kitcheneri	Pipistrellus kitcheneri	Pipistrellus kitchneri	Hypsugo kitcheneri	Hypsugo kitcheneri	Hypsugo kitcheneri	Hypsugo kitcheneri	Hypsugo kitcheneri	Hypsugo kitcheneri	Hypsugo kitcheneri	Hypsugo kitcheneri	Hypsugo kitcheneri	Hypsugo kitcheneri
https://linker.bio/line:hash://sha256/8b20b8ebd7b5bd963ba9f45ca371e7167e7d48b61e72aa14471a3e496be15a50!/L1,L473.tsv	N/A	N/A	N/A	N/A	N/A	N/A	Hypsugo lanzai	Hypsugo lanzai	Hypsugo lanzai	Hypsugo lanzai	Hypsugo lanzai	Hypsugo lanzai	Hypsugo lanzai	Hypsugo lanzai	Hypsugo lanzai
https://linker.bio/line:hash://sha256/8b20b8ebd7b5bd963ba9f45ca371e7167e7d48b61e72aa14471a3e496be15a50!/L1,L474.tsv	Pipistrellus lophurus	Pipistrellus lophurus	Pipistrellus lophurus	Pipistrellus lophurus	Pipistrellus lophurus	Hypsugo lophurus	Hypsugo lophurus	Hypsugo lophurus	Hypsugo lophurus	Hypsugo lophurus	Hypsugo lophurus	Hypsugo lophurus	Hypsugo lophurus	Hypsugo lophurus	Hypsugo lophurus
https://linker.bio/line:hash://sha256/8b20b8ebd7b5bd963ba9f45ca371e7167e7d48b61e72aa14471a3e496be15a50!/L1,L475.tsv	Pipistrellus macrotis	Pipistrellus macrotis	Pipistrellus macrotis	Pipistrellus macrotis	Pipistrellus macrotis	Hypsugo macrotis	Hypsugo macrotis	Hypsugo macrotis	Hypsugo macrotis	Hypsugo macrotis	Hypsugo macrotis	Hypsugo macrotis	Hypsugo macrotis	Hypsugo macrotis	Hypsugo macrotis
https://linker.bio/line:hash://sha256/8b20b8ebd7b5bd963ba9f45ca371e7167e7d48b61e72aa14471a3e496be15a50!/L1,L476.tsv	N/A	N/A	Pipistrellus curtatus	Pipistrellus macrotis [synonym of]	Pipistrellus macrotis curtatus	Hypsugo macrotis [synonym of]	N/A	Hypsugo macrotis macrotis [synonym of]	Hypsugo macrotis [synonym of]	N/A	Hypsugo macrotis macrotis [synonym of]	Hypsugo macrotis [synonym of]	Hypsugo macrotis [synonym of]	 	Hypsugo macrotis [synonym of]
https://linker.bio/line:hash://sha256/8b20b8ebd7b5bd963ba9f45ca371e7167e7d48b61e72aa14471a3e496be15a50!/L1,L477.tsv	Pipistrellus mordax	Pipistrellus mordax	Pipistrellus mordax	Pipistrellus mordax	Pipistrellus mordax	Falsistrellus mordax	Hypsugo mordax	Hypsugo mordax	Hypsugo mordax	Falsistrellus mordax	Hypsugo mordax	Hypsugo mordax	Hypsugo mordax	Hypsugo mordax	Hypsugo mordax
https://linker.bio/line:hash://sha256/8b20b8ebd7b5bd963ba9f45ca371e7167e7d48b61e72aa14471a3e496be15a50!/L1,L478.tsv	Pipistrellus musciculus	Pipistrellus musciculus	Pipistrellus musciculus	Pipistrellus musciculus	Pipistrellus musciculus	Hypsugo musciculus	Hypsugo musciculus	Hypsugo musciculus	Hypsugo musciculus	Hypsugo musciculus	Hypsugo musciculus	Hypsugo musciculus	Hypsugo musciculus	Hypsugo musciculus	Hypsugo musciculus
https://linker.bio/line:hash://sha256/8b20b8ebd7b5bd963ba9f45ca371e7167e7d48b61e72aa14471a3e496be15a50!/L1,L479.tsv	Pipistrellus petersi	Pipistrellus petersi	Pipistrellus petersi	Pipistrellus petersi	Pipistrellus petersi	Falsistrellus petersi	Hypsugo petersi	Hypsugo petersi	Hypsugo petersi	Falsistrellus petersi	Hypsugo petersi	Hypsugo petersi	Hypsugo petersi	Hypsugo petersi	Hypsugo petersi
https://linker.bio/line:hash://sha256/8b20b8ebd7b5bd963ba9f45ca371e7167e7d48b61e72aa14471a3e496be15a50!/L1,L480.tsv	Pipistrellus pulveratus	Pipistrellus pulveratus	Pipistrellus pulveratus	Pipistrellus pulveratus	Pipistrellus pulveratus	Hypsugo pulveratus	Hypsugo pulveratus	Hypsugo pulveratus	Hypsugo pulveratus	Hypsugo pulveratus	Hypsugo pulveratus	Hypsugo pulveratus	Hypsugo pulveratus	Hypsugo pulveratus	Hypsugo pulveratus
https://linker.bio/line:hash://sha256/8b20b8ebd7b5bd963ba9f45ca371e7167e7d48b61e72aa14471a3e496be15a50!/L1,L481.tsv	Pipistrellus savii	Pipistrellus savii	Pipistrellus savii	Pipistrellus savii	Pipistrellus savii	Hypsugo savii	Hypsugo savii	Hypsugo savii	Hypsugo savii	Hypsugo savii	Hypsugo savii	Hypsugo savii	Hypsugo savii	Hypsugo savii	Hypsugo savii
https://linker.bio/line:hash://sha256/8b20b8ebd7b5bd963ba9f45ca371e7167e7d48b61e72aa14471a3e496be15a50!/L1,L482.tsv	N/A	N/A	Pipistrellus austenianus	Pipistrellus savii [synonym of]	Pipistrellus savii austenianus	Hypsugo savii austenianus	Hypsugo savii austenianus	Hypsugo savii austenianus	Hypsugo savii [synonym of]	N/A	Hypsugo savii austenianus	Hypsugo savii [synonym of]	Hypsugo savii [synonym of]	 	Hypsugo savii austenianus
https://linker.bio/line:hash://sha256/8b20b8ebd7b5bd963ba9f45ca371e7167e7d48b61e72aa14471a3e496be15a50!/L1,L483.tsv	N/A	N/A	N/A	N/A	N/A	N/A	N/A	Hypsugo stubbei	Hypsugo stubbei	N/A	Hypsugo stubbei	Hypsugo stubbei	Hypsugo stubbei	 	Hypsugo savii stubbei
https://linker.bio/line:hash://sha256/8b20b8ebd7b5bd963ba9f45ca371e7167e7d48b61e72aa14471a3e496be15a50!/L1,L484.tsv	N/A	N/A	N/A	Pipistrellus macrotis [synonym of]	Pipistrellus macrotis vordermanni	Hypsugo vordermanni	Hypsugo vordermanni	Hypsugo vordermanni	Hypsugo vordermanni	Hypsugo vordermanni	Hypsugo vordermanni	Hypsugo vordermanni	Hypsugo vordermanni	Hypsugo vordermanni	Hypsugo vordermanni
https://linker.bio/line:hash://sha256/8b20b8ebd7b5bd963ba9f45ca371e7167e7d48b61e72aa14471a3e496be15a50!/L1,L485.tsv	Ia io	Ia io	Ia io	Ia io	Ia io	Ia io	Ia io	Ia io	Ia io	Ia io	Ia io	Ia io	Ia io	Ia io	Ia io
https://linker.bio/line:hash://sha256/8b20b8ebd7b5bd963ba9f45ca371e7167e7d48b61e72aa14471a3e496be15a50!/L1,L486.tsv	Idionycteris phyllotis	Idionycteris phyllotis	Idionycteris phyllotis	Idionycteris phyllotis	Plecotus phyllotis	Idionycteris phyllotis	Idionycteris phyllotis	Idionycteris phyllotis	Idionycteris phyllotis	Idionycteris phyllotis	Idionycteris phyllotis	Idionycteris phyllotis	Idionycteris phyllotis	Idionycteris phyllotis	Idionycteris phyllotis
https://linker.bio/line:hash://sha256/8b20b8ebd7b5bd963ba9f45ca371e7167e7d48b61e72aa14471a3e496be15a50!/L1,L487.tsv	Kerivoula africana	Kerivoula africana	Kerivoula africana	Kerivoula africana	Kerivoula africana	Kerivoula africana	Kerivoula africana	Kerivoula africana	Kerivoula africana	Kerivoula africana	Kerivoula africana	Kerivoula africana	Kerivoula africana	Kerivoula africana	Kerivoula africana
https://linker.bio/line:hash://sha256/8b20b8ebd7b5bd963ba9f45ca371e7167e7d48b61e72aa14471a3e496be15a50!/L1,L488.tsv	Kerivoula agnella	Kerivoula agnella	Kerivoula agnella	Kerivoula agnella	Kerivoula agnella	Kerivoula agnella	Kerivoula agnella	Kerivoula agnella	Kerivoula agnella	Kerivoula agnella	Kerivoula agnella	Kerivoula agnella	Kerivoula agnella	Kerivoula agnella	Kerivoula agnella
https://linker.bio/line:hash://sha256/8b20b8ebd7b5bd963ba9f45ca371e7167e7d48b61e72aa14471a3e496be15a50!/L1,L489.tsv	Kerivoula argentata	Kerivoula argentata	Kerivoula argentata	Kerivoula argentata	Kerivoula argentata	Kerivoula argentata	Kerivoula argentata	Kerivoula argentata	Kerivoula argentata	Kerivoula argentata	Kerivoula argentata	Kerivoula argentata	Kerivoula argentata	Kerivoula argentata	Kerivoula argentata
https://linker.bio/line:hash://sha256/8b20b8ebd7b5bd963ba9f45ca371e7167e7d48b61e72aa14471a3e496be15a50!/L1,L490.tsv	N/A	N/A	N/A	Kerivoula hardwickei [synonym of]	Kerivoula hardwickei crypta	Kerivoula hardwickii [synonym of]	Kerivoula crypta	Kerivoula hardwickii crypta	Kerivoula crypta	Kerivoula crypta	Kerivoula crypta	Kerivoula crypta	Kerivoula crypta	Kerivoula crypta	Kerivoula crypta
https://linker.bio/line:hash://sha256/8b20b8ebd7b5bd963ba9f45ca371e7167e7d48b61e72aa14471a3e496be15a50!/L1,L491.tsv	Kerivoula cuprosa	Kerivoula cuprosa	Kerivoula cuprosa	Kerivoula cuprosa	Kerivoula cuprosa	Kerivoula cuprosa	Kerivoula cuprosa	Kerivoula cuprosa	Kerivoula cuprosa	Kerivoula cuprosa	Kerivoula cuprosa	Kerivoula cuprosa	Kerivoula cuprosa	Kerivoula cuprosa	Kerivoula cuprosa
https://linker.bio/line:hash://sha256/8b20b8ebd7b5bd963ba9f45ca371e7167e7d48b61e72aa14471a3e496be15a50!/L1,L492.tsv	N/A	N/A	N/A	Kerivoula hardwickei [synonym of]	Kerivoula hardwickei depressa	Kerivoula hardwickii [synonym of]	Kerivoula depressa	Kerivoula depressa	Kerivoula depressa	Kerivoula depressa	Kerivoula depressa	Kerivoula depressa	Kerivoula depressa	Kerivoula depressa	Kerivoula depressa
https://linker.bio/line:hash://sha256/8b20b8ebd7b5bd963ba9f45ca371e7167e7d48b61e72aa14471a3e496be15a50!/L1,L493.tsv	N/A	N/A	N/A	N/A	N/A	N/A	Kerivoula dongduongana	Kerivoula dongduongana	Kerivoula dongduongana	Kerivoula dongduongana	Kerivoula dongduongana	Kerivoula dongduongana	Kerivoula dongduongana	Kerivoula dongduongana	Kerivoula dongduongana
https://linker.bio/line:hash://sha256/8b20b8ebd7b5bd963ba9f45ca371e7167e7d48b61e72aa14471a3e496be15a50!/L1,L494.tsv	Kerivoula eriophora	Kerivoula eriophora	Kerivoula eriophora	Kerivoula eriophora	Kerivoula eriophora	Kerivoula eriophora	Kerivoula eriophora	Kerivoula eriophora	Kerivoula eriophora	Kerivoula eriophora	Kerivoula eriophora	Kerivoula eriophora	Kerivoula eriophora	Kerivoula eriophora	Kerivoula eriophora
https://linker.bio/line:hash://sha256/8b20b8ebd7b5bd963ba9f45ca371e7167e7d48b61e72aa14471a3e496be15a50!/L1,L495.tsv	N/A	Kerivoula hardwickei [synonym of]	Kerivoula flora	Kerivoula flora	N/A	Kerivoula flora	Kerivoula flora	Kerivoula flora	Kerivoula flora	Kerivoula flora	Kerivoula flora	Kerivoula flora	Kerivoula flora	Kerivoula flora	Kerivoula flora
https://linker.bio/line:hash://sha256/8b20b8ebd7b5bd963ba9f45ca371e7167e7d48b61e72aa14471a3e496be15a50!/L1,L496.tsv	N/A	N/A	N/A	N/A	N/A	N/A	Kerivoula furva	Kerivoula furva	Kerivoula furva	Kerivoula furva	Kerivoula furva	Kerivoula furva	Kerivoula furva	Kerivoula furva	Kerivoula furva
https://linker.bio/line:hash://sha256/8b20b8ebd7b5bd963ba9f45ca371e7167e7d48b61e72aa14471a3e496be15a50!/L1,L497.tsv	Kerivoula hardwickei	Kerivoula hardwickei	Kerivoula hardwickii	Kerivoula hardwickei	Kerivoula hardwickei	Kerivoula hardwickii	Kerivoula hardwickii	Kerivoula hardwickii	Kerivoula hardwickii	Kerivoula hardwickii	Kerivoula hardwickii	Kerivoula hardwickii	Kerivoula hardwickii	Kerivoula hardwickii	Kerivoula hardwickii
https://linker.bio/line:hash://sha256/8b20b8ebd7b5bd963ba9f45ca371e7167e7d48b61e72aa14471a3e496be15a50!/L1,L498.tsv	N/A	N/A	Kerivoula intermedia	Kerivoula intermedia	Kerivoula intermedia	Kerivoula intermedia	Kerivoula intermedia	Kerivoula intermedia	Kerivoula intermedia	Kerivoula intermedia	Kerivoula intermedia	Kerivoula intermedia	Kerivoula intermedia	Kerivoula intermedia	Kerivoula intermedia
https://linker.bio/line:hash://sha256/8b20b8ebd7b5bd963ba9f45ca371e7167e7d48b61e72aa14471a3e496be15a50!/L1,L499.tsv	N/A	N/A	N/A	N/A	N/A	N/A	Kerivoula kachinensis	Kerivoula kachinensis	Kerivoula kachinensis	Kerivoula kachinensis	Kerivoula kachinensis	Kerivoula kachinensis	Kerivoula kachinensis	Kerivoula kachinensis	Kerivoula kachinensis
https://linker.bio/line:hash://sha256/8b20b8ebd7b5bd963ba9f45ca371e7167e7d48b61e72aa14471a3e496be15a50!/L1,L500.tsv	N/A	N/A	N/A	N/A	N/A	N/A	Kerivoula krauensis	Kerivoula krauensis	Kerivoula krauensis	Kerivoula krauensis	Kerivoula krauensis	Kerivoula krauensis	Kerivoula krauensis	Kerivoula krauensis	Kerivoula krauensis
https://linker.bio/line:hash://sha256/8b20b8ebd7b5bd963ba9f45ca371e7167e7d48b61e72aa14471a3e496be15a50!/L1,L501.tsv	Kerivoula lanosa	Kerivoula lanosa	Kerivoula lanosa	Kerivoula lanosa	Kerivoula lanosa	Kerivoula lanosa	Kerivoula lanosa	Kerivoula lanosa	Kerivoula lanosa	Kerivoula lanosa	Kerivoula lanosa	Kerivoula lanosa	Kerivoula lanosa	Kerivoula lanosa	Kerivoula lanosa
https://linker.bio/line:hash://sha256/8b20b8ebd7b5bd963ba9f45ca371e7167e7d48b61e72aa14471a3e496be15a50!/L1,L502.tsv	N/A	N/A	N/A	Kerivoula papillosa [synonym of]	Kerivoula papillosa lenis	Kerivoula lenis	Kerivoula lenis	Kerivoula lenis	Kerivoula lenis	Kerivoula lenis	Kerivoula lenis	Kerivoula lenis	Kerivoula lenis	Kerivoula lenis	Kerivoula lenis
https://linker.bio/line:hash://sha256/8b20b8ebd7b5bd963ba9f45ca371e7167e7d48b61e72aa14471a3e496be15a50!/L1,L503.tsv	N/A	N/A	N/A	Kerivoula hardwickei [synonym of]	Kerivoula hardwickei malpasi	Kerivoula hardwickei [synonym of]	Kerivoula malpasi	Kerivoula hardwickii malpasi	Kerivoula malpasi	Kerivoula crypta [synonym of]	Kerivoula malpasi	Kerivoula malpasi	Kerivoula malpasi	Kerivoula malpasi	Kerivoula malpasi
https://linker.bio/line:hash://sha256/8b20b8ebd7b5bd963ba9f45ca371e7167e7d48b61e72aa14471a3e496be15a50!/L1,L504.tsv	Kerivoula minuta	Kerivoula minuta	Kerivoula minuta	Kerivoula minuta	Kerivoula minuta	Kerivoula minuta	Kerivoula minuta	Kerivoula minuta	Kerivoula minuta	Kerivoula minuta	Kerivoula minuta	Kerivoula minuta	Kerivoula minuta	Kerivoula minuta	Kerivoula minuta
https://linker.bio/line:hash://sha256/8b20b8ebd7b5bd963ba9f45ca371e7167e7d48b61e72aa14471a3e496be15a50!/L1,L505.tsv	Kerivoula muscina	Kerivoula muscina	Kerivoula muscina	Kerivoula muscina	Kerivoula muscina	Kerivoula muscina	Kerivoula muscina	Kerivoula muscina	Kerivoula muscina	Kerivoula muscina	Kerivoula muscina	Kerivoula muscina	Kerivoula muscina	Kerivoula muscina	Kerivoula muscina
https://linker.bio/line:hash://sha256/8b20b8ebd7b5bd963ba9f45ca371e7167e7d48b61e72aa14471a3e496be15a50!/L1,L506.tsv	Kerivoula myrella	Kerivoula myrella	Kerivoula myrella	Kerivoula myrella	Kerivoula myrella	Kerivoula myrella	Kerivoula myrella	Kerivoula myrella	Kerivoula myrella	Kerivoula myrella	Kerivoula myrella	Kerivoula myrella	Kerivoula myrella	Kerivoula myrella	Kerivoula myrella
https://linker.bio/line:hash://sha256/8b20b8ebd7b5bd963ba9f45ca371e7167e7d48b61e72aa14471a3e496be15a50!/L1,L507.tsv	Kerivoula papillosa	Kerivoula papillosa	Kerivoula papillosa	Kerivoula papillosa	Kerivoula papillosa	Kerivoula papillosa	Kerivoula papillosa	Kerivoula papillosa	Kerivoula papillosa	Kerivoula papillosa	Kerivoula papillosa	Kerivoula papillosa	Kerivoula papillosa	Kerivoula papillosa	Kerivoula papillosa
https://linker.bio/line:hash://sha256/8b20b8ebd7b5bd963ba9f45ca371e7167e7d48b61e72aa14471a3e496be15a50!/L1,L508.tsv	Kerivoula pellucida	Kerivoula pellucida	Kerivoula pellucida	Kerivoula pellucida	Kerivoula pellucida	Kerivoula pellucida	Kerivoula pellucida	Kerivoula pellucida	Kerivoula pellucida	Kerivoula pellucida	Kerivoula pellucida	Kerivoula pellucida	Kerivoula pellucida	Kerivoula pellucida	Kerivoula pellucida
https://linker.bio/line:hash://sha256/8b20b8ebd7b5bd963ba9f45ca371e7167e7d48b61e72aa14471a3e496be15a50!/L1,L509.tsv	Kerivoula phalaena	Kerivoula phalaena	Kerivoula phalaena	Kerivoula phalaena	Kerivoula phalaena	Kerivoula phalaena	Kerivoula phalaena	Kerivoula phalaena	Kerivoula phalaena	Kerivoula phalaena	Kerivoula phalaena	Kerivoula phalaena	Kerivoula phalaena	Kerivoula phalaena	Kerivoula phalaena
https://linker.bio/line:hash://sha256/8b20b8ebd7b5bd963ba9f45ca371e7167e7d48b61e72aa14471a3e496be15a50!/L1,L510.tsv	Kerivoula picta	Kerivoula picta	Kerivoula picta	Kerivoula picta	Kerivoula picta	Kerivoula picta	Kerivoula picta	Kerivoula picta	Kerivoula picta	Kerivoula picta	Kerivoula picta	Kerivoula picta	Kerivoula picta	Kerivoula picta	Kerivoula picta
https://linker.bio/line:hash://sha256/8b20b8ebd7b5bd963ba9f45ca371e7167e7d48b61e72aa14471a3e496be15a50!/L1,L511.tsv	N/A	N/A	N/A	Kerivoula whiteheadi [synonym of]	Kerivoula whiteheadi pusilla	Kerivoula whiteheadi pusilla	Kerivoula whiteheadi pusilla	Kerivoula pusilla	Kerivoula pusilla	N/A	Kerivoula pusilla	Kerivoula pusilla	Kerivoula pusilla	Kerivoula pusilla	Kerivoula pusilla
https://linker.bio/line:hash://sha256/8b20b8ebd7b5bd963ba9f45ca371e7167e7d48b61e72aa14471a3e496be15a50!/L1,L512.tsv	N/A	Kerivoula whiteheadi [synonym of]	N/A	Kerivoula whiteheadi [synonym of]	Pipistrellus bicolor	Kerivoula whiteheadi bicolor	N/A	Kerivoula pusilla bicolor	Kerivoula pusilla [synonym of]	N/A	Kerivoula pusilla bicolor	Kerivoula pusilla [synonym of]	Kerivoula pusilla [synonym of]	 	Kerivoula pusilla bicolor
https://linker.bio/line:hash://sha256/8b20b8ebd7b5bd963ba9f45ca371e7167e7d48b61e72aa14471a3e496be15a50!/L1,L513.tsv	Kerivoula smithi	Kerivoula smithi	Kerivoula smithii	Kerivoula smithi	Kerivoula smithi	Kerivoula smithii	Kerivoula smithii	Kerivoula smithii	Kerivoula smithii	Kerivoula smithii	Kerivoula smithii	Kerivoula smithii	Kerivoula smithii	Kerivoula smithii	Kerivoula smithii
https://linker.bio/line:hash://sha256/8b20b8ebd7b5bd963ba9f45ca371e7167e7d48b61e72aa14471a3e496be15a50!/L1,L514.tsv	N/A	N/A	N/A	N/A	N/A	N/A	Kerivoula titania	Kerivoula titania	Kerivoula titania	Kerivoula titania	Kerivoula titania	Kerivoula titania	Kerivoula titania	Kerivoula titania	Kerivoula titania
https://linker.bio/line:hash://sha256/8b20b8ebd7b5bd963ba9f45ca371e7167e7d48b61e72aa14471a3e496be15a50!/L1,L515.tsv	Kerivoula whiteheadi	Kerivoula whiteheadi	Kerivoula whiteheadi	Kerivoula whiteheadi	Kerivoula whiteheadi	Kerivoula whiteheadi	Kerivoula whiteheadi	Kerivoula whiteheadi	Kerivoula whiteheadi	Kerivoula whiteheadi	Kerivoula whiteheadi	Kerivoula whiteheadi	Kerivoula whiteheadi	Kerivoula whiteheadi	Kerivoula whiteheadi
https://linker.bio/line:hash://sha256/8b20b8ebd7b5bd963ba9f45ca371e7167e7d48b61e72aa14471a3e496be15a50!/L1,L516.tsv	Laephotis angolensis	Laephotis angolensis	Laephotis angolensis	Laephotis angolensis	Laephotis angolensis	Laephotis angolensis	Laephotis angolensis	Laephotis angolensis	Laephotis angolensis	Laephotis angolensis	Laephotis angolensis	Laephotis angolensis	Laephotis angolensis	Laephotis angolensis	Laephotis angolensis
https://linker.bio/line:hash://sha256/8b20b8ebd7b5bd963ba9f45ca371e7167e7d48b61e72aa14471a3e496be15a50!/L1,L517.tsv	Laephotis botswanae	Laephotis botswanae	Laephotis botswanae	N/A	Laephotis botswanae	Laephotis botswanae	Laephotis botswanae	Laephotis botswanae	Laephotis botswanae	Laephotis botswanae	Laephotis angolensis angolensis [synonym of]	Laephotis angolensis [synonym of]	Laephotis angolensis [synonym of]	 	Laephotis angolensis [synonym of]
https://linker.bio/line:hash://sha256/8b20b8ebd7b5bd963ba9f45ca371e7167e7d48b61e72aa14471a3e496be15a50!/L1,L518.tsv	Eptesicus capensis	Eptesicus capensis	Pipistrellus capensis	Eptesicus capensis	Pipistrellus capensis	Neoromicia capensis	Neoromicia capensis	Laephotis capensis	Laephotis capensis	Neoromicia capensis	Laephotis capensis	Laephotis capensis	Laephotis capensis	Laephotis capensis	Laephotis capensis
https://linker.bio/line:hash://sha256/8b20b8ebd7b5bd963ba9f45ca371e7167e7d48b61e72aa14471a3e496be15a50!/L1,L519.tsv	Eptesicus melckorum	Eptesicus melckorum	Pipistrellus capensis [synonym of]	N/A	Pipistrellus melckorum	Neoromicia melckorum	N/A	Laephotis capensis capensis [synonym of]	Laephotis capensis [synonym of]	Neoromicia melckorum	Laephotis capensis capensis [synonym of]	Laephotis capensis [synonym of]	Laephotis capensis [synonym of]	 	Laephotis capensis [synonym of]
https://linker.bio/line:hash://sha256/8b20b8ebd7b5bd963ba9f45ca371e7167e7d48b61e72aa14471a3e496be15a50!/L1,L520.tsv	N/A	N/A	N/A	N/A	N/A	N/A	N/A	Laephotis kirinyaga	Laephotis kirinyaga	N/A	Laephotis kirinyaga	Laephotis kirinyaga	Laephotis kirinyaga	Laephotis kirinyaga	Laephotis kirinyaga
https://linker.bio/line:hash://sha256/8b20b8ebd7b5bd963ba9f45ca371e7167e7d48b61e72aa14471a3e496be15a50!/L1,L521.tsv	N/A	N/A	N/A	N/A	N/A	Neoromicia somalica malagasyensis	Neoromicia malagasyensis	Laephotis malagasyensis	Laephotis malagasyensis	Neoromicia malagasyensis	Laephotis malagasyensis	Laephotis malagasyensis	Laephotis malagasyensis	Laephotis malagasyensis	Laephotis malagasyensis
https://linker.bio/line:hash://sha256/8b20b8ebd7b5bd963ba9f45ca371e7167e7d48b61e72aa14471a3e496be15a50!/L1,L522.tsv	N/A	N/A	N/A	Eptesicus capensis [synonym of]	Pipistrellus capensis matroka	Eptesicus matroka	Neoromicia matroka	Laephotis matroka	Laephotis matroka	Neoromicia matroka	Laephotis matroka	Laephotis matroka	Laephotis matroka	Laephotis matroka	Laephotis matroka
https://linker.bio/line:hash://sha256/8b20b8ebd7b5bd963ba9f45ca371e7167e7d48b61e72aa14471a3e496be15a50!/L1,L523.tsv	Laephotis namibensis	Laephotis namibensis	Laephotis namibensis	Laephotis namibensis	Laephotis namibensis	Laephotis namibensis	Laephotis namibensis	Laephotis namibensis	Laephotis namibensis	Laephotis namibensis	Laephotis namibensis	Laephotis namibensis	Laephotis namibensis	Laephotis namibensis	Laephotis namibensis
https://linker.bio/line:hash://sha256/8b20b8ebd7b5bd963ba9f45ca371e7167e7d48b61e72aa14471a3e496be15a50!/L1,L524.tsv	N/A	N/A	N/A	N/A	N/A	N/A	Neoromicia robertsi	Laephotis robertsi	Laephotis robertsi	Neoromicia robertsi	Laephotis robertsi	Laephotis robertsi	Laephotis robertsi	Laephotis robertsi	Laephotis robertsi
https://linker.bio/line:hash://sha256/8b20b8ebd7b5bd963ba9f45ca371e7167e7d48b61e72aa14471a3e496be15a50!/L1,L525.tsv	N/A	N/A	N/A	N/A	N/A	N/A	Neoromicia stanleyi	Laephotis stanleyi	Laephotis stanleyi	N/A	Laephotis stanleyi	Laephotis stanleyi	Laephotis stanleyi	Laephotis stanleyi	Laephotis stanleyi
https://linker.bio/line:hash://sha256/8b20b8ebd7b5bd963ba9f45ca371e7167e7d48b61e72aa14471a3e496be15a50!/L1,L526.tsv	Laephotis wintoni	Laephotis wintoni	Laephotis wintoni	Laephotis wintoni	Laephotis wintoni	Laephotis wintoni	Laephotis wintoni	Laephotis wintoni	Laephotis wintoni	Laephotis wintoni	Laephotis wintoni	Laephotis wintoni	Laephotis wintoni	Laephotis wintoni	Laephotis wintoni
https://linker.bio/line:hash://sha256/8b20b8ebd7b5bd963ba9f45ca371e7167e7d48b61e72aa14471a3e496be15a50!/L1,L527.tsv	Micronycteris brachyotis	Micronycteris brachyotis	Micronycteris brachyotis	Micronycteris brachyotis	Micronycteris brachyotis	Lampronycteris brachyotis	Lampronycteris brachyotis	Lampronycteris brachyotis	Lampronycteris brachyotis	Lampronycteris brachyotis	Lampronycteris brachyotis	Lampronycteris brachyotis	Lampronycteris brachyotis	Lampronycteris brachyotis	Lampronycteris brachyotis
https://linker.bio/line:hash://sha256/8b20b8ebd7b5bd963ba9f45ca371e7167e7d48b61e72aa14471a3e496be15a50!/L1,L528.tsv	Lasionycteris noctivagans	Lasionycteris noctivagans	Lasionycteris noctivagans	Lasionycteris noctivagans	Lasionycteris noctivagans	Lasionycteris noctivagans	Lasionycteris noctivagans	Lasionycteris noctivagans	Lasionycteris noctivagans	Lasionycteris noctivagans	Lasionycteris noctivagans	Lasionycteris noctivagans	Lasionycteris noctivagans	Lasionycteris noctivagans	Lasionycteris noctivagans
https://linker.bio/line:hash://sha256/8b20b8ebd7b5bd963ba9f45ca371e7167e7d48b61e72aa14471a3e496be15a50!/L1,L529.tsv	N/A	N/A	N/A	N/A	N/A	N/A	N/A	Lasiurus arequipae	Lasiurus arequipae	N/A	Lasiurus arequipae	Lasiurus arequipae	Lasiurus arequipae	Lasiurus arequipae	Lasiurus arequipae
https://linker.bio/line:hash://sha256/8b20b8ebd7b5bd963ba9f45ca371e7167e7d48b61e72aa14471a3e496be15a50!/L1,L530.tsv	N/A	N/A	N/A	N/A	N/A	Lasiurus atratus	Lasiurus atratus	Lasiurus atratus	Lasiurus atratus	Lasiurus atratus	Lasiurus atratus	Lasiurus atratus	Lasiurus atratus	Lasiurus atratus	Lasiurus atratus
https://linker.bio/line:hash://sha256/8b20b8ebd7b5bd963ba9f45ca371e7167e7d48b61e72aa14471a3e496be15a50!/L1,L531.tsv	N/A	N/A	N/A	Lasiurus borealis [synonym of]	Lasiurus borealis blossevillii	Lasiurus blossevillii	Lasiurus blossevilii	Lasiurus blossevillii	Lasiurus blossevillii	Lasiurus blossevillii	Lasiurus blossevillii	Lasiurus blossevillii	Lasiurus blossevillii	Lasiurus blossevillii	Lasiurus blossevillii
https://linker.bio/line:hash://sha256/8b20b8ebd7b5bd963ba9f45ca371e7167e7d48b61e72aa14471a3e496be15a50!/L1,L532.tsv	Lasiurus brachyotis	Lasiurus borealis [synonym of]	Lasiurus borealis [synonym of]	Lasiurus borealis [synonym of]	Lasiurus borealis brachyotis	Lasiurus blossevillii brachyotis	Lasiurus blossevilii brachyotis	Lasiurus blossevillii brachyotis	Lasiurus blossevillii [synonym of]	Lasiurus blossevillii brachyotis	Lasiurus blossevillii brachyotis	Lasiurus blossevillii [synonym of]	Lasiurus blossevillii [synonym of]	 	Lasiurus blossevillii brachyotis
https://linker.bio/line:hash://sha256/8b20b8ebd7b5bd963ba9f45ca371e7167e7d48b61e72aa14471a3e496be15a50!/L1,L533.tsv	N/A	N/A	N/A	Lasiurus borealis [synonym of]	N/A	Lasiurus salinae [synonym of]	Lasiurus blossevilii salinae	Lasiurus blossevillii salinae	Lasiurus blossevillii [synonym of]	Lasiurus salinae	Lasiurus blossevillii salinae	Lasiurus blossevillii [synonym of]	Lasiurus blossevillii [synonym of]	 	Lasiurus blossevillii salinae
https://linker.bio/line:hash://sha256/8b20b8ebd7b5bd963ba9f45ca371e7167e7d48b61e72aa14471a3e496be15a50!/L1,L534.tsv	Lasiurus borealis	Lasiurus borealis	Lasiurus borealis	Lasiurus borealis	Lasiurus borealis	Lasiurus borealis	Lasiurus borealis	Lasiurus borealis	Lasiurus borealis	Lasiurus borealis	Lasiurus borealis	Lasiurus borealis	Lasiurus borealis	Lasiurus borealis	Lasiurus borealis
https://linker.bio/line:hash://sha256/8b20b8ebd7b5bd963ba9f45ca371e7167e7d48b61e72aa14471a3e496be15a50!/L1,L535.tsv	Lasiurus castaneus	Lasiurus castaneus	Lasiurus castaneus	Lasiurus castaneus	Lasiurus castaneus	Lasiurus castaneus	Lasiurus castaneus	Lasiurus castaneus	Lasiurus castaneus	Lasiurus castaneus	Lasiurus castaneus	Lasiurus castaneus	Lasiurus castaneus	Lasiurus castaneus	Lasiurus castaneus
https://linker.bio/line:hash://sha256/8b20b8ebd7b5bd963ba9f45ca371e7167e7d48b61e72aa14471a3e496be15a50!/L1,L536.tsv	Lasiurus cinereus	Lasiurus cinereus	Lasiurus cinereus	Lasiurus cinereus	Lasiurus cinereus	Lasiurus cinereus	Lasiurus cinereus	Lasiurus cinereus	Aeorestes cinereus	Lasiurus cinereus	Lasiurus cinereus	Lasiurus cinereus	Lasiurus cinereus	Lasiurus cinereus	Lasiurus cinereus
https://linker.bio/line:hash://sha256/8b20b8ebd7b5bd963ba9f45ca371e7167e7d48b61e72aa14471a3e496be15a50!/L1,L537.tsv	N/A	Lasiurus borealis [synonym of]	Lasiurus borealis [synonym of]	Lasiurus borealis [synonym of]	Lasiurus borealis degelidus	Lasiurus degelidus	Lasiurus degelidus	Lasiurus degelidus	Lasiurus degelidus	Lasiurus degelidus	Lasiurus degelidus	Lasiurus degelidus	Lasiurus degelidus	Lasiurus degelidus	Lasiurus degelidus
https://linker.bio/line:hash://sha256/8b20b8ebd7b5bd963ba9f45ca371e7167e7d48b61e72aa14471a3e496be15a50!/L1,L538.tsv	N/A	N/A	N/A	N/A	N/A	Lasiurus ebenus	Lasiurus ebenus	Lasiurus ebenus	Lasiurus ebenus	Lasiurus ebenus	Lasiurus ebenus	Lasiurus ebenus	Lasiurus ebenus	Lasiurus ebenus	Lasiurus ebenus
https://linker.bio/line:hash://sha256/8b20b8ebd7b5bd963ba9f45ca371e7167e7d48b61e72aa14471a3e496be15a50!/L1,L539.tsv	Dasypterus ega	Lasiurus ega	Lasiurus ega	Lasiurus ega	Lasiurus ega	Lasiurus ega	Lasiurus ega	Lasiurus ega	Dasypterus ega	Lasiurus ega	Lasiurus ega	Lasiurus ega	Lasiurus ega	Lasiurus ega	Lasiurus ega
https://linker.bio/line:hash://sha256/8b20b8ebd7b5bd963ba9f45ca371e7167e7d48b61e72aa14471a3e496be15a50!/L1,L540.tsv	Dasypterus egregius	Lasiurus egregius	Lasiurus egregius	Lasiurus egregius	Lasiurus egregius	Lasiurus egregius	Lasiurus egregius	Lasiurus egregius	Aeorestes egregius	Lasiurus egregius	Lasiurus egregius	Lasiurus egregius	Lasiurus egregius	Lasiurus egregius	Lasiurus egregius
https://linker.bio/line:hash://sha256/8b20b8ebd7b5bd963ba9f45ca371e7167e7d48b61e72aa14471a3e496be15a50!/L1,L541.tsv	N/A	N/A	N/A	Lasiurus borealis [synonym of]	Lasiurus blossevillii frantzii	Lasiurus blossevillii frantzii	Lasiurus frantzii	Lasiurus frantzii	Lasiurus frantzii	N/A	Lasiurus frantzii	Lasiurus frantzii	Lasiurus frantzii	Lasiurus frantzii	Lasiurus frantzii
https://linker.bio/line:hash://sha256/8b20b8ebd7b5bd963ba9f45ca371e7167e7d48b61e72aa14471a3e496be15a50!/L1,L542.tsv	N/A	Lasiurus intermedius [synonym of]	Lasiurus insularis	N/A	N/A	Lasiurus insularis	Lasiurus insularis	Lasiurus insularis	Dasypterus insularis	Lasiurus insularis	Lasiurus insularis	Lasiurus insularis	Lasiurus insularis	Lasiurus insularis	Lasiurus insularis
https://linker.bio/line:hash://sha256/8b20b8ebd7b5bd963ba9f45ca371e7167e7d48b61e72aa14471a3e496be15a50!/L1,L543.tsv	Dasypterus intermedius	Lasiurus intermedius	Lasiurus intermedius	Lasiurus intermedius	Lasiurus intermedius	Lasiurus intermedius	Lasiurus intermedius	Lasiurus intermedius	Dasypterus intermedius	Lasiurus intermedius	Lasiurus intermedius	Lasiurus intermedius	Lasiurus intermedius	Lasiurus intermedius	Lasiurus intermedius
https://linker.bio/line:hash://sha256/8b20b8ebd7b5bd963ba9f45ca371e7167e7d48b61e72aa14471a3e496be15a50!/L1,L544.tsv	N/A	Lasiurus borealis [synonym of]	Lasiurus borealis [synonym of]	Lasiurus borealis [synonym of]	Lasiurus borealis minor	Lasiurus minor	Lasiurus minor	Lasiurus minor	Lasiurus minor	Lasiurus minor	Lasiurus minor	Lasiurus minor	Lasiurus minor	Lasiurus minor	Lasiurus minor
https://linker.bio/line:hash://sha256/8b20b8ebd7b5bd963ba9f45ca371e7167e7d48b61e72aa14471a3e496be15a50!/L1,L545.tsv	N/A	Lasiurus borealis [synonym of]	Lasiurus borealis [synonym of]	Lasiurus borealis [synonym of]	Lasiurus borealis pfeifferi	Lasiurus pfeifferi	Lasiurus pfeifferi	Lasiurus pfeifferi	Lasiurus pfeifferi	Lasiurus pfeifferi	Lasiurus pfeifferi	Lasiurus pfeifferi	Lasiurus pfeifferi	Lasiurus pfeifferi	Lasiurus pfeifferi
https://linker.bio/line:hash://sha256/8b20b8ebd7b5bd963ba9f45ca371e7167e7d48b61e72aa14471a3e496be15a50!/L1,L546.tsv	Lasiurus seminolus	Lasiurus seminolus	Lasiurus seminolus	Lasiurus seminolus	Lasiurus borealis seminolus	Lasiurus seminolus	Lasiurus seminolus	Lasiurus seminolus	Lasiurus seminolus	Lasiurus seminolus	Lasiurus seminolus	Lasiurus seminolus	Lasiurus seminolus	Lasiurus seminolus	Lasiurus seminolus
https://linker.bio/line:hash://sha256/8b20b8ebd7b5bd963ba9f45ca371e7167e7d48b61e72aa14471a3e496be15a50!/L1,L547.tsv	N/A	Lasiurus cinereus [synonym of]	N/A	Lasiurus cinereus [synonym of]	Lasiurus cinereus semotus	Lasiurus cinereus semotus	Lasiurus semotus	Lasiurus semotus	Aeorestes semotus	N/A	Lasiurus semotus	Lasiurus semotus	Lasiurus semotus	Lasiurus semotus	Lasiurus semotus
https://linker.bio/line:hash://sha256/8b20b8ebd7b5bd963ba9f45ca371e7167e7d48b61e72aa14471a3e496be15a50!/L1,L548.tsv	N/A	N/A	N/A	Lasiurus borealis [synonym of]	Lasiurus borealis varius	Lasiurus varius	Lasiurus varius	Lasiurus varius	Lasiurus varius	Lasiurus varius	Lasiurus varius	Lasiurus varius	Lasiurus varius	Lasiurus varius	Lasiurus varius
https://linker.bio/line:hash://sha256/8b20b8ebd7b5bd963ba9f45ca371e7167e7d48b61e72aa14471a3e496be15a50!/L1,L549.tsv	N/A	N/A	N/A	Lasiurus cinereus [synonym of]	Lasiurus cinereus villosissimus	Lasiurus cinereus villosissimus	Lasiurus villosissimus	Lasiurus villosissimus	Aeorestes villosissimus	N/A	Lasiurus villosissimus	Lasiurus villosissimus	Lasiurus villosissimus	Lasiurus villosissimus	Lasiurus villosissimus
https://linker.bio/line:hash://sha256/8b20b8ebd7b5bd963ba9f45ca371e7167e7d48b61e72aa14471a3e496be15a50!/L1,L550.tsv	N/A	N/A	N/A	Lasiurus ega [synonym of]	Lasiurus ega xanthinus	Lasiurus xanthinus	Lasiurus xanthinus	Lasiurus xanthinus	Dasypterus xanthinus	Lasiurus xanthinus	Lasiurus xanthinus	Lasiurus xanthinus	Lasiurus xanthinus	Lasiurus xanthinus	Lasiurus xanthinus
https://linker.bio/line:hash://sha256/8b20b8ebd7b5bd963ba9f45ca371e7167e7d48b61e72aa14471a3e496be15a50!/L1,L551.tsv	Latidens salimalii	N/A	Latidens salimalii	Latidens salimalii	Latidens salimalii	Latidens salimalii	Latidens salimalii	Latidens salimalii	Latidens salimalii	Latidens salimalii	Latidens salimalii	Latidens salimalii	Latidens salimalii	Latidens salimalii	Latidens salimalii
https://linker.bio/line:hash://sha256/8b20b8ebd7b5bd963ba9f45ca371e7167e7d48b61e72aa14471a3e496be15a50!/L1,L552.tsv	Lavia frons	Lavia frons	Lavia frons	Lavia frons	Lavia frons	Lavia frons	Lavia frons	Lavia frons	Lavia frons	Lavia frons	Lavia frons	Lavia frons	Lavia frons	Lavia frons	Lavia frons
https://linker.bio/line:hash://sha256/8b20b8ebd7b5bd963ba9f45ca371e7167e7d48b61e72aa14471a3e496be15a50!/L1,L553.tsv	Leptonycteris curasoae	Leptonycteris curasoae	Leptonycteris curasoae	Leptonycteris curasoae	Leptonycteris curasoae	Leptonycteris curasoae	Leptonycteris curasoae	Leptonycteris curasoae	Leptonycteris curasoae	Leptonycteris curasoae	Leptonycteris curasoae	Leptonycteris curasoae	Leptonycteris curasoae	Leptonycteris curasoae	Leptonycteris curasoae
https://linker.bio/line:hash://sha256/8b20b8ebd7b5bd963ba9f45ca371e7167e7d48b61e72aa14471a3e496be15a50!/L1,L554.tsv	Leptonycteris nivalis	Leptonycteris nivalis	Leptonycteris nivalis	Leptonycteris nivalis	Leptonycteris nivalis	Leptonycteris nivalis	Leptonycteris nivalis	Leptonycteris nivalis	Leptonycteris nivalis	Leptonycteris nivalis	Leptonycteris nivalis	Leptonycteris nivalis	Leptonycteris nivalis	Leptonycteris nivalis	Leptonycteris nivalis
https://linker.bio/line:hash://sha256/8b20b8ebd7b5bd963ba9f45ca371e7167e7d48b61e72aa14471a3e496be15a50!/L1,L555.tsv	N/A	Leptonycteris nivalis [synonym of]	Leptonycteris yerbabuenae	Leptonycteris curasoae [synonym of]	Leptonycteris yerbabuenae	Leptonycteris yerbabuenae	Leptonycteris yerbabuenae	Leptonycteris yerbabuenae	Leptonycteris yerbabuenae	Leptonycteris yerbabuenae	Leptonycteris yerbabuenae	Leptonycteris yerbabuenae	Leptonycteris yerbabuenae	Leptonycteris yerbabuenae	Leptonycteris yerbabuenae
https://linker.bio/line:hash://sha256/8b20b8ebd7b5bd963ba9f45ca371e7167e7d48b61e72aa14471a3e496be15a50!/L1,L556.tsv	Leptonycteris sanborni	Leptonycteris sanborni	Leptonycteris yerbabuenae [synonym of]	Leptonycteris curasoae [synonym of]	N/A	Leptonycteris yerbabuenae [synonym of]	N/A	Leptonycteris yerbabuenae yerbabuenae [synonym of]	Leptonycteris yerbabuenae [synonym of]	Leptonycteris yerbabuenae [synonym of]	Leptonycteris yerbabuenae yerbabuenae [synonym of]	Leptonycteris yerbabuenae [synonym of]	Leptonycteris yerbabuenae [synonym of]	 	Leptonycteris yerbabuenae [synonym of]
https://linker.bio/line:hash://sha256/8b20b8ebd7b5bd963ba9f45ca371e7167e7d48b61e72aa14471a3e496be15a50!/L1,L557.tsv	Lichonycteris degener	Lichonycteris degener	Lichonycteris obscura [synonym of]	Lichonycteris obscura [synonym of]	N/A	Lichonycteris obscura [synonym of]	Lichonycteris degener	Lichonycteris degener	Lichonycteris degener	Lichonycteris degener	Lichonycteris degener	Lichonycteris degener	Lichonycteris degener	Lichonycteris degener	Lichonycteris degener
https://linker.bio/line:hash://sha256/8b20b8ebd7b5bd963ba9f45ca371e7167e7d48b61e72aa14471a3e496be15a50!/L1,L558.tsv	Lichonycteris obscura	Lichonycteris obscura	Lichonycteris obscura	Lichonycteris obscura	Lichonycteris obscura	Lichonycteris obscura	Lichonycteris obscura	Lichonycteris obscura	Lichonycteris obscura	Lichonycteris obscura	Lichonycteris obscura	Lichonycteris obscura	Lichonycteris obscura	Lichonycteris obscura	Lichonycteris obscura
https://linker.bio/line:hash://sha256/8b20b8ebd7b5bd963ba9f45ca371e7167e7d48b61e72aa14471a3e496be15a50!/L1,L559.tsv	Lionycteris spurrelli	Lionycteris spurrelli	Lionycteris spurrelli	Lionycteris spurrelli	Lionycteris spurrelli	Lionycteris spurrelli	Lionycteris spurrelli	Lionycteris spurrelli	Lionycteris spurrelli	Lionycteris spurrelli	Lionycteris spurrelli	Lionycteris spurrelli	Lionycteris spurrelli	Lionycteris spurrelli	Lionycteris spurrelli
https://linker.bio/line:hash://sha256/8b20b8ebd7b5bd963ba9f45ca371e7167e7d48b61e72aa14471a3e496be15a50!/L1,L560.tsv	Lonchophylla bokermanni	Lonchophylla bokermanni	Lonchophylla bokermanni	Lonchophylla bokermanni	Lonchophylla bokermanni	Lonchophylla bokermanni	Lonchophylla bokermanni	Lonchophylla bokermanni	Lonchophylla bokermanni	Lonchophylla bokermanni	Lonchophylla bokermanni	Lonchophylla bokermanni	Lonchophylla bokermanni	Lonchophylla bokermanni	Lonchophylla bokermanni
https://linker.bio/line:hash://sha256/8b20b8ebd7b5bd963ba9f45ca371e7167e7d48b61e72aa14471a3e496be15a50!/L1,L561.tsv	N/A	N/A	N/A	N/A	N/A	N/A	Lonchophylla chocoana	Lonchophylla chocoana	Lonchophylla chocoana	Lonchophylla chocoana	Lonchophylla chocoana	Lonchophylla chocoana	Lonchophylla chocoana	Lonchophylla chocoana	Lonchophylla chocoana
https://linker.bio/line:hash://sha256/8b20b8ebd7b5bd963ba9f45ca371e7167e7d48b61e72aa14471a3e496be15a50!/L1,L562.tsv	Lonchophylla concava	Lonchophylla mordax [synonym of]	Lonchophylla concava	Lonchophylla mordax [synonym of]	Lonchophylla mordax concava	Lonchophylla mordax concava	Lonchophylla concava	Lonchophylla concava	Lonchophylla concava	Lonchophylla concava	Lonchophylla concava	Lonchophylla concava	Lonchophylla concava	Lonchophylla concava	Lonchophylla concava
https://linker.bio/line:hash://sha256/8b20b8ebd7b5bd963ba9f45ca371e7167e7d48b61e72aa14471a3e496be15a50!/L1,L563.tsv	N/A	N/A	Lonchophylla dekeyseri	Lonchophylla dekeyseri	Lonchophylla dekeyseri	Lonchophylla dekeyseri	Lonchophylla dekeyseri	Lonchophylla dekeyseri	Lonchophylla dekeyseri	Lonchophylla dekeyseri	Lonchophylla dekeyseri	Lonchophylla dekeyseri	Lonchophylla dekeyseri	Lonchophylla dekeyseri	Lonchophylla dekeyseri
https://linker.bio/line:hash://sha256/8b20b8ebd7b5bd963ba9f45ca371e7167e7d48b61e72aa14471a3e496be15a50!/L1,L564.tsv	N/A	N/A	N/A	N/A	N/A	N/A	Lonchophylla fornicata	Lonchophylla fornicata	Lonchophylla fornicata	Lonchophylla fornicata	Lonchophylla fornicata	Lonchophylla fornicata	Lonchophylla fornicata	Lonchophylla fornicata	Lonchophylla fornicata
https://linker.bio/line:hash://sha256/8b20b8ebd7b5bd963ba9f45ca371e7167e7d48b61e72aa14471a3e496be15a50!/L1,L565.tsv	N/A	Lonchophylla handleyi	Lonchophylla handleyi	Lonchophylla handleyi	Lonchophylla handleyi	Lonchophylla handleyi	Lonchophylla handleyi	Lonchophylla handleyi	Lonchophylla handleyi	Lonchophylla handleyi	Lonchophylla handleyi	Lonchophylla handleyi	Lonchophylla handleyi	Lonchophylla handleyi	Lonchophylla handleyi
https://linker.bio/line:hash://sha256/8b20b8ebd7b5bd963ba9f45ca371e7167e7d48b61e72aa14471a3e496be15a50!/L1,L566.tsv	Lonchophylla hesperia	Lonchophylla hesperia	Lonchophylla hesperia	Lonchophylla hesperia	Lonchophylla hesperia	Lonchophylla hesperia	Lonchophylla hesperia	Lonchophylla hesperia	Lonchophylla hesperia	Lonchophylla hesperia	Lonchophylla hesperia	Lonchophylla hesperia	Lonchophylla hesperia	Lonchophylla hesperia	Lonchophylla hesperia
https://linker.bio/line:hash://sha256/8b20b8ebd7b5bd963ba9f45ca371e7167e7d48b61e72aa14471a3e496be15a50!/L1,L567.tsv	N/A	N/A	N/A	N/A	N/A	N/A	Lonchophylla inexpectata	Lonchophylla inexpectata	Lonchophylla inexpectata	N/A	Lonchophylla inexpectata	Lonchophylla inexpectata	Lonchophylla inexpectata	Lonchophylla inexpectata	Lonchophylla inexpectata
https://linker.bio/line:hash://sha256/8b20b8ebd7b5bd963ba9f45ca371e7167e7d48b61e72aa14471a3e496be15a50!/L1,L568.tsv	Lonchophylla mordax	Lonchophylla mordax	Lonchophylla mordax	Lonchophylla mordax	Lonchophylla mordax	Lonchophylla mordax	Lonchophylla mordax	Lonchophylla mordax	Lonchophylla mordax	Lonchophylla mordax	Lonchophylla mordax	Lonchophylla mordax	Lonchophylla mordax	Lonchophylla mordax	Lonchophylla mordax
https://linker.bio/line:hash://sha256/8b20b8ebd7b5bd963ba9f45ca371e7167e7d48b61e72aa14471a3e496be15a50!/L1,L569.tsv	N/A	N/A	N/A	N/A	N/A	N/A	Lonchophylla orcesi	Lonchophylla orcesi	Lonchophylla orcesi	Lonchophylla orcesi	Lonchophylla orcesi	Lonchophylla orcesi	Lonchophylla orcesi	Lonchophylla orcesi	Lonchophylla orcesi
https://linker.bio/line:hash://sha256/8b20b8ebd7b5bd963ba9f45ca371e7167e7d48b61e72aa14471a3e496be15a50!/L1,L570.tsv	N/A	N/A	N/A	N/A	N/A	N/A	Lonchophylla orienticollina	Lonchophylla orienticollina	Lonchophylla orienticollina	Lonchophylla orienticollina	Lonchophylla orienticollina	Lonchophylla orienticollina	Lonchophylla orienticollina	Lonchophylla orienticollina	Lonchophylla orienticollina
https://linker.bio/line:hash://sha256/8b20b8ebd7b5bd963ba9f45ca371e7167e7d48b61e72aa14471a3e496be15a50!/L1,L571.tsv	N/A	N/A	N/A	N/A	N/A	N/A	Lonchophylla peracchii	Lonchophylla peracchii	Lonchophylla peracchii	Lonchophylla peracchii	Lonchophylla peracchii	Lonchophylla peracchii	Lonchophylla peracchii	Lonchophylla peracchii	Lonchophylla peracchii
https://linker.bio/line:hash://sha256/8b20b8ebd7b5bd963ba9f45ca371e7167e7d48b61e72aa14471a3e496be15a50!/L1,L572.tsv	Lonchophylla robusta	Lonchophylla robusta	Lonchophylla robusta	Lonchophylla robusta	Lonchophylla robusta	Lonchophylla robusta	Lonchophylla robusta	Lonchophylla robusta	Lonchophylla robusta	Lonchophylla robusta	Lonchophylla robusta	Lonchophylla robusta	Lonchophylla robusta	Lonchophylla robusta	Lonchophylla robusta
https://linker.bio/line:hash://sha256/8b20b8ebd7b5bd963ba9f45ca371e7167e7d48b61e72aa14471a3e496be15a50!/L1,L573.tsv	Lonchorhina aurita	Lonchorhina aurita	Lonchorhina aurita	Lonchorhina aurita	Lonchorhina aurita	Lonchorhina aurita	Lonchorhina aurita	Lonchorhina aurita	Lonchorhina aurita	Lonchorhina aurita	Lonchorhina aurita	Lonchorhina aurita	Lonchorhina aurita	Lonchorhina aurita	Lonchorhina aurita
https://linker.bio/line:hash://sha256/8b20b8ebd7b5bd963ba9f45ca371e7167e7d48b61e72aa14471a3e496be15a50!/L1,L574.tsv	N/A	N/A	Lonchorhina fernandezi	Lonchorhina fernandezi	Lonchorhina fernandezi	Lonchorhina fernandezi	Lonchorhina fernandez	Lonchorhina fernandezi	Lonchorhina fernandezi	Lonchorhina fernandezi	Lonchorhina fernandezi	Lonchorhina fernandezi	Lonchorhina fernandezi	Lonchorhina fernandezi	Lonchorhina fernandezi
https://linker.bio/line:hash://sha256/8b20b8ebd7b5bd963ba9f45ca371e7167e7d48b61e72aa14471a3e496be15a50!/L1,L575.tsv	N/A	N/A	N/A	N/A	N/A	Lonchorhina inusitata	Lonchorhina inusitata	Lonchorhina inusitata	Lonchorhina inusitata	Lonchorhina inusitata	Lonchorhina inusitata	Lonchorhina inusitata	Lonchorhina inusitata	Lonchorhina inusitata	Lonchorhina inusitata
https://linker.bio/line:hash://sha256/8b20b8ebd7b5bd963ba9f45ca371e7167e7d48b61e72aa14471a3e496be15a50!/L1,L576.tsv	N/A	N/A	N/A	N/A	N/A	N/A	Lonchorhina mankomara	Lonchorhina mankomara	Lonchorhina mankomara	N/A	Lonchorhina mankomara	Lonchorhina mankomara	Lonchorhina mankomara	Lonchorhina mankomara	Lonchorhina mankomara
https://linker.bio/line:hash://sha256/8b20b8ebd7b5bd963ba9f45ca371e7167e7d48b61e72aa14471a3e496be15a50!/L1,L577.tsv	Lonchorhina marinkellei	Lonchorhina marinkellei	Lonchorhina marinkellei	Lonchorhina marinkellei	Lonchorhina marinkellei	Lonchorhina marinkellei	Lonchorhina marinkellei	Lonchorhina marinkellei	Lonchorhina marinkellei	Lonchorhina marinkellei	Lonchorhina marinkellei	Lonchorhina marinkellei	Lonchorhina marinkellei	Lonchorhina marinkellei	Lonchorhina marinkellei
https://linker.bio/line:hash://sha256/8b20b8ebd7b5bd963ba9f45ca371e7167e7d48b61e72aa14471a3e496be15a50!/L1,L578.tsv	Lonchorhina orinocoensis	Lonchorhina orinocensis	Lonchorhina orinocensis	Lonchorhina orinocensis	Lonchorhina orinocensis	Lonchorhina orinocensis	Lonchorhina orinocensis	Lonchorhina orinocensis	Lonchorhina orinocensis	Lonchorhina orinocensis	Lonchorhina orinocensis	Lonchorhina orinocensis	Lonchorhina orinocensis	Lonchorhina orinocensis	Lonchorhina orinocensis
https://linker.bio/line:hash://sha256/8b20b8ebd7b5bd963ba9f45ca371e7167e7d48b61e72aa14471a3e496be15a50!/L1,L579.tsv	Tonatia brasiliense	Tonatia brasiliense	Tonatia brasiliense	Tonatia brasiliense	Tonatia brasiliense	Lophostoma brasiliense	Lophostoma brasiliense	Lophostoma brasiliense	Lophostoma brasiliense	Lophostoma brasiliense	Lophostoma brasiliense	Lophostoma brasiliense	Lophostoma brasiliense	Lophostoma brasiliense	Lophostoma brasiliense
https://linker.bio/line:hash://sha256/8b20b8ebd7b5bd963ba9f45ca371e7167e7d48b61e72aa14471a3e496be15a50!/L1,L580.tsv	Tonatia venezuelae	Tonatia brasiliense [synonym of]	Tonatia venezuelae	Lophostoma brasiliense [synonym of]	N/A	Lophostoma brasiliense [synonym of]	Lophostoma brasiliense [synonym of]	Lophostoma brasiliense brasiliense [synonym of]	Lophostoma brasiliense [synonym of]	N/A	Lophostoma brasiliense brasiliense [synonym of]	Lophostoma brasiliense [synonym of]	Lophostoma brasiliense [synonym of]	 	Lophostoma brasiliense [synonym of]
https://linker.bio/line:hash://sha256/8b20b8ebd7b5bd963ba9f45ca371e7167e7d48b61e72aa14471a3e496be15a50!/L1,L581.tsv	Tonatia minuta	Tonatia brasiliense [synonym of]	Tonatia minuta	Lophostoma brasiliense [synonym of]	N/A	N/A	Lophostoma brasiliense minuta	Lophostoma brasiliense brasiliense [synonym of]	Lophostoma brasiliense [synonym of]	N/A	Lophostoma brasiliense brasiliense [synonym of]	Lophostoma brasiliense [synonym of]	Lophostoma brasiliense [synonym of]	 	Lophostoma brasiliense [synonym of]
https://linker.bio/line:hash://sha256/8b20b8ebd7b5bd963ba9f45ca371e7167e7d48b61e72aa14471a3e496be15a50!/L1,L582.tsv	Tonatia carrikeri	Tonatia carrikeri	Tonatia carrikeri	Tonatia carrikeri	Tonatia carrikeri	Lophostoma carrikeri	Lophostoma carrikeri	Lophostoma carrikeri	Lophostoma carrikeri	Lophostoma carrikeri	Lophostoma carrikeri	Lophostoma carrikeri	Lophostoma carrikeri	Lophostoma carrikeri	Lophostoma carrikeri
https://linker.bio/line:hash://sha256/8b20b8ebd7b5bd963ba9f45ca371e7167e7d48b61e72aa14471a3e496be15a50!/L1,L583.tsv	Tonatia evotis	Tonatia evotis	Tonatia evotis	Tonatia evotis	Tonatia evotis	Lophostoma evotis	Lophostoma evotis	Lophostoma evotis	Lophostoma evotis	Lophostoma evotis	Lophostoma evotis	Lophostoma evotis	Lophostoma evote	Lophostoma evote	Lophostoma evote
https://linker.bio/line:hash://sha256/8b20b8ebd7b5bd963ba9f45ca371e7167e7d48b61e72aa14471a3e496be15a50!/L1,L584.tsv	N/A	N/A	N/A	N/A	N/A	N/A	Lophostoma kalkoae	Lophostoma kalkoae	Lophostoma kalkoae	Lophostoma kalkoae	Lophostoma kalkoae	Lophostoma kalkoae	Lophostoma kalkoae	Lophostoma kalkoae	Lophostoma kalkoae
https://linker.bio/line:hash://sha256/8b20b8ebd7b5bd963ba9f45ca371e7167e7d48b61e72aa14471a3e496be15a50!/L1,L585.tsv	N/A	Tonatia brasiliense [synonym of]	N/A	Tonatia brasiliense [synonym of]	N/A	Lophostoma brasiliense [synonym of]	Lophostoma brasiliense [synonym of]	Lophostoma brasiliense brasiliense [synonym of]	Lophostoma brasiliense [synonym of]	N/A	Lophostoma nicaraguae	Lophostoma nicaraguae	Lophostoma nicaraguae	Lophostoma nicaraguae	Lophostoma nicaraguae
https://linker.bio/line:hash://sha256/8b20b8ebd7b5bd963ba9f45ca371e7167e7d48b61e72aa14471a3e496be15a50!/L1,L586.tsv	N/A	Lonchorhina aurita [synonym of]	N/A	Tonatia silvicola [synonym of] and Mops condylurus [synonym of]	Tonatia silvicola occidentalis	Lophostoma silvicolum occidentalis	Lophostoma occidentale	Lophostoma occidentale	Lophostoma occidentale	Lophostoma occidentalis	Lophostoma occidentale	Lophostoma occidentale	Lophostoma occidentale	Lophostoma occidentale	Lophostoma occidentale
https://linker.bio/line:hash://sha256/8b20b8ebd7b5bd963ba9f45ca371e7167e7d48b61e72aa14471a3e496be15a50!/L1,L587.tsv	N/A	Tonatia schulzi	Tonatia schulzi	Tonatia schulzi	Tonatia schulzi	Lophostoma schulzi	Lophostoma schulzi	Lophostoma schulzi	Lophostoma schulzi	Lophostoma schulzi	Lophostoma schulzi	Lophostoma schulzi	Lophostoma schulzi	Lophostoma schulzi	Lophostoma schulzi
https://linker.bio/line:hash://sha256/8b20b8ebd7b5bd963ba9f45ca371e7167e7d48b61e72aa14471a3e496be15a50!/L1,L588.tsv	Tonatia sylvicola	Tonatia silvicola	Tonatia silvicola	Tonatia silvicola	Tonatia silvicola	Lophostoma silvicolum	Lophostoma silvicola	Lophostoma silvicolum	Lophostoma silvicola	Lophostoma silvicolum	Lophostoma silvicolum	Lophostoma silvicola	Lophostoma silvicola	Lophostoma silvicola	Lophostoma silvicola
https://linker.bio/line:hash://sha256/8b20b8ebd7b5bd963ba9f45ca371e7167e7d48b61e72aa14471a3e496be15a50!/L1,L589.tsv	Megaderma lyra	Megaderma lyra	Megaderma lyra	Megaderma lyra	Megaderma lyra	Megaderma lyra	Lyroderma lyra	Lyroderma lyra	Lyroderma lyra	Lyroderma lyra	Lyroderma lyra	Lyroderma lyra	Lyroderma lyra	Lyroderma lyra	Lyroderma lyra
https://linker.bio/line:hash://sha256/8b20b8ebd7b5bd963ba9f45ca371e7167e7d48b61e72aa14471a3e496be15a50!/L1,L590.tsv	N/A	N/A	N/A	N/A	Lyroderma lyra sinensis	Lyroderma lyra sinensis	Lyroderma lyra sinense	Lyroderma lyra sinense	Lyroderma lyra [synonym of]	N/A	Lyroderma lyra sinense	Lyroderma lyra [synonym of]	Lyroderma lyra [synonym of]	Lyroderma sinense	Lyroderma sinense
https://linker.bio/line:hash://sha256/8b20b8ebd7b5bd963ba9f45ca371e7167e7d48b61e72aa14471a3e496be15a50!/L1,L591.tsv	Macroderma gigas	Macroderma gigas	Macroderma gigas	Macroderma gigas	Macroderma gigas	Macroderma gigas	Macroderma gigas	Macroderma gigas	Macroderma gigas	Macroderma gigas	Macroderma gigas	Macroderma gigas	Macroderma gigas	Macroderma gigas	Macroderma gigas
https://linker.bio/line:hash://sha256/8b20b8ebd7b5bd963ba9f45ca371e7167e7d48b61e72aa14471a3e496be15a50!/L1,L592.tsv	Macroglossus minimus	Macroglossus minimus	Macroglossus minimus	Macroglossus minimus	Macroglossus minimus	Macroglossus minimus	Macroglossus minimus	Macroglossus minimus	Macroglossus minimus	Macroglossus minimus	Macroglossus minimus	Macroglossus minimus	Macroglossus minimus	Macroglossus minimus	Macroglossus minimus
https://linker.bio/line:hash://sha256/8b20b8ebd7b5bd963ba9f45ca371e7167e7d48b61e72aa14471a3e496be15a50!/L1,L593.tsv	Macroglossus fructivorus	Macroglossus fructivorus	Macroglossus fructivorus	Macroglossus minimus [synonym of]	N/A	Macroglossus minimus lagochilus [synonym of]	N/A	Macroglossus minimus lagochilus [synonym of]	Macroglossus minimus [synonym of]	N/A	Macroglossus minimus lagochilus [synonym of]	Macroglossus minimus [synonym of]	Macroglossus minimus [synonym of]	 	Macroglossus minimus lagochilus [synonym of]
https://linker.bio/line:hash://sha256/8b20b8ebd7b5bd963ba9f45ca371e7167e7d48b61e72aa14471a3e496be15a50!/L1,L594.tsv	Macroglossus sobrinus	Macroglossus sobrinus	Macroglossus sobrinus	Macroglossus sobrinus	Macroglossus sobrinus	Macroglossus sobrinus	Macroglossus sobrinus	Macroglossus sobrinus	Macroglossus sobrinus	Macroglossus sobrinus	Macroglossus sobrinus	Macroglossus sobrinus	Macroglossus sobrinus	Macroglossus sobrinus	Macroglossus sobrinus
https://linker.bio/line:hash://sha256/8b20b8ebd7b5bd963ba9f45ca371e7167e7d48b61e72aa14471a3e496be15a50!/L1,L595.tsv	Hipposideros commersoni	Hipposideros commersoni	Hipposideros commersoni	Hipposideros commersoni	Hipposideros commersoni	Hipposideros commersoni	Macronycteris commersonii	Macronycteris commersonii	Macronycteris commersonii	Macronycteris commersoni	Macronycteris commersonii	Macronycteris commersonii	Macronycteris commersonii	Macronycteris commersonii	Macronycteris commersonii
https://linker.bio/line:hash://sha256/8b20b8ebd7b5bd963ba9f45ca371e7167e7d48b61e72aa14471a3e496be15a50!/L1,L596.tsv	N/A	N/A	N/A	N/A	N/A	N/A	Macronycteris cryptovalorona	Macronycteris cryptovalorona	Macronycteris cryptovalorona	N/A	Macronycteris cryptovalorona	Macronycteris cryptovalorona	Macronycteris cryptovalorona	Macronycteris cryptovalorona	Macronycteris cryptovalorona
https://linker.bio/line:hash://sha256/8b20b8ebd7b5bd963ba9f45ca371e7167e7d48b61e72aa14471a3e496be15a50!/L1,L597.tsv	N/A	N/A	N/A	Hipposideros commersoni [synonym of]	Hipposideros commersoni gigas	Hipposideros gigas	Macronycteris gigas	Macronycteris gigas	Macronycteris gigas	Macronycteris gigas	Macronycteris gigas	Macronycteris gigas	Macronycteris gigas	Macronycteris gigas	Macronycteris gigas
https://linker.bio/line:hash://sha256/8b20b8ebd7b5bd963ba9f45ca371e7167e7d48b61e72aa14471a3e496be15a50!/L1,L598.tsv	N/A	N/A	N/A	Hipposideros commersoni [synonym of]	Hipposideros commersoni thomensis	Hipposideros thomensis	Macronycteris thomensis	Macronycteris thomensis	Macronycteris thomensis	Macronycteris thomensis	Macronycteris thomensis	Macronycteris thomensis	Macronycteris thomensis	Macronycteris thomensis	Macronycteris thomensis
https://linker.bio/line:hash://sha256/8b20b8ebd7b5bd963ba9f45ca371e7167e7d48b61e72aa14471a3e496be15a50!/L1,L599.tsv	N/A	N/A	N/A	N/A	N/A	Hipposideros vittatus	Macronycteris vittatus	Macronycteris vittatus	Macronycteris vittatus	Macronycteris vittatus	Macronycteris vittata	Macronycteris vittata	Macronycteris vittata	Macronycteris vittata	Macronycteris vittata
https://linker.bio/line:hash://sha256/8b20b8ebd7b5bd963ba9f45ca371e7167e7d48b61e72aa14471a3e496be15a50!/L1,L600.tsv	Macrophyllum macrophyllum	Macrophyllum macrophyllum	Macrophyllum macrophyllum	Macrophyllum macrophyllum	Macrophyllum macrophyllum	Macrophyllum macrophyllum	Macrophyllum macrophyllum	Macrophyllum macrophyllum	Macrophyllum macrophyllum	Macrophyllum macrophyllum	Macrophyllum macrophyllum	Macrophyllum macrophyllum	Macrophyllum macrophyllum	Macrophyllum macrophyllum	Macrophyllum macrophyllum
https://linker.bio/line:hash://sha256/8b20b8ebd7b5bd963ba9f45ca371e7167e7d48b61e72aa14471a3e496be15a50!/L1,L601.tsv	Macrotus californicus	Macrotus californicus	Macrotus californicus	Macrotus californicus	Macrotus californicus	Macrotus californicus	Macrotus californicus	Macrotus californicus	Macrotus californicus	Macrotus californicus	Macrotus californicus	Macrotus californicus	Macrotus californicus	Macrotus californicus	Macrotus californicus
https://linker.bio/line:hash://sha256/8b20b8ebd7b5bd963ba9f45ca371e7167e7d48b61e72aa14471a3e496be15a50!/L1,L602.tsv	Macrotus waterhousei	Macrotus waterhousii	Macrotus waterhousii	Macrotus waterhousii	Macrotus waterhousii	Macrotus waterhousii	Macrotus waterhousii	Macrotus waterhousii	Macrotus waterhousii	Macrotus waterhousii	Macrotus waterhousii	Macrotus waterhousii	Macrotus waterhousii	Macrotus waterhousii	Macrotus waterhousii
https://linker.bio/line:hash://sha256/8b20b8ebd7b5bd963ba9f45ca371e7167e7d48b61e72aa14471a3e496be15a50!/L1,L603.tsv	Megaderma spasma	Megaderma spasma	Megaderma spasma	Megaderma spasma	Megaderma spasma	Megaderma spasma	Megaderma spasma	Megaderma spasma	Megaderma spasma	Megaderma spasma	Megaderma spasma	Megaderma spasma	Megaderma spasma	Megaderma spasma	Megaderma spasma
https://linker.bio/line:hash://sha256/8b20b8ebd7b5bd963ba9f45ca371e7167e7d48b61e72aa14471a3e496be15a50!/L1,L604.tsv	N/A	N/A	N/A	Megaerops wetmorei [synonym of]	N/A	Megaerops wetmorei	Megaerops albicollis	Megaerops albicollis	Megaerops albicollis	N/A	Megaerops albicollis	Megaerops albicollis	Megaerops albicollis	Megaerops albicollis	Megaerops albicollis
https://linker.bio/line:hash://sha256/8b20b8ebd7b5bd963ba9f45ca371e7167e7d48b61e72aa14471a3e496be15a50!/L1,L605.tsv	Megaerops ecaudatus	Megaerops ecaudatus	Megaerops ecaudatus	Megaerops ecaudatus	Megaerops ecaudatus	Megaerops ecaudatus	Megaerops ecaudatus	Megaerops ecaudatus	Megaerops ecaudatus	Megaerops ecaudatus	Megaerops ecaudatus	Megaerops ecaudatus	Megaerops ecaudatus	Megaerops ecaudatus	Megaerops ecaudatus
https://linker.bio/line:hash://sha256/8b20b8ebd7b5bd963ba9f45ca371e7167e7d48b61e72aa14471a3e496be15a50!/L1,L606.tsv	Megaerops kusnotoi	Megaerops kusnotoi	Megaerops kusnotoi	Megaerops kusnotoi	Megaerops kusnotoi	Megaerops kusnotoi	Megaerops kusnotoi	Megaerops kusnotoi	Megaerops kusnotoi	Megaerops kusnotoi	Megaerops kusnotoi	Megaerops kusnotoi	Megaerops kusnotoi	Megaerops kusnotoi	Megaerops kusnotoi
https://linker.bio/line:hash://sha256/8b20b8ebd7b5bd963ba9f45ca371e7167e7d48b61e72aa14471a3e496be15a50!/L1,L607.tsv	N/A	N/A	Megaerops niphanae	Megaerops niphanae	Megaerops niphanae	Megaerops niphanae	Megaerops niphanae	Megaerops niphanae	Megaerops niphanae	Megaerops niphanae	Megaerops niphanae	Megaerops niphanae	Megaerops niphanae	Megaerops niphanae	Megaerops niphanae
https://linker.bio/line:hash://sha256/8b20b8ebd7b5bd963ba9f45ca371e7167e7d48b61e72aa14471a3e496be15a50!/L1,L608.tsv	N/A	N/A	N/A	N/A	N/A	N/A	Megaloglossus azagnyi	Megaloglossus azagnyi	Megaloglossus azagnyi	Megaloglossus azagnyi	Megaloglossus azagnyi	Megaloglossus azagnyi	Megaloglossus azagnyi	Megaloglossus azagnyi	Megaloglossus azagnyi
https://linker.bio/line:hash://sha256/8b20b8ebd7b5bd963ba9f45ca371e7167e7d48b61e72aa14471a3e496be15a50!/L1,L609.tsv	Megaloglossus woermanni	Megaloglossus woermanni	Megaloglossus woermanni	Megaloglossus woermanni	Megaloglossus woermanni	Megaloglossus woermanni	Megaloglossus woermanni	Megaloglossus woermanni	Megaloglossus woermanni	Megaloglossus woermanni	Megaloglossus woermanni	Megaloglossus woermanni	Megaloglossus woermanni	Megaloglossus woermanni	Megaloglossus woermanni
https://linker.bio/line:hash://sha256/8b20b8ebd7b5bd963ba9f45ca371e7167e7d48b61e72aa14471a3e496be15a50!/L1,L610.tsv	Melonycteris melanops	Melonycteris melanops	Melonycteris melanops	Melonycteris melanops	Melonycteris melanops	Melonycteris melanops	Melonycteris melanops	Melonycteris melanops	Melonycteris melanops	Melonycteris melanops	Melonycteris melanops	Melonycteris melanops	Melonycteris melanops	Melonycteris melanops	Melonycteris melanops
https://linker.bio/line:hash://sha256/8b20b8ebd7b5bd963ba9f45ca371e7167e7d48b61e72aa14471a3e496be15a50!/L1,L611.tsv	Ectophylla macconnelli	Ectophylla macconnelli	Mesophylla macconnelli	Mesophylla macconnelli	Mesophylla macconnelli	Mesophylla macconnelli	Mesophylla macconnelli	Mesophylla macconnelli	Mesophylla macconnelli	Mesophylla macconnelli	Mesophylla macconnelli	Mesophylla macconnelli	Mesophylla macconnelli	Mesophylla macconnelli	Mesophylla macconnelli
https://linker.bio/line:hash://sha256/8b20b8ebd7b5bd963ba9f45ca371e7167e7d48b61e72aa14471a3e496be15a50!/L1,L612.tsv	Tadarida norfolkensis	Mormopterus norfolkensis	Mormopterus norfolkensis	Mormopterus norfolkensis	Mormopterus norfolkensis	Mormopterus norfolkensis	Micronomus norfolkensis	Micronomus norfolkensis	Micronomus norfolkensis	Micronomus norfolkensis	Micronomus norfolkensis	Micronomus norfolkensis	Micronomus norfolkensis	Micronomus norfolkensis	Micronomus norfolkensis
https://linker.bio/line:hash://sha256/8b20b8ebd7b5bd963ba9f45ca371e7167e7d48b61e72aa14471a3e496be15a50!/L1,L613.tsv	N/A	N/A	N/A	N/A	N/A	Micronycteris brosseti	Micronycteris brosseti	Micronycteris brosseti	Micronycteris brosseti	Micronycteris brosseti	Micronycteris brosseti	Micronycteris brosseti	Micronycteris brosseti	Micronycteris brosseti	Micronycteris brosseti
https://linker.bio/line:hash://sha256/8b20b8ebd7b5bd963ba9f45ca371e7167e7d48b61e72aa14471a3e496be15a50!/L1,L614.tsv	N/A	N/A	N/A	N/A	N/A	N/A	Micronycteris buriri	Micronycteris buriri	Micronycteris buriri	Micronycteris buriri	Micronycteris buriri	Micronycteris buriri	Micronycteris buriri	Micronycteris buriri	Micronycteris buriri
https://linker.bio/line:hash://sha256/8b20b8ebd7b5bd963ba9f45ca371e7167e7d48b61e72aa14471a3e496be15a50!/L1,L615.tsv	N/A	N/A	N/A	N/A	N/A	N/A	Micronycteris giovanniae	Micronycteris giovanniae	Micronycteris giovanniae	Micronycteris giovanniae	Micronycteris giovanniae	Micronycteris giovanniae	Micronycteris giovanniae	Micronycteris giovanniae	Micronycteris giovanniae
https://linker.bio/line:hash://sha256/8b20b8ebd7b5bd963ba9f45ca371e7167e7d48b61e72aa14471a3e496be15a50!/L1,L616.tsv	Micronycteris hirsuta	Micronycteris hirsuta	Micronycteris hirsuta	Micronycteris hirsuta	Micronycteris hirsuta	Micronycteris hirsuta	Micronycteris hirsuta	Micronycteris hirsuta	Micronycteris hirsuta	Micronycteris hirsuta	Micronycteris hirsuta	Micronycteris hirsuta	Micronycteris hirsuta	Micronycteris hirsuta	Micronycteris hirsuta
https://linker.bio/line:hash://sha256/8b20b8ebd7b5bd963ba9f45ca371e7167e7d48b61e72aa14471a3e496be15a50!/L1,L617.tsv	N/A	N/A	N/A	N/A	N/A	Micronycteris matses	Micronycteris matses	Micronycteris matses	Micronycteris matses	Micronycteris matses	Micronycteris matses	Micronycteris matses	Micronycteris matses	Micronycteris matses	Micronycteris matses
https://linker.bio/line:hash://sha256/8b20b8ebd7b5bd963ba9f45ca371e7167e7d48b61e72aa14471a3e496be15a50!/L1,L618.tsv	Micronycteris megalotis	Micronycteris megalotis	Micronycteris megalotis	Micronycteris megalotis	Micronycteris megalotis	Micronycteris megalotis	Micronycteris megalotis	Micronycteris megalotis	Micronycteris megalotis	Micronycteris megalotis	Micronycteris megalotis	Micronycteris megalotis	Micronycteris megalotis	Micronycteris megalotis	Micronycteris megalotis
https://linker.bio/line:hash://sha256/8b20b8ebd7b5bd963ba9f45ca371e7167e7d48b61e72aa14471a3e496be15a50!/L1,L619.tsv	N/A	Micronycteris megalotis [synonym of]	N/A	Micronycteris megalotis [synonym of]	Micronycteris megalotis microtis	Micronycteris microtis	Micronycteris microtis	Micronycteris microtis	Micronycteris microtis	Micronycteris microtis	Micronycteris microtis	Micronycteris microtis	Micronycteris microtis	Micronycteris microtis	Micronycteris microtis
https://linker.bio/line:hash://sha256/8b20b8ebd7b5bd963ba9f45ca371e7167e7d48b61e72aa14471a3e496be15a50!/L1,L620.tsv	Micronycteris minuta	Micronycteris minuta	Micronycteris minuta	Micronycteris minuta	Micronycteris minuta	Micronycteris minuta	Micronycteris minuta	Micronycteris minuta	Micronycteris minuta	Micronycteris minuta	Micronycteris minuta	Micronycteris minuta	Micronycteris minuta	Micronycteris minuta	Micronycteris minuta
https://linker.bio/line:hash://sha256/8b20b8ebd7b5bd963ba9f45ca371e7167e7d48b61e72aa14471a3e496be15a50!/L1,L621.tsv	N/A	N/A	N/A	Micronycteris megalotis [synonym of]	Micronycteris megalotis homezi	Micronycteris homezi	Micronycteris minuta [synonym of]	Micronycteris minuta minuta [synonym of]	Micronycteris minuta [synonym of]	Micronycteris minuta [synonym of]	Micronycteris minuta minuta [synonym of]	Micronycteris minuta [synonym of]	Micronycteris minuta [synonym of]	 	Micronycteris minuta [synonym of]
https://linker.bio/line:hash://sha256/8b20b8ebd7b5bd963ba9f45ca371e7167e7d48b61e72aa14471a3e496be15a50!/L1,L622.tsv	N/A	N/A	N/A	N/A	N/A	Micronycteris sanborni	Micronycteris sanborni	Micronycteris sanborni	Micronycteris sanborni	Micronycteris sanborni	Micronycteris sanborni	Micronycteris sanborni	Micronycteris sanborni	Micronycteris sanborni	Micronycteris sanborni
https://linker.bio/line:hash://sha256/8b20b8ebd7b5bd963ba9f45ca371e7167e7d48b61e72aa14471a3e496be15a50!/L1,L623.tsv	Micronycteris schmidtorum	Micronycteris schmidtorum	Micronycteris schmidtorum	Micronycteris schmidtorum	Micronycteris schmidtorum	Micronycteris schmidtorum	Micronycteris schmidtorum	Micronycteris schmidtorum	Micronycteris schmidtorum	Micronycteris schmidtorum	Micronycteris schmidtorum	Micronycteris schmidtorum	Micronycteris schmidtorum	Micronycteris schmidtorum	Micronycteris schmidtorum
https://linker.bio/line:hash://sha256/8b20b8ebd7b5bd963ba9f45ca371e7167e7d48b61e72aa14471a3e496be15a50!/L1,L624.tsv	N/A	N/A	N/A	N/A	N/A	N/A	N/A	Micronycteris simmonsae	Micronycteris simmonsae	N/A	Micronycteris simmonsae	Micronycteris simmonsae	Micronycteris simmonsae	Micronycteris simmonsae	Micronycteris simmonsae
https://linker.bio/line:hash://sha256/8b20b8ebd7b5bd963ba9f45ca371e7167e7d48b61e72aa14471a3e496be15a50!/L1,L625.tsv	N/A	N/A	N/A	N/A	N/A	N/A	N/A	Micronycteris tresamici	Micronycteris tresamici	N/A	Micronycteris tresamici	Micronycteris tresamici	Micronycteris tresamici	Micronycteris tresamici	Micronycteris tresamici
https://linker.bio/line:hash://sha256/8b20b8ebd7b5bd963ba9f45ca371e7167e7d48b61e72aa14471a3e496be15a50!/L1,L626.tsv	N/A	N/A	N/A	N/A	N/A	N/A	Micronycteris yatesi	Micronycteris yatesi	Micronycteris yatesi	Micronycteris yatesi	Micronycteris yatesi	Micronycteris yatesi	Micronycteris yatesi	Micronycteris yatesi	Micronycteris yatesi
https://linker.bio/line:hash://sha256/8b20b8ebd7b5bd963ba9f45ca371e7167e7d48b61e72aa14471a3e496be15a50!/L1,L627.tsv	Mimetillus moloneyi	Mimetillus moloneyi	Mimetillus moloneyi	Mimetillus moloneyi	Mimetillus moloneyi	Mimetillus moloneyi	Mimetillus moloneyi	Mimetillus moloneyi	Mimetillus moloneyi	Mimetillus moloneyi	Mimetillus moloneyi	Mimetillus moloneyi	Mimetillus moloneyi	Mimetillus moloneyi	Mimetillus moloneyi
https://linker.bio/line:hash://sha256/8b20b8ebd7b5bd963ba9f45ca371e7167e7d48b61e72aa14471a3e496be15a50!/L1,L628.tsv	N/A	N/A	N/A	Mimetillus moloneyi [synonym of]	Mimetillus moloneyi thomasi	Mimetillus moloneyi thomasi	Mimetillus moloneyi thomasi	Mimetillus moloneyi thomasi	Mimetillus thomasi	N/A	Mimetillus moloneyi thomasi	Mimetillus moloneyi [synonym of]	Mimetillus moloneyi [synonym of]	 	Mimetillus moloneyi [synonym of]
https://linker.bio/line:hash://sha256/8b20b8ebd7b5bd963ba9f45ca371e7167e7d48b61e72aa14471a3e496be15a50!/L1,L629.tsv	Mimon bennetti	Mimon bennettii	Mimon bennettii	Mimon bennettii	Mimon bennettii	Mimon bennettii	Mimon bennettii	Mimon bennettii	Mimon bennettii	Mimon bennettii	Mimon bennettii	Mimon bennettii	Mimon bennettii	Mimon bennettii	Mimon bennettii
https://linker.bio/line:hash://sha256/8b20b8ebd7b5bd963ba9f45ca371e7167e7d48b61e72aa14471a3e496be15a50!/L1,L630.tsv	Mimon cozumelae	Mimon cozumelae	Mimon cozumelae	Mimon bennetti [synonym of]	Mimon bennetti cozumelae	Mimon cozumelae	Mimon cozumelae	Mimon cozumelae	Mimon cozumelae	Mimon cozumelae	Mimon cozumelae	Mimon cozumelae	Mimon cozumelae	Mimon cozumelae	Mimon cozumelae
https://linker.bio/line:hash://sha256/8b20b8ebd7b5bd963ba9f45ca371e7167e7d48b61e72aa14471a3e496be15a50!/L1,L631.tsv	N/A	N/A	N/A	N/A	N/A	N/A	Miniopterus aelleni	Miniopterus aelleni	Miniopterus aelleni	Miniopterus aelleni	Miniopterus aelleni	Miniopterus aelleni	Miniopterus aelleni	Miniopterus aelleni	Miniopterus aelleni
https://linker.bio/line:hash://sha256/8b20b8ebd7b5bd963ba9f45ca371e7167e7d48b61e72aa14471a3e496be15a50!/L1,L632.tsv	N/A	N/A	N/A	Miniopterus inflatus [synonym of]	Miniopterus inflatus africanus	N/A	Miniopterus africanus	Miniopterus africanus	Miniopterus africanus	Miniopterus africanus	Miniopterus africanus	Miniopterus africanus	Miniopterus africanus	Miniopterus africanus	Miniopterus africanus
https://linker.bio/line:hash://sha256/8b20b8ebd7b5bd963ba9f45ca371e7167e7d48b61e72aa14471a3e496be15a50!/L1,L633.tsv	N/A	N/A	N/A	N/A	N/A	N/A	Miniopterus ambohitrensis	Miniopterus ambohitrensis	Miniopterus ambohitrensis	Miniopterus ambohitrensis	Miniopterus ambohitrensis	Miniopterus ambohitrensis	Miniopterus ambohitrensis	Miniopterus ambohitrensis	Miniopterus ambohitrensis
https://linker.bio/line:hash://sha256/8b20b8ebd7b5bd963ba9f45ca371e7167e7d48b61e72aa14471a3e496be15a50!/L1,L634.tsv	N/A	N/A	N/A	Miniopterus schreibersii [synonym of]	Miniopterus natalensis arenarius	Miniopterus natalensis arenarius	Miniopterus arenarius	Miniopterus natalensis	Miniopterus arenarius	N/A	Miniopterus arenarius	Miniopterus arenarius	Miniopterus arenarius	Miniopterus arenarius	Miniopterus arenarius
https://linker.bio/line:hash://sha256/8b20b8ebd7b5bd963ba9f45ca371e7167e7d48b61e72aa14471a3e496be15a50!/L1,L635.tsv	Miniopterus australis	Miniopterus australis	Miniopterus australis	Miniopterus australis	Miniopterus australis	Miniopterus australis	Miniopterus australis	Miniopterus australis	Miniopterus australis	Miniopterus australis	Miniopterus australis	Miniopterus australis	Miniopterus australis	Miniopterus australis	Miniopterus australis
https://linker.bio/line:hash://sha256/8b20b8ebd7b5bd963ba9f45ca371e7167e7d48b61e72aa14471a3e496be15a50!/L1,L636.tsv	N/A	N/A	N/A	N/A	N/A	N/A	Miniopterus brachytragos	Miniopterus brachytragos	Miniopterus brachytragos	Miniopterus brachytragos	Miniopterus brachytragos	Miniopterus brachytragos	Miniopterus brachytragos	Miniopterus brachytragos	Miniopterus brachytragos
https://linker.bio/line:hash://sha256/8b20b8ebd7b5bd963ba9f45ca371e7167e7d48b61e72aa14471a3e496be15a50!/L1,L637.tsv	N/A	N/A	N/A	N/A	N/A	N/A	Miniopterus egeri	Miniopterus egeri	Miniopterus egeri	Miniopterus egeri	Miniopterus egeri	Miniopterus egeri	Miniopterus egeri	Miniopterus egeri	Miniopterus egeri
https://linker.bio/line:hash://sha256/8b20b8ebd7b5bd963ba9f45ca371e7167e7d48b61e72aa14471a3e496be15a50!/L1,L638.tsv	N/A	N/A	N/A	Miniopterus schreibersii [synonym of]	Miniopterus schreibersii eschscholtzii	Miniopterus schreibersii eschscholtzii	Miniopterus eschscholtzii	Miniopterus fuliginosus eschscholtzii	Miniopterus eschscholtzii	N/A	Miniopterus eschscholtzii	Miniopterus eschscholtzii	Miniopterus eschscholtzii	Miniopterus eschscholtzii	Miniopterus eschscholtzii
https://linker.bio/line:hash://sha256/8b20b8ebd7b5bd963ba9f45ca371e7167e7d48b61e72aa14471a3e496be15a50!/L1,L639.tsv	Miniopterus fraterculus	Miniopterus fraterculus	Miniopterus fraterculus	Miniopterus fraterculus	Miniopterus fraterculus	Miniopterus fraterculus	Miniopterus fraterculus	Miniopterus fraterculus	Miniopterus fraterculus	Miniopterus fraterculus	Miniopterus fraterculus	Miniopterus fraterculus	Miniopterus fraterculus	Miniopterus fraterculus	Miniopterus fraterculus
https://linker.bio/line:hash://sha256/8b20b8ebd7b5bd963ba9f45ca371e7167e7d48b61e72aa14471a3e496be15a50!/L1,L640.tsv	N/A	Miniopterus schreibersi [synonym of]	N/A	Miniopterus schreibersi [synonym of]	Miniopterus schreibersii fuliginosus	Miniopterus schreibersii fuliginosus	Miniopterus fuliginosus	Miniopterus fuliginosus	Miniopterus fuliginosus	N/A	Miniopterus fuliginosus	Miniopterus fuliginosus	Miniopterus fuliginosus	Miniopterus fuliginosus	Miniopterus fuliginosus
https://linker.bio/line:hash://sha256/8b20b8ebd7b5bd963ba9f45ca371e7167e7d48b61e72aa14471a3e496be15a50!/L1,L641.tsv	N/A	N/A	N/A	Miniopterus schreibersi [synonym of]	Miniopterus schreibersi blepotis	Miniopterus schreibersi blepotis	Miniopterus blepotis	Miniopterus fuliginosus blepotis and Miniopterus schreibersii blepotis	Miniopterus blepotis	N/A	Miniopterus fuliginosus blepotis and Miniopterus schreibersii blepotis	N/A	Miniopterus fuliginosus [synonym of]	 	Miniopterus fuliginosus [synonym of]
https://linker.bio/line:hash://sha256/8b20b8ebd7b5bd963ba9f45ca371e7167e7d48b61e72aa14471a3e496be15a50!/L1,L642.tsv	N/A	N/A	Miniopterus fuscus	Miniopterus fuscus	Miniopterus fuscus	Miniopterus fuscus	Miniopterus fuscus	Miniopterus fuscus	Miniopterus fuscus	Miniopterus fuscus	Miniopterus fuscus	Miniopterus fuscus	Miniopterus fuscus	Miniopterus fuscus	Miniopterus fuscus
https://linker.bio/line:hash://sha256/8b20b8ebd7b5bd963ba9f45ca371e7167e7d48b61e72aa14471a3e496be15a50!/L1,L643.tsv	N/A	N/A	N/A	N/A	N/A	Miniopterus gleni	Miniopterus gleni	Miniopterus gleni	Miniopterus gleni	Miniopterus gleni	Miniopterus gleni	Miniopterus gleni	Miniopterus gleni	Miniopterus gleni	Miniopterus gleni
https://linker.bio/line:hash://sha256/8b20b8ebd7b5bd963ba9f45ca371e7167e7d48b61e72aa14471a3e496be15a50!/L1,L644.tsv	N/A	N/A	N/A	N/A	N/A	N/A	Miniopterus griffithsi	Miniopterus griffithsi	Miniopterus griffithsi	Miniopterus griffithsi	Miniopterus griffithsi	Miniopterus griffithsi	Miniopterus griffithsi	Miniopterus griffithsi	Miniopterus griffithsi
https://linker.bio/line:hash://sha256/8b20b8ebd7b5bd963ba9f45ca371e7167e7d48b61e72aa14471a3e496be15a50!/L1,L645.tsv	N/A	N/A	N/A	N/A	N/A	Miniopterus manavi griveaudi	Miniopterus griveaudi	Miniopterus griveaudi	Miniopterus griveaudi	Miniopterus griveaudi	Miniopterus griveaudi	Miniopterus griveaudi	Miniopterus griveaudi	Miniopterus griveaudi	Miniopterus griveaudi
https://linker.bio/line:hash://sha256/8b20b8ebd7b5bd963ba9f45ca371e7167e7d48b61e72aa14471a3e496be15a50!/L1,L646.tsv	Miniopterus inflatus	Miniopterus inflatus	Miniopterus inflatus	Miniopterus inflatus	Miniopterus inflatus	Miniopterus inflatus	Miniopterus inflatus	Miniopterus inflatus	Miniopterus inflatus	Miniopterus inflatus	Miniopterus inflatus	Miniopterus inflatus	Miniopterus inflatus	Miniopterus inflatus	Miniopterus inflatus
https://linker.bio/line:hash://sha256/8b20b8ebd7b5bd963ba9f45ca371e7167e7d48b61e72aa14471a3e496be15a50!/L1,L647.tsv	N/A	Miniopterus medius [synonym of]	Miniopterus pusillus [synonym of]	Miniopterus pusillus [synonym of]	Miniopterus pusillus macrocneme	Minopterus macrocneme	Miniopterus macrocneme	Miniopterus macrocneme	Miniopterus macrocneme	Miniopterus macrocneme	Miniopterus macrocneme	Miniopterus macrocneme	Miniopterus macrocneme	Miniopterus macrocneme	Miniopterus macrocneme
https://linker.bio/line:hash://sha256/8b20b8ebd7b5bd963ba9f45ca371e7167e7d48b61e72aa14471a3e496be15a50!/L1,L648.tsv	N/A	N/A	N/A	N/A	N/A	N/A	Miniopterus maghrebensis	Miniopterus maghrebensis	Miniopterus maghrebensis	Miniopterus maghrebensis	Miniopterus maghrebensis	Miniopterus maghrebensis	Miniopterus maghrebensis	Miniopterus maghrebensis	Miniopterus maghrebensis
https://linker.bio/line:hash://sha256/8b20b8ebd7b5bd963ba9f45ca371e7167e7d48b61e72aa14471a3e496be15a50!/L1,L649.tsv	N/A	Miniopterus schreibersi [synonym of]	Miniopterus magnater	Miniopterus magnater	Miniopterus magnater	Miniopterus magnater	Miniopterus magnater	Miniopterus magnater	Miniopterus magnater	Miniopterus magnater	Miniopterus magnater	Miniopterus magnater	Miniopterus magnater	Miniopterus magnater	Miniopterus magnater
https://linker.bio/line:hash://sha256/8b20b8ebd7b5bd963ba9f45ca371e7167e7d48b61e72aa14471a3e496be15a50!/L1,L650.tsv	N/A	N/A	N/A	N/A	N/A	N/A	Miniopterus mahafaliensis	Miniopterus mahafaliensis	Miniopterus mahafaliensis	Miniopterus mahafaliensis	Miniopterus mahafaliensis	Miniopterus mahafaliensis	Miniopterus mahafaliensis	Miniopterus mahafaliensis	Miniopterus mahafaliensis
https://linker.bio/line:hash://sha256/8b20b8ebd7b5bd963ba9f45ca371e7167e7d48b61e72aa14471a3e496be15a50!/L1,L651.tsv	N/A	N/A	N/A	Miniopterus schreibersii [synonym of]	Miniopterus schreibersii majori	Miniopterus majori	Miniopterus majori	Miniopterus majori	Miniopterus majori	Miniopterus majori	Miniopterus majori	Miniopterus majori	Miniopterus majori	Miniopterus majori	Miniopterus majori
https://linker.bio/line:hash://sha256/8b20b8ebd7b5bd963ba9f45ca371e7167e7d48b61e72aa14471a3e496be15a50!/L1,L652.tsv	N/A	N/A	N/A	Miniopterus minor [synonym of]	Miniopterus manavi	Miniopterus manavi	Miniopterus manavi	Miniopterus manavi	Miniopterus manavi	Miniopterus manavi	Miniopterus manavi	Miniopterus manavi	Miniopterus manavi	Miniopterus manavi	Miniopterus manavi
https://linker.bio/line:hash://sha256/8b20b8ebd7b5bd963ba9f45ca371e7167e7d48b61e72aa14471a3e496be15a50!/L1,L653.tsv	Miniopterus medius	Miniopterus medius	Miniopterus medius	Miniopterus fuscus [synonym of]	N/A	Miniopterus medius	Miniopterus medius	Miniopterus medius	Miniopterus medius	Miniopterus medius	Miniopterus medius	Miniopterus medius	Miniopterus medius	Miniopterus medius	Miniopterus medius
https://linker.bio/line:hash://sha256/8b20b8ebd7b5bd963ba9f45ca371e7167e7d48b61e72aa14471a3e496be15a50!/L1,L654.tsv	Miniopterus minor	Miniopterus minor	Miniopterus minor	Miniopterus minor	Miniopterus minor	Miniopterus minor	Miniopterus minor	Miniopterus minor	Miniopterus minor	Miniopterus minor	Miniopterus minor	Miniopterus minor	Miniopterus minor	Miniopterus minor	Miniopterus minor
https://linker.bio/line:hash://sha256/8b20b8ebd7b5bd963ba9f45ca371e7167e7d48b61e72aa14471a3e496be15a50!/L1,L655.tsv	N/A	N/A	N/A	N/A	N/A	Micronycteris schmidtorum [synonym of]	Miniopterus mossambicus	Miniopterus mossambicus	Miniopterus mossambicus	Micronycteris schmidtorum	Miniopterus mossambicus	Miniopterus mossambicus	Miniopterus mossambicus	Miniopterus mossambicus	Miniopterus mossambicus
https://linker.bio/line:hash://sha256/8b20b8ebd7b5bd963ba9f45ca371e7167e7d48b61e72aa14471a3e496be15a50!/L1,L656.tsv	N/A	N/A	N/A	Miniopterus schreibersii [synonym of]	Miniopterus natalensis	Miniopterus natalensis	Miniopterus natalensis	Miniopterus natalensis	Miniopterus natalensis	Miniopterus natalensis	Miniopterus natalensis	Miniopterus natalensis	Miniopterus natalensis	Miniopterus natalensis	Miniopterus natalensis
https://linker.bio/line:hash://sha256/8b20b8ebd7b5bd963ba9f45ca371e7167e7d48b61e72aa14471a3e496be15a50!/L1,L657.tsv	N/A	N/A	N/A	Miniopterus minor [synonym of]	Miniopterus minor newtoni	Miniopterus minor newtoni	Miniopterus newtoni	Miniopterus newtoni	Miniopterus newtoni	Miniopterus newtoni	Miniopterus newtoni	Miniopterus newtoni	Miniopterus newtoni	Miniopterus newtoni	Miniopterus newtoni
https://linker.bio/line:hash://sha256/8b20b8ebd7b5bd963ba9f45ca371e7167e7d48b61e72aa14471a3e496be15a50!/L1,L658.tsv	N/A	N/A	N/A	N/A	N/A	N/A	N/A	Miniopterus nimbae	Miniopterus nimbae	N/A	Miniopterus nimbae	Miniopterus nimbae	Miniopterus nimbae	Miniopterus nimbae	Miniopterus nimbae
https://linker.bio/line:hash://sha256/8b20b8ebd7b5bd963ba9f45ca371e7167e7d48b61e72aa14471a3e496be15a50!/L1,L659.tsv	N/A	N/A	N/A	Miniopterus schreibersii [synonym of]	Miniopterus schreibersii orianae	Miniopterus schreibersii orianae	Miniopterus orianae	Miniopterus orianae	Miniopterus orianae	N/A	Miniopterus orianae	Miniopterus orianae	Miniopterus orianae	Miniopterus orianae	Miniopterus orianae
https://linker.bio/line:hash://sha256/8b20b8ebd7b5bd963ba9f45ca371e7167e7d48b61e72aa14471a3e496be15a50!/L1,L660.tsv	N/A	N/A	N/A	Miniopterus schreibersii [synonym of]	Miniopterus schreibersii pallidus	Miniopterus schreibersii pallidus	Miniopterus pallidus	Miniopterus pallidus	Miniopterus pallidus	Miniopterus pallidus	Miniopterus pallidus	Miniopterus pallidus	Miniopterus pallidus	Miniopterus pallidus	Miniopterus pallidus
https://linker.bio/line:hash://sha256/8b20b8ebd7b5bd963ba9f45ca371e7167e7d48b61e72aa14471a3e496be15a50!/L1,L661.tsv	N/A	Miniopterus australis [synonym of]	N/A	Miniopterus australis [synonym of]	Miniopterus paululus	Miniopterus paululus	Miniopterus paululus	Miniopterus paululus	Miniopterus paululus	Miniopterus paululus	Miniopterus paululus	Miniopterus paululus	Miniopterus paululus	Miniopterus paululus	Miniopterus paululus
https://linker.bio/line:hash://sha256/8b20b8ebd7b5bd963ba9f45ca371e7167e7d48b61e72aa14471a3e496be15a50!/L1,L662.tsv	N/A	N/A	N/A	N/A	N/A	N/A	Miniopterus petersoni	Miniopterus petersoni	Miniopterus petersoni	Miniopterus petersoni	Miniopterus petersoni	Miniopterus petersoni	Miniopterus petersoni	Miniopterus petersoni	Miniopterus petersoni
https://linker.bio/line:hash://sha256/8b20b8ebd7b5bd963ba9f45ca371e7167e7d48b61e72aa14471a3e496be15a50!/L1,L663.tsv	N/A	N/A	N/A	N/A	N/A	N/A	N/A	Miniopterus phillipsi to be added	Miniopterus phillipsi to be added	N/A	Miniopterus phillipsi	Miniopterus phillipsi	Miniopterus phillipsi	Miniopterus phillipsi	Miniopterus phillipsi
https://linker.bio/line:hash://sha256/8b20b8ebd7b5bd963ba9f45ca371e7167e7d48b61e72aa14471a3e496be15a50!/L1,L664.tsv	N/A	Miniopterus australis [synonym of]	Miniopterus pusillus	Miniopterus pusillus	Miniopterus pusillus	Miniopterus pusillus	Miniopterus pusillus	Miniopterus pusillus	Miniopterus pusillus	Miniopterus pusillus	Miniopterus pusillus	Miniopterus pusillus	Miniopterus pusillus	Miniopterus pusillus	Miniopterus pusillus
https://linker.bio/line:hash://sha256/8b20b8ebd7b5bd963ba9f45ca371e7167e7d48b61e72aa14471a3e496be15a50!/L1,L665.tsv	Miniopterus robustior	Miniopterus robustior	Miniopterus robustior	Miniopterus robustior	Miniopterus robustior	Miniopterus robustior	Miniopterus robustior	Miniopterus robustior	Miniopterus robustior	Miniopterus robustior	Miniopterus robustior	Miniopterus robustior	Miniopterus robustior	Miniopterus robustior	Miniopterus robustior
https://linker.bio/line:hash://sha256/8b20b8ebd7b5bd963ba9f45ca371e7167e7d48b61e72aa14471a3e496be15a50!/L1,L666.tsv	Miniopterus schreibersi	Miniopterus schreibersi	Miniopterus schreibersii	Miniopterus schreibersi	Miniopterus schreibersi	Miniopterus schreibersii	Miniopterus schreibersii	Miniopterus schreibersii	Miniopterus schreibersii	Miniopterus schreibersii	Miniopterus schreibersii	Miniopterus schreibersii	Miniopterus schreibersii	Miniopterus schreibersii	Miniopterus schreibersii
https://linker.bio/line:hash://sha256/8b20b8ebd7b5bd963ba9f45ca371e7167e7d48b61e72aa14471a3e496be15a50!/L1,L667.tsv	N/A	N/A	N/A	Miniopterus australis [synonym of]	N/A	Miniopterus shortridgei	Miniopterus shortridgei	Miniopterus shortridgei	Miniopterus shortridgei	Miniopterus shortridgei	Miniopterus shortridgei	Miniopterus shortridgei	Miniopterus shortridgei	Miniopterus shortridgei	Miniopterus shortridgei
https://linker.bio/line:hash://sha256/8b20b8ebd7b5bd963ba9f45ca371e7167e7d48b61e72aa14471a3e496be15a50!/L1,L668.tsv	N/A	N/A	N/A	N/A	N/A	N/A	Miniopterus sororculus	Miniopterus sororculus	Miniopterus sororculus	Miniopterus sororculus	Miniopterus sororculus	Miniopterus sororculus	Miniopterus sororculus	Miniopterus sororculus	Miniopterus sororculus
https://linker.bio/line:hash://sha256/8b20b8ebd7b5bd963ba9f45ca371e7167e7d48b61e72aa14471a3e496be15a50!/L1,L669.tsv	N/A	N/A	N/A	N/A	N/A	N/A	N/A	N/A	N/A	N/A	N/A	N/A	Miniopterus srinii	Miniopterus srinii	Miniopterus srinii
https://linker.bio/line:hash://sha256/8b20b8ebd7b5bd963ba9f45ca371e7167e7d48b61e72aa14471a3e496be15a50!/L1,L670.tsv	Miniopterus tristis	Miniopterus tristis	Miniopterus tristis	Miniopterus tristis	Miniopterus tristis	Miniopterus tristis	Miniopterus tristis	Miniopterus tristis	Miniopterus tristis	Miniopterus tristis	Miniopterus tristis	Miniopterus tristis	Miniopterus tristis	Miniopterus tristis	Miniopterus tristis
https://linker.bio/line:hash://sha256/8b20b8ebd7b5bd963ba9f45ca371e7167e7d48b61e72aa14471a3e496be15a50!/L1,L671.tsv	N/A	N/A	N/A	Miniopterus schreibersii [synonym of]	Miniopterus schreibersii villiersi	Miniopterus schreibersii villiersi	Miniopterus villiersi	Miniopterus villiersi	Miniopterus villiersi	N/A	Miniopterus villiersi	Miniopterus villiersi	Miniopterus villiersi	Miniopterus villiersi	Miniopterus villiersi
https://linker.bio/line:hash://sha256/8b20b8ebd7b5bd963ba9f45ca371e7167e7d48b61e72aa14471a3e496be15a50!/L1,L672.tsv	N/A	N/A	N/A	N/A	N/A	N/A	N/A	Miniopterus wilsoni	Miniopterus wilsoni	N/A	Miniopterus wilsoni	Miniopterus wilsoni	Miniopterus wilsoni	Miniopterus wilsoni	Miniopterus wilsoni
https://linker.bio/line:hash://sha256/8b20b8ebd7b5bd963ba9f45ca371e7167e7d48b61e72aa14471a3e496be15a50!/L1,L673.tsv	Pteralopex acrodonta	Pteralopex acrodonta	Pteralopex acrodonta	Pteralopex acrodonta	Pteralopex acrodonta	Pteralopex acrodonta	Mirimiri acrodonta	Mirimiri acrodonta	Mirimiri acrodonta	Mirimiri acrodonta	Mirimiri acrodonta	Mirimiri acrodonta	Mirimiri acrodonta	Mirimiri acrodonta	Mirimiri acrodonta
https://linker.bio/line:hash://sha256/8b20b8ebd7b5bd963ba9f45ca371e7167e7d48b61e72aa14471a3e496be15a50!/L1,L674.tsv	Pipistrellus joffrei	Pipistrellus joffrei	Pipistrellus joffrei	Pipistrellus joffrei	Nyctalus joffreyi	Hypsugo joffrei	Hypsugo joffrei	Mirostrellus joffrei	Mirostrellus joffrei	Hypsugo joffrei	Mirostrellus joffrei	Mirostrellus joffrei	Mirostrellus joffrei	Mirostrellus joffrei	Mirostrellus joffrei
https://linker.bio/line:hash://sha256/8b20b8ebd7b5bd963ba9f45ca371e7167e7d48b61e72aa14471a3e496be15a50!/L1,L675.tsv	Pipistrellus anthonyi	Pipistrellus anthonyi	Pipistrellus anthonyi	N/A	Nyctalus anthonyi	Hypsugo anthonyi	Hypsugo joffrei [synonym of]	Mirostrellus joffrei joffrei [synonym of]	Mirostrellus joffrei [synonym of]	Hypsugo joffrei [synonym of]	Mirostrellus joffrei joffrei [synonym of]	Mirostrellus joffrei [synonym of]	Mirostrellus joffrei [synonym of]	 	Mirostrellus joffrei [synonym of]
https://linker.bio/line:hash://sha256/8b20b8ebd7b5bd963ba9f45ca371e7167e7d48b61e72aa14471a3e496be15a50!/L1,L676.tsv	N/A	N/A	N/A	Molossops temminckii [synonym of]	Molossops temminckii griseiventer	Molossops temminckii griseiventer	N/A	Molossops temminckii griseiventer	Molossops temminckii [synonym of]	N/A	Molossops temminckii griseiventer	Molossops temminckii [synonym of]	Molossops griseiventer	Molossops griseiventer	Molossops griseiventer
https://linker.bio/line:hash://sha256/8b20b8ebd7b5bd963ba9f45ca371e7167e7d48b61e72aa14471a3e496be15a50!/L1,L677.tsv	N/A	Molossops neglectus	Molossops neglectus	Molossops neglectus	Molossops neglectus	Molossops neglectus	Molossops neglectus	Molossops neglectus	Molossops neglectus	Molossops neglectus	Molossops neglectus	Molossops neglectus	Molossops neglectus	Molossops neglectus	Molossops neglectus
https://linker.bio/line:hash://sha256/8b20b8ebd7b5bd963ba9f45ca371e7167e7d48b61e72aa14471a3e496be15a50!/L1,L678.tsv	Molossops temmincki	Molossops temminckii	Molossops temmincki	Molossops temminckii	Molossops temminckii	Molossops temminckii	Molossops temminckii	Molossops temminckii	Molossops temminckii	Molossops temminckii	Molossops temminckii	Molossops temminckii	Molossops temminckii	Molossops temminckii	Molossops temminckii
https://linker.bio/line:hash://sha256/8b20b8ebd7b5bd963ba9f45ca371e7167e7d48b61e72aa14471a3e496be15a50!/L1,L679.tsv	N/A	N/A	N/A	N/A	N/A	N/A	Molossus alvarezi	Molossus alvarezi	Molossus alvarezi	Molossus alvarezi	Molossus alvarezi	Molossus alvarezi	Molossus alvarezi	Molossus alvarezi	Molossus alvarezi
https://linker.bio/line:hash://sha256/8b20b8ebd7b5bd963ba9f45ca371e7167e7d48b61e72aa14471a3e496be15a50!/L1,L680.tsv	N/A	N/A	N/A	Molossus molossus [synonym of]	Molossus molossus aztecus	Molossus aztecus	Molossus aztecus	Molossus aztecus	Molossus aztecus	Molossus aztecus	Molossus aztecus	Molossus aztecus	Molossus aztecus	Molossus aztecus	Molossus aztecus
https://linker.bio/line:hash://sha256/8b20b8ebd7b5bd963ba9f45ca371e7167e7d48b61e72aa14471a3e496be15a50!/L1,L681.tsv	Molossus bondae	Molossus bondae	Molossus bondae	Molossus bondae	Molossus bondae	Molossus currentium bondae	Molossus currentium	Molossus bondae	Molossus bondae	Molossus bondae	Molossus bondae	Molossus bondae	Molossus bondae	Molossus bondae	Molossus bondae
https://linker.bio/line:hash://sha256/8b20b8ebd7b5bd963ba9f45ca371e7167e7d48b61e72aa14471a3e496be15a50!/L1,L682.tsv	N/A	N/A	N/A	Molossus molossus [synonym of]	Molossus molossus coibensis	Molossus coibensis	Molossus coibensis	Molossus coibensis	Molossus coibensis	Molossus coibensis	Molossus coibensis	Molossus coibensis	Molossus coibensis	Molossus coibensis	Molossus coibensis
https://linker.bio/line:hash://sha256/8b20b8ebd7b5bd963ba9f45ca371e7167e7d48b61e72aa14471a3e496be15a50!/L1,L683.tsv	Molossus barnesi	N/A	Molossus barnesi	Molossus molossus [synonym of]	Molossus molossus barnesi	Molossus barnesi	Molossus coibensis [synonym of]	Molossus coibensis coibensis [synonym of]	Molossus coibensis [synonym of]	Molossus coibensis [synonym of]	Molossus coibensis coibensis [synonym of]	Molossus coibensis [synonym of]	Molossus coibensis [synonym of]	 	Molossus coibensis [synonym of]
https://linker.bio/line:hash://sha256/8b20b8ebd7b5bd963ba9f45ca371e7167e7d48b61e72aa14471a3e496be15a50!/L1,L684.tsv	N/A	N/A	N/A	Molossus molossus [synonym of]	N/A	Molossus currentium	Molossus currentium	Molossus currentium	Molossus currentium	Molossus currentium	Molossus currentium	Molossus currentium	Molossus currentium	Molossus currentium	Molossus currentium
https://linker.bio/line:hash://sha256/8b20b8ebd7b5bd963ba9f45ca371e7167e7d48b61e72aa14471a3e496be15a50!/L1,L685.tsv	N/A	N/A	N/A	N/A	N/A	N/A	Molossus fentoni	Molossus fentoni	Molossus fentoni	N/A	Molossus fentoni	Molossus fentoni	Molossus fentoni	Molossus fentoni	Molossus fentoni
https://linker.bio/line:hash://sha256/8b20b8ebd7b5bd963ba9f45ca371e7167e7d48b61e72aa14471a3e496be15a50!/L1,L686.tsv	N/A	N/A	N/A	N/A	N/A	N/A	N/A	Molossus fluminensis	Molossus fluminensis	N/A	Molossus fluminensis	Molossus fluminensis	Molossus fluminensis	Molossus fluminensis	Molossus fluminensis
https://linker.bio/line:hash://sha256/8b20b8ebd7b5bd963ba9f45ca371e7167e7d48b61e72aa14471a3e496be15a50!/L1,L687.tsv	N/A	N/A	N/A	N/A	N/A	N/A	N/A	Molossus melini	Molossus melini	N/A	Molossus melini	Molossus melini	Molossus melini	Molossus melini	Molossus melini
https://linker.bio/line:hash://sha256/8b20b8ebd7b5bd963ba9f45ca371e7167e7d48b61e72aa14471a3e496be15a50!/L1,L688.tsv	Molossus molossus	Molossus molossus	Molossus molossus	Molossus molossus	Molossus molossus	Molossus molossus	Molossus molossus	Molossus molossus	Molossus molossus	Molossus molossus	Molossus molossus	Molossus molossus	Molossus molossus	Molossus molossus	Molossus molossus
https://linker.bio/line:hash://sha256/8b20b8ebd7b5bd963ba9f45ca371e7167e7d48b61e72aa14471a3e496be15a50!/L1,L689.tsv	N/A	N/A	N/A	N/A	Molossus ater nigricans	N/A	N/A	Molossus nigricans	Molossus nigricans	N/A	Molossus nigricans	Molossus nigricans	Molossus nigricans	Molossus nigricans	Molossus nigricans
https://linker.bio/line:hash://sha256/8b20b8ebd7b5bd963ba9f45ca371e7167e7d48b61e72aa14471a3e496be15a50!/L1,L690.tsv	Molossus ater	Molossus ater	Molossus ater	N/A	Molossus ater	N/A	N/A	N/A	N/A	Molossus rufus [synonym of]	Molossus rufus rufus [synonym of]	N/A	N/A	 	Molossus nigricans [synonym of]
https://linker.bio/line:hash://sha256/8b20b8ebd7b5bd963ba9f45ca371e7167e7d48b61e72aa14471a3e496be15a50!/L1,L691.tsv	N/A	N/A	N/A	N/A	N/A	N/A	N/A	N/A	N/A	N/A	N/A	N/A	Molossus paranaensis	Molossus paranaensis	Molossus paranaensis
https://linker.bio/line:hash://sha256/8b20b8ebd7b5bd963ba9f45ca371e7167e7d48b61e72aa14471a3e496be15a50!/L1,L692.tsv	Molossus pretiosus	Molossus pretiosus	Molossus pretiosus	Molossus pretiosus	Molossus pretiosus	Molossus pretiosus	Molossus pretiosus	Molossus pretiosus	Molossus pretiosus	Molossus pretiosus	Molossus pretiosus	Molossus pretiosus	Molossus pretiosus	Molossus pretiosus	Molossus pretiosus
https://linker.bio/line:hash://sha256/8b20b8ebd7b5bd963ba9f45ca371e7167e7d48b61e72aa14471a3e496be15a50!/L1,L693.tsv	N/A	Molossus ater [synonym of]	N/A	N/A	N/A	Molossus rufus	Molossus rufus	Molossus rufus	Molossus rufus	Molossus rufus	Molossus rufus	Molossus rufus	Molossus rufus	Molossus rufus	Molossus rufus
https://linker.bio/line:hash://sha256/8b20b8ebd7b5bd963ba9f45ca371e7167e7d48b61e72aa14471a3e496be15a50!/L1,L694.tsv	Molossus sinaloae	Molossus sinaloae	Molossus sinaloae	Molossus sinaloae	Molossus sinaloae	Molossus sinaloae	Molossus sinaloae	Molossus sinaloae	Molossus sinaloae	Molossus sinaloae	Molossus sinaloae	Molossus sinaloae	Molossus sinaloae	Molossus sinaloae	Molossus sinaloae
https://linker.bio/line:hash://sha256/8b20b8ebd7b5bd963ba9f45ca371e7167e7d48b61e72aa14471a3e496be15a50!/L1,L695.tsv	Molossus trinitatis	Molossus trinitatus	Molossus trinitatis	Molossus sinaloae [synonym of]	Molossus sinaloae trinitatis	Molossus sinaloae trinitatis	N/A	Molossus sinaloae trinitatis	Molossus sinaloae [synonym of]	Molossus sinaloae [synonym of]	Molossus sinaloae trinitatis	Molossus sinaloae [synonym of]	Molossus sinaloae [synonym of]	 	Molossus sinaloae [synonym of]
https://linker.bio/line:hash://sha256/8b20b8ebd7b5bd963ba9f45ca371e7167e7d48b61e72aa14471a3e496be15a50!/L1,L696.tsv	N/A	Molossus molossus [synonym of]	N/A	Molossus molossus [synonym of]	Molossus molossus tropidorhynchus	Molossus molossus tropidorhynchus	N/A	Molossus molossus tropidorhynchus	Molossus milleri [synonym of]	Molossus molossus [synonym of]	Molossus milleri milleri [synonym of]	Molossus milleri [synonym of]	Molossus tropidorhynchus	Molossus tropidorhynchus	Molossus tropidorhynchus
https://linker.bio/line:hash://sha256/8b20b8ebd7b5bd963ba9f45ca371e7167e7d48b61e72aa14471a3e496be15a50!/L1,L697.tsv	Molossops milleri	Molossops planirostris [synonym of] and Molossus molossus [synonym of]	Molossops milleri	Molossops planirostris [synonym of] and Molossus molossus [synonym of]	Molossus molossus milleri	Molossus molossus milleri	Molossus milleri	Molossus milleri and Molossus molossus milleri	Molossus milleri	Molossus molossus [synonym of]	Molossus milleri	Molossus milleri	Molossus tropidorhynchus [synonym of]	 	Molossus tropidorhynchus [synonym of]
https://linker.bio/line:hash://sha256/8b20b8ebd7b5bd963ba9f45ca371e7167e7d48b61e72aa14471a3e496be15a50!/L1,L698.tsv	N/A	N/A	N/A	Molossus molossus [synonym of]	Molossus molossus verrilli	Molossus molossus verrilli	Molossus verrilli	Molossus verrilli	Molossus verrilli	N/A	Molossus verrilli	Molossus verrilli	Molossus verrilli	Molossus verrilli	Molossus verrilli
https://linker.bio/line:hash://sha256/8b20b8ebd7b5bd963ba9f45ca371e7167e7d48b61e72aa14471a3e496be15a50!/L1,L699.tsv	Monophyllus plethodon	Monophyllus plethodon	Monophyllus plethodon	Monophyllus plethodon	Monophyllus plethodon	Monophyllus plethodon	Monophyllus plethodon	Monophyllus plethodon	Monophyllus plethodon	Monophyllus plethodon	Monophyllus plethodon	Monophyllus plethodon	Monophyllus plethodon	Monophyllus plethodon	Monophyllus plethodon
https://linker.bio/line:hash://sha256/8b20b8ebd7b5bd963ba9f45ca371e7167e7d48b61e72aa14471a3e496be15a50!/L1,L700.tsv	Monophyllus redmani	Monophyllus redmani	Monophyllus redmani	Monophyllus redmani	Monophyllus redmani	Monophyllus redmani	Monophyllus redmani	Monophyllus redmani	Monophyllus redmani	Monophyllus redmani	Monophyllus redmani	Monophyllus redmani	Monophyllus redmani	Monophyllus redmani	Monophyllus redmani
https://linker.bio/line:hash://sha256/8b20b8ebd7b5bd963ba9f45ca371e7167e7d48b61e72aa14471a3e496be15a50!/L1,L701.tsv	Tadarida aloysiisabaudiae	Chaerephon aloysiisabaudiae	Tadarida aloysiisabaudiae	Chaerephon aloysiisabaudiae	Chaerephon aloysiisabaudiae	Chaerephon aloysiisabaudiae	Chaerephon aloysiisabaudiae	Mops aloysiisabaudiae	Mops aloysiisabaudiae	Chaerephon aloysiisabaudiae	Mops aloysiisabaudiae	Mops aloysiisabaudiae	Mops aloysiisabaudiae	Mops aloysiisabaudiae	Mops aloysiisabaudiae
https://linker.bio/line:hash://sha256/8b20b8ebd7b5bd963ba9f45ca371e7167e7d48b61e72aa14471a3e496be15a50!/L1,L702.tsv	Tadarida ansorgei	Chaerephon ansorgei	Tadarida ansorgei	Chaerephon ansorgei	Chaerephon ansorgei	Chaerephon ansorgei	Chaerephon ansorgei	Mops ansorgei	Mops ansorgei	Chaerephon ansorgei	Mops ansorgei	Mops ansorgei	Mops ansorgei	Mops ansorgei	Mops ansorgei
https://linker.bio/line:hash://sha256/8b20b8ebd7b5bd963ba9f45ca371e7167e7d48b61e72aa14471a3e496be15a50!/L1,L703.tsv	N/A	N/A	N/A	N/A	N/A	N/A	Chaerephon atsinanana	Mops atsinanana	Mops atsinanana	Chaerephon atsinanana	Mops atsinanana	Mops atsinanana	Mops atsinanana	Mops atsinanana	Mops atsinanana
https://linker.bio/line:hash://sha256/8b20b8ebd7b5bd963ba9f45ca371e7167e7d48b61e72aa14471a3e496be15a50!/L1,L704.tsv	N/A	N/A	N/A	N/A	N/A	N/A	Mops bakarii	Mops bakarii	Mops bakarii	Mops bakarii	Mops bakarii	Mops bakarii	Mops bakarii	Mops bakarii	Mops bakarii
https://linker.bio/line:hash://sha256/8b20b8ebd7b5bd963ba9f45ca371e7167e7d48b61e72aa14471a3e496be15a50!/L1,L705.tsv	Tadarida bemmeleni	Chaerephon bemmeleni	Tadarida bemmelini	Chaerephon bemmeleni	Chaerephon bemmelini	Chaerephon bemmeleni	Chaerephon bemmeleni	Mops bemmeleni	Mops bemmeleni	Chaerephon bemmeleni	Mops bemmeleni	Mops bemmeleni	Mops bemmeleni	Mops bemmeleni	Mops bemmeleni
https://linker.bio/line:hash://sha256/8b20b8ebd7b5bd963ba9f45ca371e7167e7d48b61e72aa14471a3e496be15a50!/L1,L706.tsv	Tadarida bivittata	Chaerephon bivittata	Tadarida bivittata	Chaerephon bivittata	Chaerephon bivittata	Chaerephon bivittatus	Chaerephon bivittatus	Mops bivittatus	Mops bivittatus	Chaerephon bivittatus	Mops bivittatus	Mops bivittatus	Mops bivittatus	Mops bivittatus	Mops bivittatus
https://linker.bio/line:hash://sha256/8b20b8ebd7b5bd963ba9f45ca371e7167e7d48b61e72aa14471a3e496be15a50!/L1,L707.tsv	Tadarida brachypterus	Mops brachypterus	Tadarida brachyptera	Mops brachypterus	Mops brachypterus	Mops brachypterus	Mops brachypterus	Mops brachypterus	Mops brachypterus	Mops brachypterus	Mops brachypterus	Mops brachypterus	Mops brachypterus	Mops brachypterus	Mops brachypterus
https://linker.bio/line:hash://sha256/8b20b8ebd7b5bd963ba9f45ca371e7167e7d48b61e72aa14471a3e496be15a50!/L1,L708.tsv	Tadarida leonis	Mops leonis	Tadarida leonis	Mops brachypterus [synonym of]	Mops brachypterus leonis	Mops brachypterus leonis	Mops brachypterus leonis	Mops brachypterus leonis	Mops brachypterus [synonym of]	Mops brachypterus leonis	Mops brachypterus leonis	Mops brachypterus [synonym of]	Mops brachypterus [synonym of]	 	Mops brachypterus leonis
https://linker.bio/line:hash://sha256/8b20b8ebd7b5bd963ba9f45ca371e7167e7d48b61e72aa14471a3e496be15a50!/L1,L709.tsv	N/A	N/A	N/A	Chaerephon jobensis [synonym of]	N/A	Chaerephon bregullae	Chaerephon bregullae	Mops bregullae	Mops bregullae	Chaerephon bregullae	Mops bregullae	Mops bregullae	Mops bregullae	Mops bregullae	Mops bregullae
https://linker.bio/line:hash://sha256/8b20b8ebd7b5bd963ba9f45ca371e7167e7d48b61e72aa14471a3e496be15a50!/L1,L710.tsv	Tadarida chapini	Chaerephon chapini	Tadarida chapini	Chaerephon chapini	Chaerephon chapini	Chaerephon chapini	Chaerephon chapini	Mops chapini	Mops chapini	Chaerephon chapini	Mops chapini	Mops chapini	Mops chapini	Mops chapini	Mops chapini
https://linker.bio/line:hash://sha256/8b20b8ebd7b5bd963ba9f45ca371e7167e7d48b61e72aa14471a3e496be15a50!/L1,L711.tsv	N/A	N/A	N/A	Chaerephon chapini [synonym of]	Chaerephon chapini shortridgei	Chaerephon chapini [synonym of]	Chaerephon chapini [synonym of]	Mops shortridgei	Mops chapini [synonym of]	Chaerephon chapini [synonym of]	Mops shortridgei	Mops shortridgei	Mops shortridgei	 	Mops chapini shortridgei
https://linker.bio/line:hash://sha256/8b20b8ebd7b5bd963ba9f45ca371e7167e7d48b61e72aa14471a3e496be15a50!/L1,L712.tsv	Tadarida condylura	Mops condylurus	Tadarida condylura	Mops condylurus	Mops condylurus	Mops condylurus	Mops condylurus	Mops condylurus	Mops condylurus	Mops condylurus	Mops condylurus	Mops condylurus	Mops condylurus	Mops condylurus	Mops condylurus
https://linker.bio/line:hash://sha256/8b20b8ebd7b5bd963ba9f45ca371e7167e7d48b61e72aa14471a3e496be15a50!/L1,L713.tsv	Tadarida congica	Mops congicus	Tadarida congica	Mops congicus	Mops congicus	Mops congicus	Mops congicus	Mops congicus	Mops congicus	Mops congicus	Mops congicus	Mops congicus	Mops congicus	Mops congicus	Mops congicus
https://linker.bio/line:hash://sha256/8b20b8ebd7b5bd963ba9f45ca371e7167e7d48b61e72aa14471a3e496be15a50!/L1,L714.tsv	Tadarida demonstrator	Mops demonstrator	Tadarida demonstrator	Mops demonstrator	Mops demonstrator	Mops demonstrator	Mops demonstrator	Mops demonstrator	Mops demonstrator	Mops demonstrator	Mops demonstrator	Mops demonstrator	Mops demonstrator	Mops demonstrator	Mops demonstrator
https://linker.bio/line:hash://sha256/8b20b8ebd7b5bd963ba9f45ca371e7167e7d48b61e72aa14471a3e496be15a50!/L1,L715.tsv	Tadarida gallagheri	Chaerephon gallagheri	Tadarida gallagheri	Chaerephon gallagheri	Chaerephon gallagheri	Chaerephon gallagheri	Chaerephon gallagheri	Mops gallagheri	Mops gallagheri	Chaerephon gallagheri	Mops gallagheri	Mops gallagheri	Mops gallagheri	Mops gallagheri	Mops gallagheri
https://linker.bio/line:hash://sha256/8b20b8ebd7b5bd963ba9f45ca371e7167e7d48b61e72aa14471a3e496be15a50!/L1,L716.tsv	Tadarida jobensis	Chaerephon jobensis	Tadarida jobensis	Chaerephon jobensis	Chaerephon jobensis	Chaerephon jobensis	Chaerephon jobensis	Mops jobensis	Mops jobensis	Chaerephon jobensis	Mops jobensis	Mops jobensis	Mops jobensis	Mops jobensis	Mops jobensis
https://linker.bio/line:hash://sha256/8b20b8ebd7b5bd963ba9f45ca371e7167e7d48b61e72aa14471a3e496be15a50!/L1,L717.tsv	N/A	N/A	N/A	N/A	N/A	N/A	Chaerephon jobimena	Mops jobimena	Mops jobimena	Chaerephon jobimena	Mops jobimena	Mops jobimena	Mops jobimena	Mops jobimena	Mops jobimena
https://linker.bio/line:hash://sha256/8b20b8ebd7b5bd963ba9f45ca371e7167e7d48b61e72aa14471a3e496be15a50!/L1,L718.tsv	Tadarida johorensis	Chaerephon johorensis	Tadarida johorensis	Chaerephon johorensis	Chaerephon johorensis	Chaerephon johorensis	Chaerephon johorensis	Mops johorensis	Mops johorensis	Chaerephon johorensis	Mops johorensis	Mops johorensis	Mops johorensis	Mops johorensis	Mops johorensis
https://linker.bio/line:hash://sha256/8b20b8ebd7b5bd963ba9f45ca371e7167e7d48b61e72aa14471a3e496be15a50!/L1,L719.tsv	N/A	N/A	N/A	Chaerephon pumila [synonym of]	Chaerephon pumila leucogaster	Chaerephon leucogaster	Chaerephon leucogaster	Mops leucogaster	Mops leucogaster	Mops leucogaster	Mops leucogaster	Mops leucogaster	Mops leucogaster	Mops leucogaster	Mops leucogaster
https://linker.bio/line:hash://sha256/8b20b8ebd7b5bd963ba9f45ca371e7167e7d48b61e72aa14471a3e496be15a50!/L1,L720.tsv	N/A	N/A	N/A	Mops condylurus [synonym of]	Mops condylurus leucostigma	Mops leucostigma	Mops leucostigma	Mops leucostigma	Mops leucostigma	Mops leucostigma	Mops leucostigma	Mops leucostigma	Mops leucostigma	Mops leucostigma	Mops leucostigma
https://linker.bio/line:hash://sha256/8b20b8ebd7b5bd963ba9f45ca371e7167e7d48b61e72aa14471a3e496be15a50!/L1,L721.tsv	Tadarida major	Chaerephon major	Tadarida major	Chaerephon major	Chaerephon major	Chaerephon major	Chaerephon major	Mops major	Mops major	Chaerephon major	Mops major	Mops major	Mops major	Mops major	Mops major
https://linker.bio/line:hash://sha256/8b20b8ebd7b5bd963ba9f45ca371e7167e7d48b61e72aa14471a3e496be15a50!/L1,L722.tsv	Tadarida midas	Mops midas	Tadarida midas	Mops midas	Mops midas	Mops midas	Mops midas	Mops midas	Mops midas	Mops midas	Mops midas	Mops midas	Mops midas	Mops midas	Mops midas
https://linker.bio/line:hash://sha256/8b20b8ebd7b5bd963ba9f45ca371e7167e7d48b61e72aa14471a3e496be15a50!/L1,L723.tsv	Tadarida mops	Mops mops	Tadarida mops	Mops mops	Mops mops	Mops mops	Mops mops	Mops mops	Mops mops	Mops mops	Mops mops	Mops mops	Mops mops	Mops mops	Mops mops
https://linker.bio/line:hash://sha256/8b20b8ebd7b5bd963ba9f45ca371e7167e7d48b61e72aa14471a3e496be15a50!/L1,L724.tsv	Tadarida nanula	Mops nanulus	Tadarida nanula	Mops nanulus	Mops nanulus	Mops nanulus	Mops nanulus	Mops nanulus	Mops nanulus	Mops nanulus	Mops nanulus	Mops nanulus	Mops nanulus	Mops nanulus	Mops nanulus
https://linker.bio/line:hash://sha256/8b20b8ebd7b5bd963ba9f45ca371e7167e7d48b61e72aa14471a3e496be15a50!/L1,L725.tsv	N/A	Mops niangarae	Tadarida niangarae	Mops niangarae	N/A	Mops niangarae	Mops niangarae	Mops niangarae	Mops niangarae	Mops niangarae	Mops niangarae	Mops niangarae	Mops niangarae	Mops niangarae	Mops niangarae
https://linker.bio/line:hash://sha256/8b20b8ebd7b5bd963ba9f45ca371e7167e7d48b61e72aa14471a3e496be15a50!/L1,L726.tsv	Tadarida nigeriae	Chaerephon nigeriae	Tadarida nigeriae	Chaerephon nigeriae	Chaerephon nigeriae	Chaerephon nigeriae	Chaerephon nigeriae	Mops nigeriae	Mops nigeriae	Chaerephon nigeriae	Mops nigeriae	Mops nigeriae	Mops nigeriae	Mops nigeriae	Mops nigeriae
https://linker.bio/line:hash://sha256/8b20b8ebd7b5bd963ba9f45ca371e7167e7d48b61e72aa14471a3e496be15a50!/L1,L727.tsv	Tadarida niveiventer	Mops niveiventer	Tadarida niveiventer	Mops niveiventer	Mops demonstrator niveiventer	Mops niveiventer	Mops niveiventer	Mops niveiventer	Mops niveiventer	Mops niveiventer	Mops niveiventer	Mops niveiventer	Mops niveiventer	Mops niveiventer	Mops niveiventer
https://linker.bio/line:hash://sha256/8b20b8ebd7b5bd963ba9f45ca371e7167e7d48b61e72aa14471a3e496be15a50!/L1,L728.tsv	N/A	Mops petersoni	Tadarida petersoni	Mops petersoni	Mops petersoni	Mops petersoni	Mops petersoni	Mops petersoni	Mops petersoni	Mops petersoni	Mops petersoni	Mops petersoni	Mops petersoni	Mops petersoni	Mops petersoni
https://linker.bio/line:hash://sha256/8b20b8ebd7b5bd963ba9f45ca371e7167e7d48b61e72aa14471a3e496be15a50!/L1,L729.tsv	Tadarida plicata	Chaerephon plicata	Tadarida plicata	Chaerephon plicata	Chaerephon plicata	Chaerephon plicatus	Chaerephon plicatus	Mops plicatus	Mops plicatus	Chaerephon plicatus	Mops plicatus	Mops plicatus	Mops plicatus	Mops plicatus	Mops plicatus
https://linker.bio/line:hash://sha256/8b20b8ebd7b5bd963ba9f45ca371e7167e7d48b61e72aa14471a3e496be15a50!/L1,L730.tsv	Tadarida pumila	Chaerephon pumila	Tadarida pumila	Chaerephon pumila	Chaerephon pumila	Chaerephon pumilus	Chaerephon pumilus	Mops pumilus	Mops pumilus	Chaerephon pumilus	Mops pumilus	Mops pumilus	Mops pumilus	Mops pumilus	Mops pumilus
https://linker.bio/line:hash://sha256/8b20b8ebd7b5bd963ba9f45ca371e7167e7d48b61e72aa14471a3e496be15a50!/L1,L731.tsv	Tadarida pusillus	Chaerephon pumila [synonym of]	Tadarida pusillus	Chaerephon pumila [synonym of]	Chaerephon pumila pusillus		Chaerephon pusillus	Mops pusillus	Mops pusillus	Mops pusillus	Mops pusillus	Mops pusillus	Mops pusillus	Mops pusillus	Mops pusillus
https://linker.bio/line:hash://sha256/8b20b8ebd7b5bd963ba9f45ca371e7167e7d48b61e72aa14471a3e496be15a50!/L1,L732.tsv	Tadarida russata	Chaerephon russata	Tadarida russata	Chaerephon russata	Chaerephon russata	Chaerephon russatus	Chaerephon russatus	Mops russatus	Mops russatus	Chaerephon russatus	Mops russatus	Mops russatus	Mops russatus	Mops russatus	Mops russatus
https://linker.bio/line:hash://sha256/8b20b8ebd7b5bd963ba9f45ca371e7167e7d48b61e72aa14471a3e496be15a50!/L1,L733.tsv	Tadarida sarasinorum	Mops sarasinorum	Tadarida sarasinorum	Mops sarasinorum	Mops sarasinorum	Mops sarasinorum	Mops sarasinorum	Mops sarasinorum	Mops sarasinorum	Mops sarasinorum	Mops sarasinorum	Mops sarasinorum	Mops sarasinorum	Mops sarasinorum	Mops sarasinorum
https://linker.bio/line:hash://sha256/8b20b8ebd7b5bd963ba9f45ca371e7167e7d48b61e72aa14471a3e496be15a50!/L1,L734.tsv	Tadarida lanei	Mops sarasinorum [synonym of]	Tadarida sarasinorum [synonym of]	Mops sarasinorum [synonym of]	Mops sarasinorum lanei	Mops sarasinorum lanei	Mops sarasinorum lanei	Mops sarasinorum lanei	Mops sarasinorum [synonym of]	Mops sarasinorum [synonym of]	Mops sarasinorum lanei	Mops sarasinorum [synonym of]	Mops sarasinorum [synonym of]	 	Mops sarasinorum lanei
https://linker.bio/line:hash://sha256/8b20b8ebd7b5bd963ba9f45ca371e7167e7d48b61e72aa14471a3e496be15a50!/L1,L735.tsv	N/A	N/A	N/A	Chaerephon jobensis [synonym of]	Chaerephon jobensis solomonis	Chaerephon solomonis	Chaerephon solomonis	Mops solomonis	Mops solomonis	Chaerephon solomonis	Mops solomonis	Mops solomonis	Mops solomonis	Mops solomonis	Mops solomonis
https://linker.bio/line:hash://sha256/8b20b8ebd7b5bd963ba9f45ca371e7167e7d48b61e72aa14471a3e496be15a50!/L1,L736.tsv	Xiphonycteris spurrelli	Mops spurrelli	Tadarida spurrelli	Mops spurrelli	Mops spurrelli	Mops spurrelli	Mops spurrelli	Mops spurrelli	Mops spurrelli	Mops spurrelli	Mops spurrelli	Mops spurrelli	Mops spurrelli	Mops spurrelli	Mops spurrelli
https://linker.bio/line:hash://sha256/8b20b8ebd7b5bd963ba9f45ca371e7167e7d48b61e72aa14471a3e496be15a50!/L1,L737.tsv	Tadarida thersites	Mops thersites	Tadarida thersites	Mops thersites	Mops thersites	Mops thersites	Mops thersites	Mops thersites	Mops thersites	Mops thersites	Mops thersites	Mops thersites	Mops thersites	Mops thersites	Mops thersites
https://linker.bio/line:hash://sha256/8b20b8ebd7b5bd963ba9f45ca371e7167e7d48b61e72aa14471a3e496be15a50!/L1,L738.tsv	N/A	N/A	N/A	N/A	N/A	Chaerephon tomensis	Chaerephon tomensis	Mops tomensis	Mops tomensis	Chaerephon tomensis	Mops tomensis	Mops tomensis	Mops tomensis	Mops tomensis	Mops tomensis
https://linker.bio/line:hash://sha256/8b20b8ebd7b5bd963ba9f45ca371e7167e7d48b61e72aa14471a3e496be15a50!/L1,L739.tsv	Tadarida trevori	Mops trevori	Tadarida trevori	Mops trevori	Mops trevori	Mops trevori	Mops trevori	Mops trevori	Mops trevori	Mops trevori	Mops trevori	Mops trevori	Mops trevori	Mops trevori	Mops trevori
https://linker.bio/line:hash://sha256/8b20b8ebd7b5bd963ba9f45ca371e7167e7d48b61e72aa14471a3e496be15a50!/L1,L740.tsv	Mormoops blainvillei	Mormoops blainvillii	Mormoops blainvillii	Mormoops blainvillii	Mormoops blainvillii	Mormoops blainvillei	Mormoops blainvillei	Mormoops blainvillei	Mormoops blainvillei	Mormoops blainvillei	Mormoops blainvillei	Mormoops blainvillei	Mormoops blainvillei	Mormoops blainvillei	Mormoops blainvillei
https://linker.bio/line:hash://sha256/8b20b8ebd7b5bd963ba9f45ca371e7167e7d48b61e72aa14471a3e496be15a50!/L1,L741.tsv	Mormoops megalophylla	Mormoops megalophylla	Mormoops megalophylla	Mormoops megalophylla	Mormoops megalophylla	Mormoops megalophylla	Mormoops megalophylla	Mormoops megalophylla	Mormoops megalophylla	Mormoops megalophylla	Mormoops megalophylla	Mormoops megalophylla	Mormoops megalophylla	Mormoops megalophylla	Mormoops megalophylla
https://linker.bio/line:hash://sha256/8b20b8ebd7b5bd963ba9f45ca371e7167e7d48b61e72aa14471a3e496be15a50!/L1,L742.tsv	Tadarida acetabulosus	Mormopterus acetabulosus	Mormopterus acetabulosus	Mormopterus acetabulosus	Mormopterus acetabulosus	Mormopterus acetabulosus	Mormopterus acetabulosus	Mormopterus acetabulosus	Mormopterus acetabulosus	Mormopterus acetabulosus	Mormopterus acetabulosus	Mormopterus acetabulosus	Mormopterus acetabulosus	Mormopterus acetabulosus	Mormopterus acetabulosus
https://linker.bio/line:hash://sha256/8b20b8ebd7b5bd963ba9f45ca371e7167e7d48b61e72aa14471a3e496be15a50!/L1,L743.tsv	Tadarida doriae	Mormopterus doriae	Mormopterus doriae	Mormopterus doriae	Mormopterus doriae	Mormopterus doriae	Mormopterus doriae	Mormopterus doriae	Mormopterus doriae	Mormopterus doriae	Mormopterus doriae	Mormopterus doriae	Mormopterus doriae	Mormopterus doriae	Mormopterus doriae
https://linker.bio/line:hash://sha256/8b20b8ebd7b5bd963ba9f45ca371e7167e7d48b61e72aa14471a3e496be15a50!/L1,L744.tsv	N/A	N/A	N/A	N/A	N/A	N/A	Mormopterus francoismoutoui	Mormopterus francoismoutoui	Mormopterus francoismoutoui	Mormopterus francoismoutoui	Mormopterus francoismoutoui	Mormopterus francoismoutoui	Mormopterus francoismoutoui	Mormopterus francoismoutoui	Mormopterus francoismoutoui
https://linker.bio/line:hash://sha256/8b20b8ebd7b5bd963ba9f45ca371e7167e7d48b61e72aa14471a3e496be15a50!/L1,L745.tsv	Tadarida jugularis	Mormopterus jugularis	Mormopterus jugularis	Mormopterus jugularis	Mormopterus jugularis	Mormopterus jugularis	Mormopterus jugularis	Mormopterus jugularis	Mormopterus jugularis	Mormopterus jugularis	Mormopterus jugularis	Mormopterus jugularis	Mormopterus jugularis	Mormopterus jugularis	Mormopterus jugularis
https://linker.bio/line:hash://sha256/8b20b8ebd7b5bd963ba9f45ca371e7167e7d48b61e72aa14471a3e496be15a50!/L1,L746.tsv	Tadarida kalinowskii	Mormopterus kalinowskii	Mormopterus kalinowskii	Mormopterus kalinowskii	Mormopterus kalinowskii	Mormopterus kalinowskii	Mormopterus kalinowskii	Mormopterus kalinowskii	Mormopterus kalinowskii	Mormopterus kalinowskii	Mormopterus kalinowskii	Mormopterus kalinowskii	Mormopterus kalinowskii	Mormopterus kalinowskii	Mormopterus kalinowskii
https://linker.bio/line:hash://sha256/8b20b8ebd7b5bd963ba9f45ca371e7167e7d48b61e72aa14471a3e496be15a50!/L1,L747.tsv	Tadarida minuta	Mormopterus minutus	Mormopterus minutus	Mormopterus minutus	Mormopterus minutus	Mormopterus minutus	Mormopterus minutus	Mormopterus minutus	Mormopterus minutus	Mormopterus minutus	Mormopterus minutus	Mormopterus minutus	Mormopterus minutus	Mormopterus minutus	Mormopterus minutus
https://linker.bio/line:hash://sha256/8b20b8ebd7b5bd963ba9f45ca371e7167e7d48b61e72aa14471a3e496be15a50!/L1,L748.tsv	Tadarida phrudus	Mormopterus phrudus	Mormopterus phrudus	Mormopterus phrudus	Mormopterus phrudus	Mormopterus phrudus	Mormopterus phrudus	Mormopterus phrudus	Mormopterus phrudus	Mormopterus phrudus	Mormopterus phrudus	Mormopterus phrudus	Mormopterus phrudus	Mormopterus phrudus	Mormopterus phrudus
https://linker.bio/line:hash://sha256/8b20b8ebd7b5bd963ba9f45ca371e7167e7d48b61e72aa14471a3e496be15a50!/L1,L749.tsv	Emballonura nigrescens	Emballonura nigrescens	Emballonura nigrescens	Mosia nigrescens	Emballonura nigrescens	Mosia nigrescens	Mosia nigrescens	Mosia nigrescens	Mosia nigrescens	Mosia nigrescens	Mosia nigrescens	Mosia nigrescens	Mosia nigrescens	Mosia nigrescens	Mosia nigrescens
https://linker.bio/line:hash://sha256/8b20b8ebd7b5bd963ba9f45ca371e7167e7d48b61e72aa14471a3e496be15a50!/L1,L750.tsv	Murina aenea	Murina aenea	Murina aenea	Murina aenea	Murina aenea	Murina aenea	Murina aenea	Murina aenea	Murina aenea	Murina aenea	Murina aenea	Murina aenea	Murina aenea	Murina aenea	Murina aenea
https://linker.bio/line:hash://sha256/8b20b8ebd7b5bd963ba9f45ca371e7167e7d48b61e72aa14471a3e496be15a50!/L1,L751.tsv	N/A	N/A	N/A	N/A	N/A	N/A	Murina annamitica	Murina annamitica	Murina annamitica	Murina annamitica	Murina annamitica	Murina annamitica	Murina annamitica	Murina annamitica	Murina annamitica
https://linker.bio/line:hash://sha256/8b20b8ebd7b5bd963ba9f45ca371e7167e7d48b61e72aa14471a3e496be15a50!/L1,L752.tsv	Murina aurata	Murina aurata	Murina aurata	Murina aurata	Murina aurata	Murina aurata	Murina aurata	Murina aurata	Murina aurata	Murina aurata	Murina aurata	Murina aurata	Murina aurata	Murina aurata	Murina aurata
https://linker.bio/line:hash://sha256/8b20b8ebd7b5bd963ba9f45ca371e7167e7d48b61e72aa14471a3e496be15a50!/L1,L753.tsv	N/A	N/A	N/A	N/A	N/A	N/A	Murina balaensis	Murina balaensis	Murina balaensis	Murina balaensis	Murina balaensis	Murina balaensis	Murina balaensis	Murina balaensis	Murina balaensis
https://linker.bio/line:hash://sha256/8b20b8ebd7b5bd963ba9f45ca371e7167e7d48b61e72aa14471a3e496be15a50!/L1,L754.tsv	N/A	N/A	N/A	N/A	N/A	N/A	Murina beelzebub	Murina beelzebub	Murina beelzebub	Murina beelzebub	Murina beelzebub	Murina beelzebub	Murina beelzebub	Murina beelzebub	Murina beelzebub
https://linker.bio/line:hash://sha256/8b20b8ebd7b5bd963ba9f45ca371e7167e7d48b61e72aa14471a3e496be15a50!/L1,L755.tsv	N/A	N/A	N/A	N/A	N/A	N/A	N/A	N/A	N/A	N/A	N/A	N/A	N/A		Murina beibengensis
https://linker.bio/line:hash://sha256/8b20b8ebd7b5bd963ba9f45ca371e7167e7d48b61e72aa14471a3e496be15a50!/L1,L756.tsv	N/A	N/A	N/A	N/A	N/A	N/A	Murina bicolor	Murina bicolor	Murina bicolor	Murina bicolor	Murina bicolor	Murina bicolor	Murina bicolor	Murina bicolor	Murina bicolor
https://linker.bio/line:hash://sha256/8b20b8ebd7b5bd963ba9f45ca371e7167e7d48b61e72aa14471a3e496be15a50!/L1,L757.tsv	N/A	N/A	N/A	N/A	N/A	N/A	N/A	N/A	N/A	N/A	N/A	N/A	N/A		Murina chayuensis
https://linker.bio/line:hash://sha256/8b20b8ebd7b5bd963ba9f45ca371e7167e7d48b61e72aa14471a3e496be15a50!/L1,L758.tsv	N/A	N/A	N/A	N/A	N/A	N/A	Murina chrysochaetes	Murina chrysochaetes	Murina chrysochaetes	Murina chrysochaetes	Murina chrysochaetes	Murina chrysochaetes	Murina chrysochaetes	Murina chrysochaetes	Murina chrysochaetes
https://linker.bio/line:hash://sha256/8b20b8ebd7b5bd963ba9f45ca371e7167e7d48b61e72aa14471a3e496be15a50!/L1,L759.tsv	Murina cyclotis	Murina cyclotis	Murina cyclotis	Murina cyclotis	Murina cyclotis	Murina cyclotis	Murina cyclotis	Murina cyclotis	Murina cyclotis	Murina cyclotis	Murina cyclotis	Murina cyclotis	Murina cyclotis	Murina cyclotis	Murina cyclotis
https://linker.bio/line:hash://sha256/8b20b8ebd7b5bd963ba9f45ca371e7167e7d48b61e72aa14471a3e496be15a50!/L1,L760.tsv	N/A	N/A	N/A	N/A	N/A	N/A	Murina eleryi	Murina eleryi	Murina eleryi	Murina eleryi	Murina eleryi	Murina eleryi	Murina eleryi	Murina eleryi	Murina eleryi
https://linker.bio/line:hash://sha256/8b20b8ebd7b5bd963ba9f45ca371e7167e7d48b61e72aa14471a3e496be15a50!/L1,L761.tsv	N/A	N/A	N/A	Murina aurata [synonym of]	N/A	Murina aurata [synonym of]	Murina feae	Murina feae	Murina feae	Murina feae	Murina feae	Murina feae	Murina feae	Murina feae	Murina feae
https://linker.bio/line:hash://sha256/8b20b8ebd7b5bd963ba9f45ca371e7167e7d48b61e72aa14471a3e496be15a50!/L1,L762.tsv	N/A	N/A	N/A	N/A	N/A	N/A	Murina fionae	Murina fionae	Murina fionae	Murina fionae	Murina fionae	Murina fionae	Murina fionae	Murina fionae	Murina fionae
https://linker.bio/line:hash://sha256/8b20b8ebd7b5bd963ba9f45ca371e7167e7d48b61e72aa14471a3e496be15a50!/L1,L763.tsv	Murina florium	Murina florium	Murina florium	Murina florium	Murina florium	Murina florium	Murina florium	Murina florium	Murina florium	Murina florium	Murina florium	Murina florium	Murina florium	Murina florium	Murina florium
https://linker.bio/line:hash://sha256/8b20b8ebd7b5bd963ba9f45ca371e7167e7d48b61e72aa14471a3e496be15a50!/L1,L764.tsv	N/A	Murina fusca	N/A	Murina fusca	N/A	Murina fusca	Murina fusca	Murina fusca	Murina fusca	Murina fusca	Murina fusca	Murina fusca	Murina fusca	Murina fusca	Murina fusca
https://linker.bio/line:hash://sha256/8b20b8ebd7b5bd963ba9f45ca371e7167e7d48b61e72aa14471a3e496be15a50!/L1,L765.tsv	N/A	N/A	N/A	N/A	N/A	N/A	Murina gracilis	Murina gracilis	Murina gracilis	Murina gracilis	Murina gracilis	Murina gracilis	Murina gracilis	Murina gracilis	Murina gracilis
https://linker.bio/line:hash://sha256/8b20b8ebd7b5bd963ba9f45ca371e7167e7d48b61e72aa14471a3e496be15a50!/L1,L766.tsv	N/A	N/A	N/A	N/A	N/A	N/A	Murina guilleni	Murina guilleni	Murina guilleni	Murina cyclotis [synonym of]	Murina guilleni	Murina guilleni	Murina guilleni	Murina guilleni	Murina guilleni
https://linker.bio/line:hash://sha256/8b20b8ebd7b5bd963ba9f45ca371e7167e7d48b61e72aa14471a3e496be15a50!/L1,L767.tsv	N/A	N/A	N/A	N/A	N/A	N/A	Murina harpioloides	Murina harpioloides	Murina harpioloides	Murina harpioloides	Murina harpioloides	Murina harpioloides	Murina harpioloides	Murina harpioloides	Murina harpioloides
https://linker.bio/line:hash://sha256/8b20b8ebd7b5bd963ba9f45ca371e7167e7d48b61e72aa14471a3e496be15a50!/L1,L768.tsv	N/A	N/A	N/A	N/A	N/A	N/A	Murina harrisoni	Murina harrisoni	Murina harrisoni	Murina harrisoni	Murina harrisoni	Murina harrisoni	Murina harrisoni	Murina harrisoni	Murina harrisoni
https://linker.bio/line:hash://sha256/8b20b8ebd7b5bd963ba9f45ca371e7167e7d48b61e72aa14471a3e496be15a50!/L1,L769.tsv	N/A	N/A	N/A	Murina leucogaster [synonym of]	Murina leucogaster hilgendorfi	Murina hilgendorfi	Murina hilgendorfi	Murina hilgendorfi	Murina hilgendorfi	Murina hilgendorfi	Murina hilgendorfi	Murina hilgendorfi	Murina hilgendorfi	Murina hilgendorfi	Murina hilgendorfi
https://linker.bio/line:hash://sha256/8b20b8ebd7b5bd963ba9f45ca371e7167e7d48b61e72aa14471a3e496be15a50!/L1,L770.tsv	N/A	N/A	N/A	N/A	N/A	N/A	Murina hkakaboraziensis	Murina hkakaboraziensis	Murina hkakaboraziensis	N/A	Murina hkakaboraziensis	Murina hkakaboraziensis	Murina hkakaboraziensis	Murina hkakaboraziensis	Murina hkakaboraziensis
https://linker.bio/line:hash://sha256/8b20b8ebd7b5bd963ba9f45ca371e7167e7d48b61e72aa14471a3e496be15a50!/L1,L771.tsv	Murina huttoni	Murina huttoni	Murina huttoni	Murina huttoni	Murina huttoni	Murina huttoni	Murina huttonii	Murina huttoni	Murina huttonii	Murina huttoni	Murina huttonii	Murina huttonii	Murina huttonii	Murina huttonii	Murina huttonii
https://linker.bio/line:hash://sha256/8b20b8ebd7b5bd963ba9f45ca371e7167e7d48b61e72aa14471a3e496be15a50!/L1,L772.tsv	N/A	N/A	N/A	N/A	N/A	N/A	Murina jaintiana	Murina jaintiana	Murina jaintiana	Murina jaintiana	Murina jaintiana	Murina jaintiana	Murina jaintiana	Murina jaintiana	Murina jaintiana
https://linker.bio/line:hash://sha256/8b20b8ebd7b5bd963ba9f45ca371e7167e7d48b61e72aa14471a3e496be15a50!/L1,L773.tsv	N/A	N/A	N/A	N/A	N/A	N/A	N/A	Murina jinchui	Murina jinchui	N/A	Murina jinchui	Murina jinchui	Murina jinchui	Murina jinchui	Murina jinchui
https://linker.bio/line:hash://sha256/8b20b8ebd7b5bd963ba9f45ca371e7167e7d48b61e72aa14471a3e496be15a50!/L1,L774.tsv	N/A	N/A	N/A	N/A	N/A	N/A	Murina kontumensis	Murina kontumensis	Murina kontumensis	N/A	Murina kontumensis	Murina kontumensis	Murina kontumensis	Murina kontumensis	Murina kontumensis
https://linker.bio/line:hash://sha256/8b20b8ebd7b5bd963ba9f45ca371e7167e7d48b61e72aa14471a3e496be15a50!/L1,L775.tsv	Murina leucogaster	Murina leucogaster	Murina leucogaster	Murina leucogaster	Murina leucogaster	Murina leucogaster	Murina leucogaster	Murina leucogaster	Murina leucogaster	Murina leucogaster	Murina leucogaster	Murina leucogaster	Murina leucogaster	Murina leucogaster	Murina leucogaster
https://linker.bio/line:hash://sha256/8b20b8ebd7b5bd963ba9f45ca371e7167e7d48b61e72aa14471a3e496be15a50!/L1,L776.tsv	N/A	N/A	N/A	N/A	N/A	N/A	Murina liboensis	Murina liboensis	Murina liboensis	N/A	Murina liboensis	Murina liboensis	Murina liboensis	Murina liboensis	Murina liboensis
https://linker.bio/line:hash://sha256/8b20b8ebd7b5bd963ba9f45ca371e7167e7d48b61e72aa14471a3e496be15a50!/L1,L777.tsv	N/A	N/A	N/A	N/A	N/A	N/A	Murina lorelieae	Murina lorelieae	Murina lorelieae	Murina lorelieae	Murina lorelieae	Murina lorelieae	Murina lorelieae	Murina lorelieae	Murina lorelieae
https://linker.bio/line:hash://sha256/8b20b8ebd7b5bd963ba9f45ca371e7167e7d48b61e72aa14471a3e496be15a50!/L1,L778.tsv	N/A	N/A	N/A	N/A	N/A	N/A	N/A	N/A	N/A	N/A	N/A	N/A	N/A	Murina medogensis	Murina medogensis
https://linker.bio/line:hash://sha256/8b20b8ebd7b5bd963ba9f45ca371e7167e7d48b61e72aa14471a3e496be15a50!/L1,L779.tsv	N/A	N/A	N/A	N/A	N/A	N/A	N/A	N/A	N/A	N/A	N/A	N/A	N/A	Murina milinensis	Murina milinensis
https://linker.bio/line:hash://sha256/8b20b8ebd7b5bd963ba9f45ca371e7167e7d48b61e72aa14471a3e496be15a50!/L1,L780.tsv	N/A	N/A	N/A	Murina cyclotis [synonym of]	Murina cyclotis peninsularis	Murina cyclotis [synonym of]	Murina peninsularis	Murina peninsularis	Murina peninsularis	Murina cyclotis [synonym of]	Murina peninsularis	Murina peninsularis	Murina peninsularis	Murina peninsularis	Murina peninsularis
https://linker.bio/line:hash://sha256/8b20b8ebd7b5bd963ba9f45ca371e7167e7d48b61e72aa14471a3e496be15a50!/L1,L781.tsv	N/A	N/A	N/A	N/A	N/A	N/A	Murina pluvialis	Murina pluvialis	Murina pluvialis	Murina pluvialis	Murina pluvialis	Murina pluvialis	Murina pluvialis	Murina pluvialis	Murina pluvialis
https://linker.bio/line:hash://sha256/8b20b8ebd7b5bd963ba9f45ca371e7167e7d48b61e72aa14471a3e496be15a50!/L1,L782.tsv	N/A	Murina puta	Murina puta	Murina puta	Murina puta	Murina puta	Murina puta	Murina puta	Murina puta	Murina puta	Murina puta	Murina puta	Murina puta	Murina puta	Murina puta
https://linker.bio/line:hash://sha256/8b20b8ebd7b5bd963ba9f45ca371e7167e7d48b61e72aa14471a3e496be15a50!/L1,L783.tsv	N/A	N/A	N/A	N/A	N/A	N/A	Murina recondita	Murina recondita	Murina recondita	Murina recondita	Murina recondita	Murina recondita	Murina recondita	Murina recondita	Murina recondita
https://linker.bio/line:hash://sha256/8b20b8ebd7b5bd963ba9f45ca371e7167e7d48b61e72aa14471a3e496be15a50!/L1,L784.tsv	N/A	N/A	Murina rozendaali	Murina rozendaali	Murina rozendaali	Murina rozendaali	Murina rozendaali	Murina rozendaali	Murina rozendaali	Murina rozendaali	Murina rozendaali	Murina rozendaali	Murina rozendaali	Murina rozendaali	Murina rozendaali
https://linker.bio/line:hash://sha256/8b20b8ebd7b5bd963ba9f45ca371e7167e7d48b61e72aa14471a3e496be15a50!/L1,L785.tsv	N/A	N/A	N/A	Murina huttoni [synonym of]	Murina huttoni rubella	Murina huttoni rubella	Murina huttoni rubella	Murina huttoni rubella	Murina huttoni [synonym of]	Murina huttoni rubella	Murina huttoni rubella	Murina huttoni [synonym of]	Murina huttoni [synonym of]	Murina rubella	Murina rubella
https://linker.bio/line:hash://sha256/8b20b8ebd7b5bd963ba9f45ca371e7167e7d48b61e72aa14471a3e496be15a50!/L1,L786.tsv	N/A	N/A	N/A	N/A	N/A	Murina ryukyuana	Murina ryukyuana	Murina ryukyuana	Murina ryukyuana	Murina ryukyuana	Murina ryukyuana	Murina ryukyuana	Murina ryukyuana	Murina ryukyuana	Murina ryukyuana
https://linker.bio/line:hash://sha256/8b20b8ebd7b5bd963ba9f45ca371e7167e7d48b61e72aa14471a3e496be15a50!/L1,L787.tsv	N/A	N/A	N/A	N/A	N/A	N/A	Murina shuipuensis	Murina shuipuensis	Murina shuipuensis	Murina shuipuensis	Murina shuipuensis	Murina shuipuensis	Murina shuipuensis	Murina shuipuensis	Murina shuipuensis
https://linker.bio/line:hash://sha256/8b20b8ebd7b5bd963ba9f45ca371e7167e7d48b61e72aa14471a3e496be15a50!/L1,L788.tsv	N/A	N/A	N/A	N/A	N/A	N/A	Murina rongjiangensis	Murina rongjiangensis and Murina shuipuensis shuipuensis [synonym of]	Murina rongjiangensis	N/A	Murina shuipuensis and Murina shuipuensis shuipuensis [synonym of]	Murina shuipuensis [synonym of]	Murina shuipuensis [synonym of]	 	Murina shuipuensis [synonym of]
https://linker.bio/line:hash://sha256/8b20b8ebd7b5bd963ba9f45ca371e7167e7d48b61e72aa14471a3e496be15a50!/L1,L789.tsv	Murina suilla	Murina suilla	Murina suilla	Murina suilla	Murina suilla	Murina suilla	Murina suilla	Murina suilla	Murina suilla	Murina suilla	Murina suilla	Murina suilla	Murina suilla	Murina suilla	Murina suilla
https://linker.bio/line:hash://sha256/8b20b8ebd7b5bd963ba9f45ca371e7167e7d48b61e72aa14471a3e496be15a50!/L1,L790.tsv	N/A	Murina canescens	Murina suilla [synonym of]	Murina suilla [synonym of]	Murina suilla canescens	Murina suilla canescens	Murina suilla canescens	Murina suilla canescens	Murina suilla [synonym of]	N/A	Murina suilla canescens	Murina suilla [synonym of]	Murina suilla [synonym of]	 	Murina suilla canescens
https://linker.bio/line:hash://sha256/8b20b8ebd7b5bd963ba9f45ca371e7167e7d48b61e72aa14471a3e496be15a50!/L1,L791.tsv	Murina balstoni	Murina balstoni	Murina suilla [synonym of]	Murina suilla [synonym of]	N/A	Murina suilla [synonym of]	N/A	Murina suilla suilla [synonym of]	Murina suilla [synonym of]	N/A	Murina suilla suilla [synonym of]	Murina suilla [synonym of]	Murina suilla [synonym of]	 	Murina suilla suilla [synonym of]
https://linker.bio/line:hash://sha256/8b20b8ebd7b5bd963ba9f45ca371e7167e7d48b61e72aa14471a3e496be15a50!/L1,L792.tsv	Murina tenebrosa	Murina tenebrosa	Murina tenebrosa	Murina tenebrosa	Murina tenebrosa	Murina tenebrosa	Murina tenebrosa	Murina tenebrosa	Murina tenebrosa	Murina tenebrosa	Murina tenebrosa	Murina tenebrosa	Murina tenebrosa	Murina tenebrosa	Murina tenebrosa
https://linker.bio/line:hash://sha256/8b20b8ebd7b5bd963ba9f45ca371e7167e7d48b61e72aa14471a3e496be15a50!/L1,L793.tsv	Murina tubinaris	Murina tubinaris	Murina tubinaris	Murina tubinaris	Murina tubinaris	Murina tubinaris	Murina tubinaris	Murina tubinaris	Murina tubinaris	Murina tubinaris	Murina tubinaris	Murina tubinaris	Murina tubinaris	Murina tubinaris	Murina tubinaris
https://linker.bio/line:hash://sha256/8b20b8ebd7b5bd963ba9f45ca371e7167e7d48b61e72aa14471a3e496be15a50!/L1,L794.tsv	N/A	Murina ussuriensis	Murina ussuriensis	Murina ussuriensis	Murina ussuriensis	Murina ussuriensis	Murina ussuriensis	Murina ussuriensis	Murina ussuriensis	Murina ussuriensis	Murina ussuriensis	Murina ussuriensis	Murina ussuriensis	Murina ussuriensis	Murina ussuriensis
https://linker.bio/line:hash://sha256/8b20b8ebd7b5bd963ba9f45ca371e7167e7d48b61e72aa14471a3e496be15a50!/L1,L795.tsv	N/A	N/A	Murina silvatica	N/A	Murina silvatica	N/A	Murina ussuriensis silvatica	Murina silvatica	Murina ussuriensis [synonym of]	Murina ussuriensis silvatica	Murina ussuriensis ussuriensis [synonym of]	Murina ussuriensis [synonym of]	Murina ussuriensis [synonym of]	 	Murina ussuriensis silvatica
https://linker.bio/line:hash://sha256/8b20b8ebd7b5bd963ba9f45ca371e7167e7d48b61e72aa14471a3e496be15a50!/L1,L796.tsv	N/A	N/A	N/A	N/A	N/A	N/A	Murina walstoni	Murina walstoni	Murina walstoni	Murina walstoni	Murina walstoni	Murina walstoni	Murina walstoni	Murina walstoni	Murina walstoni
https://linker.bio/line:hash://sha256/8b20b8ebd7b5bd963ba9f45ca371e7167e7d48b61e72aa14471a3e496be15a50!/L1,L797.tsv	N/A	N/A	N/A	N/A	N/A	N/A	N/A	N/A	N/A	N/A	N/A	N/A	N/A	Murina yadongensis	Murina yadongensis
https://linker.bio/line:hash://sha256/8b20b8ebd7b5bd963ba9f45ca371e7167e7d48b61e72aa14471a3e496be15a50!/L1,L798.tsv	N/A	N/A	N/A	N/A	N/A	N/A	N/A	N/A	N/A	N/A	N/A	N/A	N/A	Murina yuanyang	Murina yuanyang
https://linker.bio/line:hash://sha256/8b20b8ebd7b5bd963ba9f45ca371e7167e7d48b61e72aa14471a3e496be15a50!/L1,L799.tsv	N/A	N/A	N/A	N/A	N/A	N/A	N/A	N/A	N/A	N/A	N/A	N/A	N/A	Murina yushuensis	Murina yushuensis
https://linker.bio/line:hash://sha256/8b20b8ebd7b5bd963ba9f45ca371e7167e7d48b61e72aa14471a3e496be15a50!/L1,L800.tsv	Musonycteris harrisoni	Musonycteris harrisoni	Musonycteris harrisoni	Musonycteris harrisoni	Choeronycteris harrisoni	Musonycteris harrisoni	Musonycteris harrisoni	Musonycteris harrisoni	Musonycteris harrisoni	Musonycteris harrisoni	Musonycteris harrisoni	Musonycteris harrisoni	Musonycteris harrisoni	Musonycteris harrisoni	Musonycteris harrisoni
https://linker.bio/line:hash://sha256/8b20b8ebd7b5bd963ba9f45ca371e7167e7d48b61e72aa14471a3e496be15a50!/L1,L801.tsv	Lissonycteris angolensis	Rousettus angolensis	Rousettus angolensis	Rousettus angolensis	Rousettus angolensis	Lissonycteris angolensis	Lissonycteris angolensis	Myonycteris angolensis	Lissonycteris angolensis	Lissonycteris angolensis	Myonycteris angolensis	Myonycteris angolensis	Myonycteris angolensis	Myonycteris angolensis	Myonycteris angolensis
https://linker.bio/line:hash://sha256/8b20b8ebd7b5bd963ba9f45ca371e7167e7d48b61e72aa14471a3e496be15a50!/L1,L802.tsv	Myonycteris brachycephala	Myonycteris brachycephala	Myonycteris brachycephala	Myonycteris brachycephala	Myonycteris brachycephala	Myonycteris brachycephala	Myonycteris brachycephala	Myonycteris brachycephala	Myonycteris brachycephala	Myonycteris brachycephala	Myonycteris brachycephala	Myonycteris brachycephala	Myonycteris brachycephala	Myonycteris brachycephala	Myonycteris brachycephala
https://linker.bio/line:hash://sha256/8b20b8ebd7b5bd963ba9f45ca371e7167e7d48b61e72aa14471a3e496be15a50!/L1,L803.tsv	N/A	N/A	N/A	Myonycteris torquata [synonym of]	Myonycteris torquata leptodon	Myonycteris torquata [synonym of]	Myonycteris leptodon	Myonycteris leptodon	Myonycteris leptodon	Myonycteris leptodon	Myonycteris leptodon	Myonycteris leptodon	Myonycteris leptodon	Myonycteris leptodon	Myonycteris leptodon
https://linker.bio/line:hash://sha256/8b20b8ebd7b5bd963ba9f45ca371e7167e7d48b61e72aa14471a3e496be15a50!/L1,L804.tsv	N/A	Myonycteris relicta	Myonycteris relicta	Myonycteris relicta	Myonycteris relicta	Myonycteris relicta	Myonycteris relicta	Myonycteris relicta	Myonycteris relicta	Myonycteris relicta	Myonycteris relicta	Myonycteris relicta	Myonycteris relicta	Myonycteris relicta	Myonycteris relicta
https://linker.bio/line:hash://sha256/8b20b8ebd7b5bd963ba9f45ca371e7167e7d48b61e72aa14471a3e496be15a50!/L1,L805.tsv	Myonycteris torquata	Myonycteris torquata	Myonycteris torquata	Myonycteris torquata	Myonycteris torquata	Myonycteris torquata	Myonycteris torquata	Myonycteris torquata	Myonycteris torquata	Myonycteris torquata	Myonycteris torquata	Myonycteris torquata	Myonycteris torquata	Myonycteris torquata	Myonycteris torquata
https://linker.bio/line:hash://sha256/8b20b8ebd7b5bd963ba9f45ca371e7167e7d48b61e72aa14471a3e496be15a50!/L1,L806.tsv	Myopterus daubentoni	Myopterus daubentonii	Myopterus daubentonii	Myopterus daubentonii	Myopterus daubentonii	Myopterus daubentonii	Myopterus daubentonii	Myopterus daubentonii	Myopterus daubentonii	Myopterus daubentonii	Myopterus daubentonii	Myopterus daubentonii	Myopterus daubentonii	Myopterus daubentonii	Myopterus daubentonii
https://linker.bio/line:hash://sha256/8b20b8ebd7b5bd963ba9f45ca371e7167e7d48b61e72aa14471a3e496be15a50!/L1,L807.tsv	Myopterus albatus	Myopterus albatus	Myopterus albatus	Myopterus daubentonii [synonym of]	Myopterus daubentonii albatus	Myopterus daubentonii albatus	Myopterus daubentonii albatus	Myopterus daubentonii albatus	Myopterus daubentonii [synonym of]	Myopterus daubentonii albatus	Myopterus daubentonii albatus	Myopterus daubentonii [synonym of]	Myopterus daubentonii [synonym of]	 	Myopterus daubentonii albatus
https://linker.bio/line:hash://sha256/8b20b8ebd7b5bd963ba9f45ca371e7167e7d48b61e72aa14471a3e496be15a50!/L1,L808.tsv	Myopterus whitleyi	Myopterus whitleyi	Myopterus whitleyi	Myopterus whitleyi	Myopterus whitleyi	Myopterus whitleyi	Myopterus whitleyi	Myopterus whitleyi	Myopterus whitleyi	Myopterus whitleyi	Myopterus whitleyi	Myopterus whitleyi	Myopterus whitleyi	Myopterus whitleyi	Myopterus whitleyi
https://linker.bio/line:hash://sha256/8b20b8ebd7b5bd963ba9f45ca371e7167e7d48b61e72aa14471a3e496be15a50!/L1,L809.tsv	Myotis adversus	Myotis adversus	Myotis adversus	Myotis adversus	Myotis adversus	Myotis adversus	Myotis adversus	Myotis adversus	Myotis adversus	Myotis adversus	Myotis adversus	Myotis adversus	Myotis adversus	Myotis adversus	Myotis adversus
https://linker.bio/line:hash://sha256/8b20b8ebd7b5bd963ba9f45ca371e7167e7d48b61e72aa14471a3e496be15a50!/L1,L810.tsv	Myotis albescens	Myotis albescens	Myotis albescens	Myotis albescens	Myotis albescens	Myotis albescens	Myotis albescens	Myotis albescens	Myotis albescens	Myotis albescens	Myotis albescens	Myotis albescens	Myotis albescens	Myotis albescens	Myotis albescens
https://linker.bio/line:hash://sha256/8b20b8ebd7b5bd963ba9f45ca371e7167e7d48b61e72aa14471a3e496be15a50!/L1,L811.tsv	Myotis argentatus	Myotis albescens [synonym of]	N/A	Myotis albescens [synonym of]	N/A	Myotis albescens [synonym of]	N/A	Myotis albescens albescens [synonym of]	N/A	N/A	Myotis albescens albescens [synonym of]	N/A	Myotis albescens [synonym of]	 	Myotis albescens [synonym of]
https://linker.bio/line:hash://sha256/8b20b8ebd7b5bd963ba9f45ca371e7167e7d48b61e72aa14471a3e496be15a50!/L1,L812.tsv	N/A	N/A	N/A	N/A	N/A	Myotis alcathoe	Myotis alcathoe	Myotis alcathoe	Myotis alcathoe	Myotis alcathoe	Myotis alcathoe	Myotis alcathoe	Myotis alcathoe	Myotis alcathoe	Myotis alcathoe
https://linker.bio/line:hash://sha256/8b20b8ebd7b5bd963ba9f45ca371e7167e7d48b61e72aa14471a3e496be15a50!/L1,L813.tsv	Myotis altarium	Myotis altarium	Myotis altarium	Myotis altarium	Myotis altarium	Myotis altarium	Myotis altarium	Myotis altarium	Myotis altarium	Myotis altarium	Myotis altarium	Myotis altarium	Myotis altarium	Myotis altarium	Myotis altarium
https://linker.bio/line:hash://sha256/8b20b8ebd7b5bd963ba9f45ca371e7167e7d48b61e72aa14471a3e496be15a50!/L1,L814.tsv	N/A	N/A	N/A	Myotis siligorensis [synonym of]	Myotis siligorensis alticraniatus	Myotis siligorensis alticraniatus	Myotis siligorensis alticraniatus	Myotis alticraniatus	Myotis alticraniatus	N/A	Myotis alticraniatus	Myotis alticraniatus	Myotis alticraniatus	Myotis alticraniatus	Myotis alticraniatus
https://linker.bio/line:hash://sha256/8b20b8ebd7b5bd963ba9f45ca371e7167e7d48b61e72aa14471a3e496be15a50!/L1,L815.tsv	N/A	N/A	N/A	N/A	N/A	N/A	Myotis badius	Myotis badius	Myotis alticraniatus [synonym of]	Myotis badius	Myotis alticraniatus alticraniatus [synonym of]	Myotis alticraniatus [synonym of]	Myotis alticraniatus [synonym of]	 	Myotis alticraniatus [synonym of]
https://linker.bio/line:hash://sha256/8b20b8ebd7b5bd963ba9f45ca371e7167e7d48b61e72aa14471a3e496be15a50!/L1,L816.tsv	N/A	N/A	N/A	N/A	N/A	N/A	Myotis ancricola	Myotis ancricola	Myotis ancricola	N/A	Myotis ancricola	Myotis ancricola	Myotis ancricola	Myotis ancricola	Myotis ancricola
https://linker.bio/line:hash://sha256/8b20b8ebd7b5bd963ba9f45ca371e7167e7d48b61e72aa14471a3e496be15a50!/L1,L817.tsv	N/A	N/A	N/A	Myotis goudoti [synonym of]	Myotis goudoti anjouanensis	Myotis anjouanensis	Myotis anjouanensis	Myotis anjouanensis	Myotis anjouanensis	Myotis anjouanensis	Myotis anjouanensis	Myotis anjouanensis	Myotis anjouanensis	Myotis anjouanensis	Myotis anjouanensis
https://linker.bio/line:hash://sha256/8b20b8ebd7b5bd963ba9f45ca371e7167e7d48b61e72aa14471a3e496be15a50!/L1,L818.tsv	N/A	N/A	N/A	N/A	N/A	N/A	Myotis annatessae	Myotis annatessae	Myotis annatessae	Myotis annatessae	Myotis annatessae	Myotis annatessae	Myotis annatessae	Myotis annatessae	Myotis annatessae
https://linker.bio/line:hash://sha256/8b20b8ebd7b5bd963ba9f45ca371e7167e7d48b61e72aa14471a3e496be15a50!/L1,L819.tsv	Myotis annectans	Myotis annectans	Myotis annectans	Myotis annectans	Myotis annectans	Myotis annectans	Myotis annectans	Myotis annectans	Myotis annectans	Myotis annectans	Myotis annectans	Myotis annectans	Myotis annectans	Myotis annectans	Myotis annectans
https://linker.bio/line:hash://sha256/8b20b8ebd7b5bd963ba9f45ca371e7167e7d48b61e72aa14471a3e496be15a50!/L1,L820.tsv	N/A	N/A	N/A	N/A	N/A	Myotis chiloensis [synonym of]	N/A	Myotis chiloensis [synonym of]	Myotis chiloensis [synonym of]	N/A	Myotis arescens	Myotis arescens	Myotis arescens	Myotis arescens	Myotis arescens
https://linker.bio/line:hash://sha256/8b20b8ebd7b5bd963ba9f45ca371e7167e7d48b61e72aa14471a3e496be15a50!/L1,L821.tsv	N/A	N/A	N/A	N/A	N/A	N/A	N/A	Myotis armiensis	Myotis armiensis	N/A	Myotis armiensis	Myotis armiensis	Myotis armiensis	Myotis armiensis	Myotis armiensis
https://linker.bio/line:hash://sha256/8b20b8ebd7b5bd963ba9f45ca371e7167e7d48b61e72aa14471a3e496be15a50!/L1,L822.tsv	Myotis atacamensis	Myotis atacamensis	Myotis atacamensis	Myotis atacamensis	Myotis atacamensis	Myotis atacamensis	Myotis atacamensis	Myotis atacamensis	Myotis atacamensis	Myotis atacamensis	Myotis atacamensis	Myotis atacamensis	Myotis atacamensis	Myotis atacamensis	Myotis atacamensis
https://linker.bio/line:hash://sha256/8b20b8ebd7b5bd963ba9f45ca371e7167e7d48b61e72aa14471a3e496be15a50!/L1,L823.tsv	N/A	Myotis muricola [synonym of]	Myotis ater	Myotis muricola [synonym of]	Myotis muricola ater	Myotis ater	Myotis ater	Myotis ater	Myotis ater	Myotis ater	Myotis ater	Myotis ater	Myotis ater	Myotis ater	Myotis ater
https://linker.bio/line:hash://sha256/8b20b8ebd7b5bd963ba9f45ca371e7167e7d48b61e72aa14471a3e496be15a50!/L1,L824.tsv	N/A	N/A	N/A	N/A	N/A	N/A	Myotis attenboroughi	Myotis attenboroughi	Myotis attenboroughi	N/A	Myotis attenboroughi	Myotis attenboroughi	Myotis attenboroughi	Myotis attenboroughi	Myotis attenboroughi
https://linker.bio/line:hash://sha256/8b20b8ebd7b5bd963ba9f45ca371e7167e7d48b61e72aa14471a3e496be15a50!/L1,L825.tsv	Myotis auriculus	Myotis auriculus	Myotis auriculus	Myotis auriculus	Myotis auriculus	Myotis auriculus	Myotis auriculus	Myotis auriculus	Myotis auriculus	Myotis auriculus	Myotis auriculus	Myotis auriculus	Myotis auriculus	Myotis auriculus	Myotis auriculus
https://linker.bio/line:hash://sha256/8b20b8ebd7b5bd963ba9f45ca371e7167e7d48b61e72aa14471a3e496be15a50!/L1,L826.tsv	Myotis australis	Myotis australis	Myotis australis	Myotis australis	Myotis australis	Myotis australis	Myotis macropus	Myotis australis	Myotis macropus	Myotis australis	Myotis australis	Myotis australis	Myotis australis	Myotis australis	Myotis australis
https://linker.bio/line:hash://sha256/8b20b8ebd7b5bd963ba9f45ca371e7167e7d48b61e72aa14471a3e496be15a50!/L1,L827.tsv	Myotis austroriparius	Myotis austroriparius	Myotis austroriparius	Myotis austroriparius	Myotis austroriparius	Myotis austroriparius	Myotis austroriparius	Myotis austroriparius	Myotis austroriparius	Myotis austroriparius	Myotis austroriparius	Myotis austroriparius	Myotis austroriparius	Myotis austroriparius	Myotis austroriparius
https://linker.bio/line:hash://sha256/8b20b8ebd7b5bd963ba9f45ca371e7167e7d48b61e72aa14471a3e496be15a50!/L1,L828.tsv	N/A	N/A	N/A	N/A	N/A	N/A	N/A	Myotis bakeri	Myotis bakeri	N/A	Myotis bakeri	Myotis bakeri	Myotis bakeri	Myotis bakeri	Myotis bakeri
https://linker.bio/line:hash://sha256/8b20b8ebd7b5bd963ba9f45ca371e7167e7d48b61e72aa14471a3e496be15a50!/L1,L829.tsv	N/A	N/A	N/A	N/A	N/A	N/A	N/A	N/A	N/A	N/A	Myotis barquezi	Myotis barquezi	Myotis barquezi	Myotis barquezi	Myotis barquezi
https://linker.bio/line:hash://sha256/8b20b8ebd7b5bd963ba9f45ca371e7167e7d48b61e72aa14471a3e496be15a50!/L1,L830.tsv	Myotis bartelsi	N/A	Myotis formosus [synonym of]	Myotis formosus [synonym of]	Myotis formosus bartelsi	Myotis formosus bartelsi	Myotis bartelsii	Myotis bartelsii	Myotis bartelsii	N/A	Myotis bartelsii	Myotis bartelsii	Myotis bartelsii	Myotis bartelsii	Myotis bartelsii
https://linker.bio/line:hash://sha256/8b20b8ebd7b5bd963ba9f45ca371e7167e7d48b61e72aa14471a3e496be15a50!/L1,L831.tsv	Myotis bechsteini	Myotis bechsteini	Myotis bechsteinii	Myotis bechsteini	Myotis bechsteini	Myotis bechsteinii	Myotis bechsteinii	Myotis bechsteinii	Myotis bechsteinii	Myotis bechsteinii	Myotis bechsteinii	Myotis bechsteinii	Myotis bechsteinii	Myotis bechsteinii	Myotis bechsteinii
https://linker.bio/line:hash://sha256/8b20b8ebd7b5bd963ba9f45ca371e7167e7d48b61e72aa14471a3e496be15a50!/L1,L832.tsv	Myotis blythi	Myotis blythii	Myotis blythii	Myotis blythii	Myotis blythii	Myotis blythii	Myotis blythii	Myotis blythii	Myotis blythii	Myotis blythii	Myotis blythii	Myotis blythii	Myotis blythii	Myotis blythii	Myotis blythii
https://linker.bio/line:hash://sha256/8b20b8ebd7b5bd963ba9f45ca371e7167e7d48b61e72aa14471a3e496be15a50!/L1,L833.tsv	N/A	N/A	N/A	Myotis blythii [synonym of]	Myotis blythii oxygnathus	Myotis oxygnathus [synonym of]	Myotis blythii oxygnathus or Myotis blythii TBD	Myotis blythii oxygnathus	Myotis blythii [synonym of]	Myotis blythii [synonym of]	Myotis blythii oxygnathus	Myotis blythii [synonym of]	Myotis blythii [synonym of]	 	Myotis blythii oxygnathus
https://linker.bio/line:hash://sha256/8b20b8ebd7b5bd963ba9f45ca371e7167e7d48b61e72aa14471a3e496be15a50!/L1,L834.tsv	Myotis bocagei	Myotis bocagei	Myotis bocagii	Myotis bocagei	Myotis bocagei	Myotis bocagii	Myotis bocagii	Myotis bocagii	Myotis bocagii	Myotis bocagii	Myotis bocagii	Myotis bocagii	Myotis bocagii	Myotis bocagii	Myotis bocagii
https://linker.bio/line:hash://sha256/8b20b8ebd7b5bd963ba9f45ca371e7167e7d48b61e72aa14471a3e496be15a50!/L1,L835.tsv	N/A	N/A	Myotis bombinus	Myotis bombinus	Myotis bombinus	Myotis bombinus	Myotis bombinus	Myotis bombinus	Myotis bombinus	Myotis bombinus	Myotis bombinus	Myotis bombinus	Myotis bombinus	Myotis bombinus	Myotis bombinus
https://linker.bio/line:hash://sha256/8b20b8ebd7b5bd963ba9f45ca371e7167e7d48b61e72aa14471a3e496be15a50!/L1,L836.tsv	N/A	N/A	N/A	Myotis montivagus [synonym of]	Myotis montivagus borneoensis	Myotis montivagus borneoensis	Myotis borneoensis	Myotis borneoensis	Myotis borneoensis	Myotis borneoensis	Myotis borneoensis	Myotis borneoensis	Myotis borneoensis	Myotis borneoensis	Myotis borneoensis
https://linker.bio/line:hash://sha256/8b20b8ebd7b5bd963ba9f45ca371e7167e7d48b61e72aa14471a3e496be15a50!/L1,L837.tsv	Myotis brandti	Myotis brandti	Myotis brandtii	Myotis brandti	Myotis brandti	Myotis brandtii	Myotis brandtii	Myotis brandtii	Myotis brandtii	Myotis brandtii	Myotis brandtii	Myotis brandtii	Myotis brandtii	Myotis brandtii	Myotis brandtii
https://linker.bio/line:hash://sha256/8b20b8ebd7b5bd963ba9f45ca371e7167e7d48b61e72aa14471a3e496be15a50!/L1,L838.tsv	N/A	N/A	N/A	Myotis frater [synonym of]	Myotis frater bucharensis	Myotis bucharensis	Myotis bucharensis	Myotis bucharensis	Myotis bucharensis	Myotis bucharensis	Myotis bucharensis	Myotis bucharensis	Myotis bucharensis	Myotis bucharensis	Myotis bucharensis
https://linker.bio/line:hash://sha256/8b20b8ebd7b5bd963ba9f45ca371e7167e7d48b61e72aa14471a3e496be15a50!/L1,L839.tsv	Myotis californicus	Myotis californicus	Myotis californicus	Myotis californicus	Myotis californicus	Myotis californicus	Myotis californicus	Myotis californicus	Myotis californicus	Myotis californicus	Myotis californicus	Myotis californicus	Myotis californicus	Myotis californicus	Myotis californicus
https://linker.bio/line:hash://sha256/8b20b8ebd7b5bd963ba9f45ca371e7167e7d48b61e72aa14471a3e496be15a50!/L1,L840.tsv	Myotis capaccinii	Myotis capaccinii	Myotis capaccinii	Myotis capaccinii	Myotis capaccinii	Myotis capaccinii	Myotis capaccinii	Myotis capaccinii	Myotis capaccinii	Myotis capaccinii	Myotis capaccinii	Myotis capaccinii	Myotis capaccinii	Myotis capaccinii	Myotis capaccinii
https://linker.bio/line:hash://sha256/8b20b8ebd7b5bd963ba9f45ca371e7167e7d48b61e72aa14471a3e496be15a50!/L1,L841.tsv	N/A	Myotis nigricans [synonym of]	Myotis carteri	Myotis nigricans [synonym of]	Myotis nigricans carteri	Myotis nigricans carteri	Myotis nigricans carteri	Myotis nigricans carteri	Myotis carteri	N/A	Myotis carteri	Myotis carteri	Myotis carteri	Myotis carteri	Myotis carteri
https://linker.bio/line:hash://sha256/8b20b8ebd7b5bd963ba9f45ca371e7167e7d48b61e72aa14471a3e496be15a50!/L1,L842.tsv	N/A	N/A	N/A	N/A	N/A	Myotis nigricans osculatii [synonym of]	Myotis caucensis	Myotis caucensis	Myotis caucensis	N/A	Myotis caucensis	Myotis caucensis	Myotis caucensis	Myotis caucensis	Myotis caucensis
https://linker.bio/line:hash://sha256/8b20b8ebd7b5bd963ba9f45ca371e7167e7d48b61e72aa14471a3e496be15a50!/L1,L843.tsv	Myotis chiloensis	Myotis chiloensis	Myotis chiloensis	Myotis chiloensis	Myotis chiloensis	Myotis chiloensis	Myotis chiloensis	Myotis chiloensis	Myotis chiloensis	Myotis chiloensis	Myotis chiloensis	Myotis chiloensis	Myotis chiloensis	Myotis chiloensis	Myotis chiloensis
https://linker.bio/line:hash://sha256/8b20b8ebd7b5bd963ba9f45ca371e7167e7d48b61e72aa14471a3e496be15a50!/L1,L844.tsv	Myotis aelleni	Myotis aelleni	Myotis aelleni	N/A	Myotis aelleni	Myotis aelleni	N/A	Myotis chiloensis chiloensis [synonym of]	Myotis chiloensis [synonym of]	Myotis chiloensis [synonym of]	Myotis chiloensis chiloensis [synonym of]	Myotis chiloensis [synonym of]	Myotis chiloensis [synonym of]	 	Myotis chiloensis [synonym of]
https://linker.bio/line:hash://sha256/8b20b8ebd7b5bd963ba9f45ca371e7167e7d48b61e72aa14471a3e496be15a50!/L1,L845.tsv	Myotis chinensis	Myotis chinensis	Myotis chinensis	Myotis chinensis	Myotis chinensis	Myotis chinensis	Myotis chinensis	Myotis chinensis	Myotis chinensis	Myotis chinensis	Myotis chinensis	Myotis chinensis	Myotis chinensis	Myotis chinensis	Myotis chinensis
https://linker.bio/line:hash://sha256/8b20b8ebd7b5bd963ba9f45ca371e7167e7d48b61e72aa14471a3e496be15a50!/L1,L846.tsv	N/A	N/A	Myotis ciliolabrum	Myotis leibii [synonym of]	Myotis leibii ciliolabrum	Myotis ciliolabrum	Myotis ciliolabrum	Myotis ciliolabrum	Myotis ciliolabrum	Myotis ciliolabrum	Myotis ciliolabrum	Myotis ciliolabrum	Myotis ciliolabrum	Myotis ciliolabrum	Myotis ciliolabrum
https://linker.bio/line:hash://sha256/8b20b8ebd7b5bd963ba9f45ca371e7167e7d48b61e72aa14471a3e496be15a50!/L1,L847.tsv	N/A	N/A	N/A	Myotis leibii [synonym of]	Myotis leibii melanorhinus	Myotis melanorhinus	Myotis melanorhinus	Myotis ciliolabrum [synonym of]	Myotis ciliolabrum [synonym of]	Myotis ciliolabrum melanorhinus	Myotis ciliolabrum ciliolabrum [synonym of]	Myotis ciliolabrum [synonym of]	Myotis ciliolabrum [synonym of]	 	Myotis ciliolabrum melanorhinus
https://linker.bio/line:hash://sha256/8b20b8ebd7b5bd963ba9f45ca371e7167e7d48b61e72aa14471a3e496be15a50!/L1,L848.tsv	N/A	N/A	N/A	N/A	N/A	N/A	Myotis clydejonesi	Myotis clydejonesi	Myotis clydejonesi	N/A	Myotis clydejonesi	Myotis clydejonesi	Myotis clydejonesi	Myotis clydejonesi	Myotis clydejonesi
https://linker.bio/line:hash://sha256/8b20b8ebd7b5bd963ba9f45ca371e7167e7d48b61e72aa14471a3e496be15a50!/L1,L849.tsv	Myotis cubanensis	Myotis cobanensis	Myotis cobanensis	Myotis cobanensis	Myotis cobanensis	Myotis cobanensis	Myotis cobanensis	Myotis cobanensis	Myotis cobanensis	Myotis cobanensis	Myotis cobanensis	Myotis cobanensis	Myotis cobanensis	Myotis cobanensis	Myotis cobanensis
https://linker.bio/line:hash://sha256/8b20b8ebd7b5bd963ba9f45ca371e7167e7d48b61e72aa14471a3e496be15a50!/L1,L850.tsv	N/A	N/A	N/A	N/A	N/A	N/A	Myotis crypticus	Myotis crypticus	Myotis crypticus	Myotis crypticus	Myotis crypticus	Myotis crypticus	Myotis crypticus	Myotis crypticus	Myotis crypticus
https://linker.bio/line:hash://sha256/8b20b8ebd7b5bd963ba9f45ca371e7167e7d48b61e72aa14471a3e496be15a50!/L1,L851.tsv	Myotis dasycneme	Myotis dasycneme	Myotis dasycneme	Myotis dasycneme	Myotis dasycneme	Myotis dasycneme	Myotis dasycneme	Myotis dasycneme	Myotis dasycneme	Myotis dasycneme	Myotis dasycneme	Myotis dasycneme	Myotis dasycneme	Myotis dasycneme	Myotis dasycneme
https://linker.bio/line:hash://sha256/8b20b8ebd7b5bd963ba9f45ca371e7167e7d48b61e72aa14471a3e496be15a50!/L1,L852.tsv	Myotis surinamensis	Myotis dasycneme [synonym of]	Myotis surinamensis	N/A	N/A	Myotis dasycneme [synonym of]	N/A	Myotis dasycneme dasycneme [synonym of]	Myotis dasycneme [synonym of]	N/A	Myotis dasycneme dasycneme [synonym of]	Myotis dasycneme [synonym of]	Myotis dasycneme [synonym of]	 	Myotis dasycneme [synonym of]
https://linker.bio/line:hash://sha256/8b20b8ebd7b5bd963ba9f45ca371e7167e7d48b61e72aa14471a3e496be15a50!/L1,L853.tsv	Myotis daubentoni	Myotis daubentoni	Myotis daubentonii	Myotis daubentoni	Myotis daubentoni	Myotis daubentonii	Myotis daubentonii	Myotis daubentonii	Myotis daubentonii	Myotis daubentonii	Myotis daubentonii	Myotis daubentonii	Myotis daubentonii	Myotis daubentonii	Myotis daubentonii
https://linker.bio/line:hash://sha256/8b20b8ebd7b5bd963ba9f45ca371e7167e7d48b61e72aa14471a3e496be15a50!/L1,L854.tsv	Myotis nathalinae	Myotis nathalinae	Myotis daubentoni [synonym of]	Myotis daubentoni [synonym of]	Myotis daubentoni nathalinae	Myotis daubentoni nathalinae	N/A	Myotis daubentonii nathalinae	Myotis daubentonii [synonym of]	N/A	Myotis daubentonii nathalinae	Myotis daubentonii [synonym of]	Myotis daubentonii [synonym of]	 	Myotis daubentonii nathalinae
https://linker.bio/line:hash://sha256/8b20b8ebd7b5bd963ba9f45ca371e7167e7d48b61e72aa14471a3e496be15a50!/L1,L855.tsv	N/A	Myotis mystacinus [synonym of]	N/A	Myotis mystacinus [synonym of]	Myotis mystacinus davidi	Myotis davidii	Myotis davidii	Myotis davidii	Myotis davidii	Myotis davidii	Myotis davidii	Myotis davidii	Myotis davidii	Myotis davidii	Myotis davidii
https://linker.bio/line:hash://sha256/8b20b8ebd7b5bd963ba9f45ca371e7167e7d48b61e72aa14471a3e496be15a50!/L1,L856.tsv	N/A	N/A	N/A	Myotis mystacinus [synonym of]	N/A	Myotis hajastanicus	N/A	Myotis davidii davidii [synonym of]	Myotis davidii [synonym of]	Myotis aurascens [synonym of]	Myotis davidii davidii [synonym of]	Myotis davidii [synonym of]	Myotis davidii [synonym of]	 	Myotis davidii transcaspicus [synonym of]
https://linker.bio/line:hash://sha256/8b20b8ebd7b5bd963ba9f45ca371e7167e7d48b61e72aa14471a3e496be15a50!/L1,L857.tsv	N/A	N/A	N/A	Myotis mystacinus [synonym of]	N/A	Myotis mystacinus [synonym of]	Myotis davidii [synonym of]	Myotis davidii davidii [synonym of]	Myotis davidii [synonym of]	Myotis aurascens	Myotis davidii davidii [synonym of] [synonym of]	Myotis davidii [synonym of]	Myotis davidii [synonym of]	 	Myotis davidii transcaspicus [synonym of]
https://linker.bio/line:hash://sha256/8b20b8ebd7b5bd963ba9f45ca371e7167e7d48b61e72aa14471a3e496be15a50!/L1,L858.tsv	N/A	N/A	N/A	N/A	N/A	N/A	Myotis dieteri	Myotis dieteri	Myotis dieteri	Myotis dieteri	Myotis dieteri	Myotis dieteri	Myotis dieteri	Myotis dieteri	Myotis dieteri
https://linker.bio/line:hash://sha256/8b20b8ebd7b5bd963ba9f45ca371e7167e7d48b61e72aa14471a3e496be15a50!/L1,L859.tsv	N/A	N/A	N/A	N/A	N/A	N/A	Myotis diminutus	Myotis diminutus	Myotis diminutus	Myotis diminutus	Myotis diminutus	Myotis diminutus	Myotis diminutus	Myotis diminutus	Myotis diminutus
https://linker.bio/line:hash://sha256/8b20b8ebd7b5bd963ba9f45ca371e7167e7d48b61e72aa14471a3e496be15a50!/L1,L860.tsv	Myotis dominicensis	Myotis dominicensis	Myotis dominicensis	Myotis dominicensis	Myotis dominicensis	Myotis dominicensis	Myotis dominicensis	Myotis dominicensis	Myotis dominicensis	Myotis dominicensis	Myotis dominicensis	Myotis dominicensis	Myotis dominicensis	Myotis dominicensis	Myotis dominicensis
https://linker.bio/line:hash://sha256/8b20b8ebd7b5bd963ba9f45ca371e7167e7d48b61e72aa14471a3e496be15a50!/L1,L861.tsv	Myotis elegans	Myotis elegans	Myotis elegans	Myotis elegans	Myotis elegans	Myotis elegans	Myotis elegans	Myotis elegans	Myotis elegans	Myotis elegans	Myotis elegans	Myotis elegans	Myotis elegans	Myotis elegans	Myotis elegans
https://linker.bio/line:hash://sha256/8b20b8ebd7b5bd963ba9f45ca371e7167e7d48b61e72aa14471a3e496be15a50!/L1,L862.tsv	Myotis emarginatus	Myotis emarginatus	Myotis emarginatus	Myotis emarginatus	Myotis emarginatus	Myotis emarginatus	Myotis emarginatus	Myotis emarginatus	Myotis emarginatus	Myotis emarginatus	Myotis emarginatus	Myotis emarginatus	Myotis emarginatus	Myotis emarginatus	Myotis emarginatus
https://linker.bio/line:hash://sha256/8b20b8ebd7b5bd963ba9f45ca371e7167e7d48b61e72aa14471a3e496be15a50!/L1,L863.tsv	N/A	N/A	N/A	Myotis nattereri [synonym of]	N/A	Myotis nattereri [synonym of]	Myotis escalerai	Myotis escalerai	Myotis escalerai	Myotis escalerai	Myotis escalerai	Myotis escalerai	Myotis escalerai	Myotis escalerai	Myotis escalerai
https://linker.bio/line:hash://sha256/8b20b8ebd7b5bd963ba9f45ca371e7167e7d48b61e72aa14471a3e496be15a50!/L1,L864.tsv	Myotis evotis	Myotis evotis	Myotis evotis	Myotis evotis	Myotis evotis	Myotis evotis	Myotis evotis	Myotis evotis	Myotis evotis	Myotis evotis	Myotis evotis	Myotis evotis	Myotis evotis	Myotis evotis	Myotis evotis
https://linker.bio/line:hash://sha256/8b20b8ebd7b5bd963ba9f45ca371e7167e7d48b61e72aa14471a3e496be15a50!/L1,L865.tsv	Myotis milleri	Myotis milleri	Myotis milleri	N/A	Myotis milleri	Myotis evotis milleri	Myotis evotis milleri	Myotis evotis milleri	Myotis evotis [synonym of]	N/A	Myotis evotis milleri	Myotis evotis [synonym of]	Myotis evotis [synonym of]	 	Myotis evotis milleri
https://linker.bio/line:hash://sha256/8b20b8ebd7b5bd963ba9f45ca371e7167e7d48b61e72aa14471a3e496be15a50!/L1,L866.tsv	N/A	N/A	N/A	Myotis nigricans [synonym of]	Myotis nigricans extremus	Myotis nigricans extremus	Myotis nigricans extremus	Myotis nigricans extremus	Myotis nigricans [synonym of]	N/A	N/A	Myotis nigricans [synonym of]	Myotis extremus	Myotis extremus	Myotis extremus
https://linker.bio/line:hash://sha256/8b20b8ebd7b5bd963ba9f45ca371e7167e7d48b61e72aa14471a3e496be15a50!/L1,L867.tsv	N/A	N/A	N/A	Myotis montivagus [synonym of]	Myotis montivagus federatus	Myotis montivagus federatus	Myotis federatus	Myotis federatus	Myotis federatus	Myotis federatus	Myotis federatus	Myotis federatus	Myotis federatus	Myotis federatus	Myotis federatus
https://linker.bio/line:hash://sha256/8b20b8ebd7b5bd963ba9f45ca371e7167e7d48b61e72aa14471a3e496be15a50!/L1,L868.tsv	Myotis fimbriatus	Myotis macrodactylus [synonym of]	Myotis fimbriatus	Myotis macrodactylus [synonym of]	Myotis macrodactylus fimbriatus	Myotis fimbriatus	Myotis fimbriatus	Myotis fimbriatus	Myotis fimbriatus	Myotis fimbriatus	Myotis fimbriatus	Myotis fimbriatus	Myotis fimbriatus	Myotis fimbriatus	Myotis fimbriatus
https://linker.bio/line:hash://sha256/8b20b8ebd7b5bd963ba9f45ca371e7167e7d48b61e72aa14471a3e496be15a50!/L1,L869.tsv	Myotis findleyi	Myotis findleyi	Myotis findleyi	Myotis findleyi	Myotis findleyi	Myotis findleyi	Myotis findleyi	Myotis findleyi	Myotis findleyi	Myotis findleyi	Myotis findleyi	Myotis findleyi	Myotis findleyi	Myotis findleyi	Myotis findleyi
https://linker.bio/line:hash://sha256/8b20b8ebd7b5bd963ba9f45ca371e7167e7d48b61e72aa14471a3e496be15a50!/L1,L870.tsv	Myotis formosus	Myotis formosus	Myotis formosus	Myotis formosus	Myotis formosus	Myotis formosus	Myotis formosus	Myotis formosus	Myotis formosus	Myotis formosus	Myotis formosus	Myotis formosus	Myotis formosus	Myotis formosus	Myotis formosus
https://linker.bio/line:hash://sha256/8b20b8ebd7b5bd963ba9f45ca371e7167e7d48b61e72aa14471a3e496be15a50!/L1,L871.tsv	Myotis fortidens	Myotis fortidens	Myotis fortidens	Myotis fortidens	Myotis fortidens	Myotis fortidens	Myotis fortidens	Myotis fortidens	Myotis fortidens	Myotis fortidens	Myotis fortidens	Myotis fortidens	Myotis fortidens	Myotis fortidens	Myotis fortidens
https://linker.bio/line:hash://sha256/8b20b8ebd7b5bd963ba9f45ca371e7167e7d48b61e72aa14471a3e496be15a50!/L1,L872.tsv	Myotis frater	Myotis frater	Myotis frater	Myotis frater	Myotis frater	Myotis frater	Myotis frater	Myotis frater	Myotis frater	Myotis frater	Myotis frater	Myotis frater	Myotis frater	Myotis frater	Myotis frater
https://linker.bio/line:hash://sha256/8b20b8ebd7b5bd963ba9f45ca371e7167e7d48b61e72aa14471a3e496be15a50!/L1,L873.tsv	N/A	N/A	N/A	N/A	N/A	Myotis gomantongensis	Myotis gomantongensis	Myotis gomantongensis	Myotis gomantongensis	Myotis gomantongensis	Myotis gomantongensis	Myotis gomantongensis	Myotis gomantongensis	Myotis gomantongensis	Myotis gomantongensis
https://linker.bio/line:hash://sha256/8b20b8ebd7b5bd963ba9f45ca371e7167e7d48b61e72aa14471a3e496be15a50!/L1,L874.tsv	Myotis goudoti	Myotis goudoti	Myotis goudoti	Myotis goudoti	Myotis goudoti	Myotis goudoti	Myotis goudotii	Myotis goudotii	Myotis goudotii	Myotis goudoti	Myotis goudotii	Myotis goudotii	Myotis goudotii	Myotis goudotii	Myotis goudotii
https://linker.bio/line:hash://sha256/8b20b8ebd7b5bd963ba9f45ca371e7167e7d48b61e72aa14471a3e496be15a50!/L1,L875.tsv	Myotis grisescens	Myotis grisescens	Myotis grisescens	Myotis grisescens	Myotis grisescens	Myotis grisescens	Myotis grisescens	Myotis grisescens	Myotis grisescens	Myotis grisescens	Myotis grisescens	Myotis grisescens	Myotis grisescens	Myotis grisescens	Myotis grisescens
https://linker.bio/line:hash://sha256/8b20b8ebd7b5bd963ba9f45ca371e7167e7d48b61e72aa14471a3e496be15a50!/L1,L876.tsv	N/A	N/A	N/A	N/A	N/A	N/A	N/A	N/A	N/A	N/A	N/A	N/A	N/A	Myotis guarani	Myotis guarani
https://linker.bio/line:hash://sha256/8b20b8ebd7b5bd963ba9f45ca371e7167e7d48b61e72aa14471a3e496be15a50!/L1,L877.tsv	N/A	N/A	N/A	N/A	N/A	N/A	Myotis handleyi	Myotis handleyi	Myotis handleyi	N/A	Myotis handleyi	Myotis handleyi	Myotis handleyi	Myotis handleyi	Myotis handleyi
https://linker.bio/line:hash://sha256/8b20b8ebd7b5bd963ba9f45ca371e7167e7d48b61e72aa14471a3e496be15a50!/L1,L878.tsv	Myotis hasselti	Myotis hasseltii	Myotis hasseltii	Myotis hasseltii	Myotis hasseltii	Myotis hasseltii	Myotis hasseltii	Myotis hasseltii	Myotis hasseltii	Myotis hasseltii	Myotis hasseltii	Myotis hasseltii	Myotis hasseltii	Myotis hasseltii	Myotis hasseltii
https://linker.bio/line:hash://sha256/8b20b8ebd7b5bd963ba9f45ca371e7167e7d48b61e72aa14471a3e496be15a50!/L1,L879.tsv	N/A	N/A	N/A	N/A	N/A	N/A	N/A	Myotis hayesi	Myotis hayesi	N/A	Myotis hayesi	Myotis hayesi	Myotis hayesi	Myotis hayesi	Myotis hayesi
https://linker.bio/line:hash://sha256/8b20b8ebd7b5bd963ba9f45ca371e7167e7d48b61e72aa14471a3e496be15a50!/L1,L880.tsv	Myotis hermani	N/A	Myotis hermani	Myotis formosus [synonym of]	Myotis formosus hermani	Myotis hermani	Myotis hermani	Myotis hermani	Myotis hermani	Myotis hermani	Myotis hermani	Myotis hermani	Myotis hermani	Myotis hermani	Myotis hermani
https://linker.bio/line:hash://sha256/8b20b8ebd7b5bd963ba9f45ca371e7167e7d48b61e72aa14471a3e496be15a50!/L1,L881.tsv	N/A	N/A	N/A	N/A	N/A	N/A	N/A	N/A	N/A	N/A	N/A	N/A	N/A	Myotis himalaicus	Myotis himalaicus
https://linker.bio/line:hash://sha256/8b20b8ebd7b5bd963ba9f45ca371e7167e7d48b61e72aa14471a3e496be15a50!/L1,L882.tsv	Myotis horsfieldi	Myotis horsfieldii	Myotis horsfieldii	Myotis horsfieldii	Myotis horsfieldii	Myotis horsfieldii	Myotis horsfieldii	Myotis horsfieldii	Myotis horsfieldii	Myotis horsfieldii	Myotis horsfieldii	Myotis horsfieldii	Myotis horsfieldii	Myotis horsfieldii	Myotis horsfieldii
https://linker.bio/line:hash://sha256/8b20b8ebd7b5bd963ba9f45ca371e7167e7d48b61e72aa14471a3e496be15a50!/L1,L883.tsv	Myotis dryas	Myotis dryas	Myotis horsfieldii [synonym of]	Myotis horsfieldii [synonym of]	Myotis horsfieldii dryas	Myotis horsfieldii dryas	Myotis horsfieldii dryas	Myotis horsfieldii dryas	Myotis horsfieldii [synonym of]	Myotis horsfieldii dryas	Myotis horsfieldii dryas	Myotis horsfieldii [synonym of]	Myotis horsfieldii [synonym of]	 	Myotis horsfieldii dryas
https://linker.bio/line:hash://sha256/8b20b8ebd7b5bd963ba9f45ca371e7167e7d48b61e72aa14471a3e496be15a50!/L1,L884.tsv	Myotis jeannei	Myotis jeannei	N/A	Myotis horsfieldii [synonym of]	Myotis horsfieldii jeannei	Myotis horsfieldii jeannei	Myotis horsfieldii jeannei	Myotis horsfieldii jeannei	Myotis horsfieldii [synonym of]	N/A	Myotis horsfieldii jeannei	Myotis horsfieldii [synonym of]	Myotis horsfieldii [synonym of]	 	Myotis horsfieldii jeannei
https://linker.bio/line:hash://sha256/8b20b8ebd7b5bd963ba9f45ca371e7167e7d48b61e72aa14471a3e496be15a50!/L1,L885.tsv	Myotis peshwa	Myotis peshwa	Myotis horsfieldii [synonym of]	Myotis horsfieldii [synonym of]	Myotis horsfieldii peshwa	Myotis horsfieldii peshwa	Myotis horsfieldii peshwa	Myotis horsfieldii peshwa	Myotis horsfieldii [synonym of]	Myotis horsfieldii peshwa	Myotis horsfieldii peshwa	Myotis horsfieldii [synonym of]	Myotis horsfieldii [synonym of]	 	Myotis horsfieldii peshwa
https://linker.bio/line:hash://sha256/8b20b8ebd7b5bd963ba9f45ca371e7167e7d48b61e72aa14471a3e496be15a50!/L1,L886.tsv	N/A	N/A	N/A	N/A	N/A	Myotis nattereri [synonym of]	Myotis nattereri hoveli	Myotis hoveli	Myotis hoveli	N/A	Myotis hoveli	Myotis hoveli	Myotis hoveli	Myotis hoveli	Myotis hoveli
https://linker.bio/line:hash://sha256/8b20b8ebd7b5bd963ba9f45ca371e7167e7d48b61e72aa14471a3e496be15a50!/L1,L887.tsv	N/A	N/A	N/A	N/A	N/A	N/A	Myotis hyrcanicus	Myotis hyrcanicus	Myotis hyrcanicus	N/A	Myotis hyrcanicus	Myotis hyrcanicus	Myotis hyrcanicus	Myotis hyrcanicus	Myotis hyrcanicus
https://linker.bio/line:hash://sha256/8b20b8ebd7b5bd963ba9f45ca371e7167e7d48b61e72aa14471a3e496be15a50!/L1,L888.tsv	Myotis ikonnikovi	Myotis ikonnikovi	Myotis ikonnikovi	Myotis ikonnikovi	Myotis ikonnikovi	Myotis ikonnikovi	Myotis ikonnikovi	Myotis ikonnikovi	Myotis ikonnikovi	Myotis ikonnikovi	Myotis ikonnikovi	Myotis ikonnikovi	Myotis ikonnikovi	Myotis ikonnikovi	Myotis ikonnikovi
https://linker.bio/line:hash://sha256/8b20b8ebd7b5bd963ba9f45ca371e7167e7d48b61e72aa14471a3e496be15a50!/L1,L889.tsv	N/A	N/A	Myotis yesoensis	N/A	Myotis yesoensis	Myotis yesoensis	N/A	Myotis ikonnikovi ikonnikovi [synonym of]	Myotis ikonnikovi [synonym of]	N/A	Myotis ikonnikovi ikonnikovi [synonym of]	Myotis ikonnikovi [synonym of]	Myotis ikonnikovi [synonym of]	 	Myotis ikonnikovi [synonym of]
https://linker.bio/line:hash://sha256/8b20b8ebd7b5bd963ba9f45ca371e7167e7d48b61e72aa14471a3e496be15a50!/L1,L890.tsv	Myotis hosonoi	Myotis hosonoi	Myotis hosonoi	N/A	Myotis hosonoi	Myotis hosonoi	N/A	Myotis ikonnikovi ikonnikovi [synonym of]	Myotis ikonnikovi [synonym of]	N/A	Myotis ikonnikovi ikonnikovi [synonym of]	Myotis ikonnikovi [synonym of]	Myotis ikonnikovi [synonym of]	 	Myotis ikonnikovi [synonym of]
https://linker.bio/line:hash://sha256/8b20b8ebd7b5bd963ba9f45ca371e7167e7d48b61e72aa14471a3e496be15a50!/L1,L891.tsv	Myotis ozensis	Myotis ozensis	Myotis ozensis	N/A	Myotis ozensis	Myotis ozensis	N/A	Myotis ikonnikovi ikonnikovi [synonym of]	Myotis ikonnikovi [synonym of]	N/A	Myotis ikonnikovi ikonnikovi [synonym of]	Myotis ikonnikovi [synonym of]	Myotis ikonnikovi [synonym of]	 	Myotis ikonnikovi [synonym of]
https://linker.bio/line:hash://sha256/8b20b8ebd7b5bd963ba9f45ca371e7167e7d48b61e72aa14471a3e496be15a50!/L1,L892.tsv	N/A	N/A	N/A	N/A	N/A	N/A	Myotis indochinensis	Myotis indochinensis	Myotis indochinensis	Myotis indochinensis	Myotis indochinensis	Myotis indochinensis	Myotis indochinensis	Myotis indochinensis	Myotis indochinensis
https://linker.bio/line:hash://sha256/8b20b8ebd7b5bd963ba9f45ca371e7167e7d48b61e72aa14471a3e496be15a50!/L1,L893.tsv	N/A	Myotis insularum	Myotis insularum	Myotis insularum	Myotis insularum	Myotis insularum	Myotis insularum	Myotis insularum	Myotis insularum	Myotis insularum	Myotis insularum	Myotis insularum	Myotis insularum	Myotis insularum	Myotis insularum
https://linker.bio/line:hash://sha256/8b20b8ebd7b5bd963ba9f45ca371e7167e7d48b61e72aa14471a3e496be15a50!/L1,L894.tsv	N/A	N/A	N/A	N/A	N/A	N/A	Myotis izecksohni	Myotis izecksohni	Myotis izecksohni	Myotis izecksohni	Myotis izecksohni	Myotis izecksohni	Myotis izecksohni	Myotis izecksohni	Myotis izecksohni
https://linker.bio/line:hash://sha256/8b20b8ebd7b5bd963ba9f45ca371e7167e7d48b61e72aa14471a3e496be15a50!/L1,L895.tsv	Myotis keaysi	Myotis keaysi	Myotis keaysi	Myotis keaysi	Myotis keaysi	Myotis keaysi	Myotis keaysi	Myotis keaysi	Myotis keaysi	Myotis keaysi	Myotis keaysi	Myotis keaysi	Myotis keaysi	Myotis keaysi	Myotis keaysi
https://linker.bio/line:hash://sha256/8b20b8ebd7b5bd963ba9f45ca371e7167e7d48b61e72aa14471a3e496be15a50!/L1,L896.tsv	Myotis keeni	Myotis keenii	Myotis keenii	Myotis keenii	Myotis keenii	Myotis keenii	Myotis keenii	Myotis evotis keenii	Myotis keenii	Myotis keenii	Myotis keenii	Myotis keenii	Myotis keenii	Myotis keenii	Myotis keenii
https://linker.bio/line:hash://sha256/8b20b8ebd7b5bd963ba9f45ca371e7167e7d48b61e72aa14471a3e496be15a50!/L1,L897.tsv	N/A	Myotis daubentoni [synonym of]	N/A	Myotis daubentoni [synonym of]	Myotis daubentoni laniger	Myotis laniger	Myotis laniger	Myotis laniger	Myotis laniger	Myotis laniger	Myotis laniger	Myotis laniger	Myotis laniger	Myotis laniger	Myotis laniger
https://linker.bio/line:hash://sha256/8b20b8ebd7b5bd963ba9f45ca371e7167e7d48b61e72aa14471a3e496be15a50!/L1,L898.tsv	N/A	N/A	N/A	N/A	N/A	Myotis annamiticus	Myotis annamiticus	Myotis annamiticus	Myotis laniger [synonym of]	N/A	Myotis laniger laniger [synonym of]	Myotis laniger [synonym of]	Myotis laniger [synonym of]	 	Myotis laniger [synonym of]
https://linker.bio/line:hash://sha256/8b20b8ebd7b5bd963ba9f45ca371e7167e7d48b61e72aa14471a3e496be15a50!/L1,L899.tsv	Myotis larensis	N/A	N/A	Myotis nesopolus [synonym of]	Myotis nesopolus larensis	Myotis nesopolus larensis	Myotis nesopolus larensis	Myotis larensis	Myotis larensis	Myotis nesopolus [synonym of]	Myotis larensis	Myotis larensis and Myotis lavali [synonym of]	Myotis larensis	Myotis larensis	Myotis larensis
https://linker.bio/line:hash://sha256/8b20b8ebd7b5bd963ba9f45ca371e7167e7d48b61e72aa14471a3e496be15a50!/L1,L900.tsv	N/A	N/A	N/A	N/A	N/A	N/A	Myotis lavali	Myotis lavali	Myotis lavali	Myotis lavali	Myotis lavali	Myotis lavali	Myotis lavali	Myotis lavali	Myotis lavali
https://linker.bio/line:hash://sha256/8b20b8ebd7b5bd963ba9f45ca371e7167e7d48b61e72aa14471a3e496be15a50!/L1,L901.tsv	Myotis leibi	Myotis leibii	Myotis leibii	Myotis leibii	Myotis leibii	Myotis leibii	Myotis leibii	Myotis leibii	Myotis leibii	Myotis leibii	Myotis leibii	Myotis leibii	Myotis leibii	Myotis leibii	Myotis leibii
https://linker.bio/line:hash://sha256/8b20b8ebd7b5bd963ba9f45ca371e7167e7d48b61e72aa14471a3e496be15a50!/L1,L902.tsv	Myotis levis	Myotis levis	Myotis levis	Myotis levis	Myotis levis	Myotis levis	Myotis levis	Myotis levis	Myotis levis	Myotis levis	Myotis levis	Myotis levis	Myotis levis	Myotis levis	Myotis levis
https://linker.bio/line:hash://sha256/8b20b8ebd7b5bd963ba9f45ca371e7167e7d48b61e72aa14471a3e496be15a50!/L1,L903.tsv	N/A	N/A	N/A	Myotis levis [synonym of]	Myotis levis dinellii	Myotis levis dinellii	Myotis dinellii	Myotis dinellii	Myotis dinellii	Myotis dinellii	Myotis dinellii	Myotis dinellii	Myotis dinellii	Myotis dinellii	Myotis levis [synonym of]
https://linker.bio/line:hash://sha256/8b20b8ebd7b5bd963ba9f45ca371e7167e7d48b61e72aa14471a3e496be15a50!/L1,L904.tsv	N/A	Myotis frater [synonym of]	N/A	Myotis frater [synonym of]	Myotis frater longicaudatus	Myotis frater longicaudatus	Myotis longicaudatus	Myotis longicaudatus	Myotis longicaudatus	Myotis longicaudatus	Myotis longicaudatus	Myotis longicaudatus	Myotis longicaudatus	Myotis longicaudatus	Myotis longicaudatus
https://linker.bio/line:hash://sha256/8b20b8ebd7b5bd963ba9f45ca371e7167e7d48b61e72aa14471a3e496be15a50!/L1,L905.tsv	Myotis longipes	Myotis longipes	Myotis longipes	Myotis longipes	Myotis longipes	Myotis longipes	Myotis longipes	Myotis longipes	Myotis longipes	Myotis longipes	Myotis longipes	Myotis longipes	Myotis longipes	Myotis longipes	Myotis longipes
https://linker.bio/line:hash://sha256/8b20b8ebd7b5bd963ba9f45ca371e7167e7d48b61e72aa14471a3e496be15a50!/L1,L906.tsv	N/A	N/A	N/A	N/A	N/A	Myotis csorbai	Myotis csorbai	Myotis csorbai and Myotis longipes longipes [synonym of]	Myotis longipes [synonym of]	Myotis csorbai	Myotis longipes longipes [synonym of]	Myotis longipes [synonym of]	Myotis longipes [synonym of]	 	Myotis longipes [synonym of]
https://linker.bio/line:hash://sha256/8b20b8ebd7b5bd963ba9f45ca371e7167e7d48b61e72aa14471a3e496be15a50!/L1,L907.tsv	Myotis lucifugus	Myotis lucifugus	Myotis lucifugus	Myotis lucifugus	Myotis lucifugus	Myotis lucifugus	Myotis lucifugus	Myotis lucifugus	Myotis lucifugus	Myotis lucifugus	Myotis lucifugus	Myotis lucifugus	Myotis lucifugus	Myotis lucifugus	Myotis lucifugus
https://linker.bio/line:hash://sha256/8b20b8ebd7b5bd963ba9f45ca371e7167e7d48b61e72aa14471a3e496be15a50!/L1,L908.tsv	N/A	N/A	N/A	Myotis lucifugus [synonym of]	Myotis lucifugus alascensis	Myotis lucifugus alascensis	Myotis lucifugus alascensis	Myotis lucifugus alascensis	Myotis alascensis	N/A	Myotis lucifugus alascensis	Myotis lucifugus [synonym of]	Myotis lucifugus [synonym of]	 	Myotis lucifugus alascensis
https://linker.bio/line:hash://sha256/8b20b8ebd7b5bd963ba9f45ca371e7167e7d48b61e72aa14471a3e496be15a50!/L1,L909.tsv	N/A	N/A	N/A	Myotis lucifugus [synonym of]	Myotis lucifugus carissima	Myotis lucifugus carissima	Myotis lucifugus carissimus	Myotis lucifugus carissima	Myotis carissima [synonym of]	N/A	Myotis lucifugus carissima	Myotis lucifugus [synonym of]	Myotis lucifugus [synonym of]	 	Myotis lucifugus carissimus
https://linker.bio/line:hash://sha256/8b20b8ebd7b5bd963ba9f45ca371e7167e7d48b61e72aa14471a3e496be15a50!/L1,L910.tsv	N/A	N/A	N/A	Myotis lucifugus [synonym of]	Myotis lucifugus pernox	Myotis lucifugus pernox	Myotis lucifugus pernox	Myotis lucifugus pernox	Myotis pernox [synonym of]	N/A	Myotis lucifugus pernox	Myotis lucifugus [synonym of]	Myotis lucifugus [synonym of]	 	Myotis lucifugus pernox
https://linker.bio/line:hash://sha256/8b20b8ebd7b5bd963ba9f45ca371e7167e7d48b61e72aa14471a3e496be15a50!/L1,L911.tsv	N/A	N/A	N/A	Myotis lucifugus [synonym of]	Myotis lucifugus relictus	Myotis lucifugus relictus	Myotis lucifugus relictus	Myotis lucifugus relictus	Myotis relictus	N/A	Myotis lucifugus relictus	Myotis lucifugus [synonym of]	Myotis lucifugus [synonym of]	 	Myotis lucifugus relictus
https://linker.bio/line:hash://sha256/8b20b8ebd7b5bd963ba9f45ca371e7167e7d48b61e72aa14471a3e496be15a50!/L1,L912.tsv	Myotis macrodactylus	Myotis macrodactylus	Myotis macrodactylus	Myotis macrodactylus	Myotis macrodactylus	Myotis macrodactylus	Myotis macrodactylus	Myotis macrodactylus	Myotis macrodactylus	Myotis macrodactylus	Myotis macrodactylus	Myotis macrodactylus	Myotis macrodactylus	Myotis macrodactylus	Myotis macrodactylus
https://linker.bio/line:hash://sha256/8b20b8ebd7b5bd963ba9f45ca371e7167e7d48b61e72aa14471a3e496be15a50!/L1,L913.tsv	N/A	N/A	N/A	Myotis adversus [synonym of]	Myotis adversus macropus	Myotis macropus	Myotis macropus	Myotis macropus	Myotis macropus	Myotis macropus	Myotis macropus	Myotis macropus	Myotis macropus	Myotis macropus	Myotis macropus
https://linker.bio/line:hash://sha256/8b20b8ebd7b5bd963ba9f45ca371e7167e7d48b61e72aa14471a3e496be15a50!/L1,L914.tsv	Myotis macrotarsus	Myotis macrotarsus	Myotis macrotarsus	Myotis macrotarsus	Myotis macrotarsus	Myotis macrotarsus	Myotis macrotarsus	Myotis macrotarsus	Myotis macrotarsus	Myotis macrotarsus	Myotis macrotarsus	Myotis macrotarsus	Myotis macrotarsus	Myotis macrotarsus	Myotis macrotarsus
https://linker.bio/line:hash://sha256/8b20b8ebd7b5bd963ba9f45ca371e7167e7d48b61e72aa14471a3e496be15a50!/L1,L915.tsv	Myotis martiniquensis	Myotis martiniquensis	Myotis martiniquensis	Myotis martiniquensis	Myotis martiniquensis	Myotis martiniquensis	Myotis martiniquensis	Myotis martiniquensis	Myotis martiniquensis	Myotis martiniquensis	Myotis martiniquensis	Myotis martiniquensis	Myotis martiniquensis	Myotis martiniquensis	Myotis martiniquensis
https://linker.bio/line:hash://sha256/8b20b8ebd7b5bd963ba9f45ca371e7167e7d48b61e72aa14471a3e496be15a50!/L1,L916.tsv	N/A	N/A	N/A	N/A	N/A	Myotis midastactus?	Myotis midastactus	Myotis midastactus	Myotis midastactus	Myotis macropus	Myotis midastactus	Myotis midastactus	Myotis midastactus	Myotis midastactus	Myotis midastactus
https://linker.bio/line:hash://sha256/8b20b8ebd7b5bd963ba9f45ca371e7167e7d48b61e72aa14471a3e496be15a50!/L1,L917.tsv	N/A	N/A	N/A	Myotis adversus [synonym of]	Myotis adversus moluccarum	Myotis moluccarum	Myotis moluccarum	Myotis moluccarum	Myotis moluccarum	Myotis moluccarum	Myotis moluccarum	Myotis moluccarum	Myotis moluccarum	Myotis moluccarum	Myotis moluccarum
https://linker.bio/line:hash://sha256/8b20b8ebd7b5bd963ba9f45ca371e7167e7d48b61e72aa14471a3e496be15a50!/L1,L918.tsv	Myotis montivagus	Myotis montivagus	Myotis montivagus	Myotis montivagus	Myotis montivagus	Myotis montivagus	Myotis montivagus	Myotis montivagus	Myotis montivagus	Myotis montivagus	Myotis montivagus	Myotis montivagus	Myotis montivagus	Myotis montivagus	Myotis montivagus
https://linker.bio/line:hash://sha256/8b20b8ebd7b5bd963ba9f45ca371e7167e7d48b61e72aa14471a3e496be15a50!/L1,L919.tsv	N/A	N/A	N/A	N/A	N/A	N/A	N/A	Myotis moratellii	Myotis moratellii	N/A	Myotis moratellii	Myotis moratellii	Myotis moratellii	Myotis moratellii	Myotis moratellii
https://linker.bio/line:hash://sha256/8b20b8ebd7b5bd963ba9f45ca371e7167e7d48b61e72aa14471a3e496be15a50!/L1,L920.tsv	Myotis morrisi	Myotis morrisi	Myotis morrisi	Myotis morrisi	Myotis morrisi	Myotis morrisi	Myotis morrisi	Myotis morrisi	Myotis morrisi	Myotis morrisi	Myotis morrisi	Myotis morrisi	Myotis morrisi	Myotis morrisi	Myotis morrisi
https://linker.bio/line:hash://sha256/8b20b8ebd7b5bd963ba9f45ca371e7167e7d48b61e72aa14471a3e496be15a50!/L1,L921.tsv	Myotis muricola	Myotis muricola	Myotis muricola	Myotis muricola	Myotis muricola	Myotis muricola	Myotis muricola	Myotis muricola	Myotis muricola	Myotis muricola	Myotis muricola	Myotis muricola	Myotis muricola	Myotis muricola	Myotis muricola
https://linker.bio/line:hash://sha256/8b20b8ebd7b5bd963ba9f45ca371e7167e7d48b61e72aa14471a3e496be15a50!/L1,L922.tsv	Myotis browni	Myotis browni	Myotis muricola [synonym of]	Myotis muricola [synonym of]	Myotis muricola browni	Myotis muricola browni	Myotis browni	Myotis muricola browni	Myotis browni	N/A	Myotis muricola browni	Myotis muricola [synonym of]	Myotis muricola [synonym of]	 	Myotis muricola [synonym of]
https://linker.bio/line:hash://sha256/8b20b8ebd7b5bd963ba9f45ca371e7167e7d48b61e72aa14471a3e496be15a50!/L1,L923.tsv	Myotis herrei	Myotis herrei	Myotis muricola [synonym of]	Myotis muricola [synonym of]	Myotis muricola herrei	Myotis muricola herrei	Myotis browni [synonym of]	Myotis muricola herrei	Myotis browni [synonym of]	N/A	Myotis muricola herrei	Myotis muricola [synonym of]	Myotis muricola [synonym of]	 	Myotis muricola [synonym of]
https://linker.bio/line:hash://sha256/8b20b8ebd7b5bd963ba9f45ca371e7167e7d48b61e72aa14471a3e496be15a50!/L1,L924.tsv	Myotis patriciae	Myotis patriciae	Myotis patriciae	Myotis muricola [synonym of]	N/A	Myotis muricola patriciae	Myotis browni	Myotis muricola patriciae	Myotis browni	N/A	Myotis muricola patriciae	Myotis muricola [synonym of]	Myotis muricola [synonym of]	 	Myotis muricola [synonym of]
https://linker.bio/line:hash://sha256/8b20b8ebd7b5bd963ba9f45ca371e7167e7d48b61e72aa14471a3e496be15a50!/L1,L925.tsv	Myotis myotis	Myotis myotis	Myotis myotis	Myotis myotis	Myotis myotis	Myotis myotis	Myotis myotis	Myotis myotis	Myotis myotis	Myotis myotis	Myotis myotis	Myotis myotis	Myotis myotis	Myotis myotis	Myotis myotis
https://linker.bio/line:hash://sha256/8b20b8ebd7b5bd963ba9f45ca371e7167e7d48b61e72aa14471a3e496be15a50!/L1,L926.tsv	Myotis mystacinus	Myotis mystacinus	Myotis mystacinus	Myotis mystacinus	Myotis mystacinus	Myotis mystacinus	Myotis mystacinus	Myotis mystacinus	Myotis mystacinus	Myotis mystacinus	Myotis mystacinus	Myotis mystacinus	Myotis mystacinus	Myotis mystacinus	Myotis mystacinus
https://linker.bio/line:hash://sha256/8b20b8ebd7b5bd963ba9f45ca371e7167e7d48b61e72aa14471a3e496be15a50!/L1,L927.tsv	Myotis nattereri	Myotis nattereri	Myotis nattereri	Myotis nattereri	Myotis nattereri	Myotis nattereri	Myotis nattereri	Myotis nattereri	Myotis nattereri	Myotis nattereri	Myotis nattereri	Myotis nattereri	Myotis nattereri	Myotis nattereri	Myotis nattereri
https://linker.bio/line:hash://sha256/8b20b8ebd7b5bd963ba9f45ca371e7167e7d48b61e72aa14471a3e496be15a50!/L1,L928.tsv	N/A	Myotis nesopolus	Myotis nesopulos	Myotis nesopolus	Myotis nesopolus	Myotis nesopolus	Myotis nesopolus	Myotis nesopolus	Myotis nesopolus	Myotis nesopolus	Myotis nesopolus	Myotis nesopolus	Myotis nesopolus	Myotis nesopolus	Myotis nesopolus
https://linker.bio/line:hash://sha256/8b20b8ebd7b5bd963ba9f45ca371e7167e7d48b61e72aa14471a3e496be15a50!/L1,L929.tsv	Myotis nigricans	Myotis nigricans	Myotis nigricans	Myotis nigricans	Myotis nigricans	Myotis nigricans	Myotis nigricans	Myotis nigricans	Myotis nigricans	Myotis nigricans	Myotis nigricans	Myotis nigricans	Myotis nigricans	Myotis nigricans	Myotis nigricans
https://linker.bio/line:hash://sha256/8b20b8ebd7b5bd963ba9f45ca371e7167e7d48b61e72aa14471a3e496be15a50!/L1,L930.tsv	N/A	N/A	N/A	N/A	N/A	N/A	N/A	Myotis nimbaensis	Myotis nimbaensis	Myotis nimbaensis	Myotis nimbaensis	Myotis nimbaensis	Myotis nimbaensis	Myotis nimbaensis	Myotis nimbaensis
https://linker.bio/line:hash://sha256/8b20b8ebd7b5bd963ba9f45ca371e7167e7d48b61e72aa14471a3e496be15a50!/L1,L931.tsv	N/A	N/A	N/A	Myotis mystacinus [synonym of]	Myotis mystacinus nipalensis	Myotis nipalensis	Myotis davidii?	Myotis nipalensis	Myotis nipalensis	Myotis nipalensis	Myotis nipalensis	Myotis nipalensis	Myotis nipalensis	Myotis nipalensis	Myotis nipalensis
https://linker.bio/line:hash://sha256/8b20b8ebd7b5bd963ba9f45ca371e7167e7d48b61e72aa14471a3e496be15a50!/L1,L932.tsv	N/A	N/A	N/A	N/A	N/A	N/A	N/A	N/A	N/A	Myotis nustrale	Myotis nustrale	Myotis nustrale	Myotis nustrale	Myotis nustrale	Myotis nustrale
https://linker.bio/line:hash://sha256/8b20b8ebd7b5bd963ba9f45ca371e7167e7d48b61e72aa14471a3e496be15a50!/L1,L933.tsv	N/A	N/A	N/A	Myotis martiniquensis [synonym of]	Myotis martiniquensis nyctor	Myotis martiniquensis nyctor	Myotis nyctor	Myotis nyctor	Myotis nyctor	Myotis nyctor	Myotis nyctor	Myotis nyctor	Myotis nyctor	Myotis nyctor	Myotis nyctor
https://linker.bio/line:hash://sha256/8b20b8ebd7b5bd963ba9f45ca371e7167e7d48b61e72aa14471a3e496be15a50!/L1,L934.tsv	Myotis occultus	Myotis lucifugus [synonym of]	N/A	Myotis lucifugus [synonym of]	Myotis lucifugus occultus	Myotis occultus	Myotis occultus	Myotis occultus	Myotis occultus	Myotis occultus	Myotis occultus	Myotis occultus	Myotis occultus	Myotis occultus	Myotis occultus
https://linker.bio/line:hash://sha256/8b20b8ebd7b5bd963ba9f45ca371e7167e7d48b61e72aa14471a3e496be15a50!/L1,L935.tsv	Myotis oxyotus	Myotis oxyotus	Myotis oxyotus	Myotis oxyotus	Myotis oxyotus	Myotis oxyotus	Myotis oxyotus	Myotis oxyotus	Myotis oxyotus	Myotis oxyotus	Myotis oxyotus	Myotis oxyotus	Myotis oxyotus	Myotis oxyotus	Myotis oxyotus
https://linker.bio/line:hash://sha256/8b20b8ebd7b5bd963ba9f45ca371e7167e7d48b61e72aa14471a3e496be15a50!/L1,L936.tsv	N/A	N/A	N/A	N/A	N/A	N/A	N/A	Myotis pampa	Myotis pampa	N/A	Myotis pampa	Myotis pampa	Myotis pampa	Myotis pampa	Myotis pampa
https://linker.bio/line:hash://sha256/8b20b8ebd7b5bd963ba9f45ca371e7167e7d48b61e72aa14471a3e496be15a50!/L1,L937.tsv	Myotis pequinius	Myotis pequinius	Myotis pequinius	Myotis pequinius	Myotis pequinius	Myotis pequinius	Myotis pequinius	Myotis pequinius	Myotis pequinius	Myotis pequinius	Myotis pequinius	Myotis pequinius	Myotis pequinius	Myotis pequinius	Myotis pequinius
https://linker.bio/line:hash://sha256/8b20b8ebd7b5bd963ba9f45ca371e7167e7d48b61e72aa14471a3e496be15a50!/L1,L938.tsv	N/A	N/A	Myotis daubentonii [synonym of]	Myotis daubentoni [synonym of]	Myotis daubentoni petax	Myotis daubentoni petax	Myotis petax	Myotis petax	Myotis petax	Myotis petax	Myotis petax	Myotis petax	Myotis petax	Myotis petax	Myotis petax
https://linker.bio/line:hash://sha256/8b20b8ebd7b5bd963ba9f45ca371e7167e7d48b61e72aa14471a3e496be15a50!/L1,L939.tsv	Myotis abei	Myotis abei	Myotis abei	N/A	Myotis abei	N/A	Myotis petax petax [synonym of]	Myotis petax petax [synonym of]	Myotis petax [synonym of]	N/A	Myotis petax petax [synonym of]	Myotis petax [synonym of]	Myotis petax [synonym of]	 	Myotis petax ussuriensis [synonym of]
https://linker.bio/line:hash://sha256/8b20b8ebd7b5bd963ba9f45ca371e7167e7d48b61e72aa14471a3e496be15a50!/L1,L940.tsv	N/A	Myotis montivagus [synonym of]	N/A	Myotis montivagus [synonym of]	Myotis montivagus peytoni	Myotis montivagus peytoni	Myotis peytoni	Myotis peytoni	Myotis peytoni	Myotis peytoni	Myotis peytoni	Myotis peytoni	Myotis peytoni	Myotis peytoni	Myotis peytoni
https://linker.bio/line:hash://sha256/8b20b8ebd7b5bd963ba9f45ca371e7167e7d48b61e72aa14471a3e496be15a50!/L1,L941.tsv	N/A	N/A	N/A	N/A	N/A	N/A	Myotis phanluongi	Myotis phanluongi	Myotis phanluongi	N/A	Myotis phanluongi	Myotis phanluongi	Myotis phanluongi	Myotis phanluongi	Myotis phanluongi
https://linker.bio/line:hash://sha256/8b20b8ebd7b5bd963ba9f45ca371e7167e7d48b61e72aa14471a3e496be15a50!/L1,L942.tsv	N/A	N/A	N/A	N/A	N/A	Myotis keaysi pilosotibialis	Myotis pilosatibialis	Myotis pilosatibialis	Myotis pilosatibialis	N/A	Myotis pilosatibialis	Myotis pilosatibialis	Myotis pilosatibialis	Myotis pilosatibialis	Myotis pilosatibialis
https://linker.bio/line:hash://sha256/8b20b8ebd7b5bd963ba9f45ca371e7167e7d48b61e72aa14471a3e496be15a50!/L1,L943.tsv	N/A	Myotis ricketti [synonym of]	N/A	N/A	Myotis pilosus	Myotis ricketti [synonym of]	Myotis pilosus	Myotis pilosus	Myotis pilosus	Myotis pilosus	Myotis pilosus	Myotis pilosus	Myotis pilosus	Myotis pilosus	Myotis pilosus
https://linker.bio/line:hash://sha256/8b20b8ebd7b5bd963ba9f45ca371e7167e7d48b61e72aa14471a3e496be15a50!/L1,L944.tsv	Myotis ricketti	Myotis ricketti	Myotis ricketti	N/A	N/A	N/A	N/A	Myotis pilosus pilosus [synonym of]	Myotis pilosus [synonym of]	Myotis pilosus [synonym of]	Myotis pilosus pilosus [synonym of]	Myotis pilosus [synonym of]	Myotis pilosus [synonym of]	 	Myotis pilosus [synonym of]
https://linker.bio/line:hash://sha256/8b20b8ebd7b5bd963ba9f45ca371e7167e7d48b61e72aa14471a3e496be15a50!/L1,L945.tsv	Myotis planiceps	Myotis planiceps	Myotis planiceps	Myotis planiceps	Myotis planiceps	Myotis planiceps	Myotis planiceps	Myotis planiceps	Myotis planiceps	Myotis planiceps	Myotis planiceps	Myotis planiceps	Myotis planiceps	Myotis planiceps	Myotis planiceps
https://linker.bio/line:hash://sha256/8b20b8ebd7b5bd963ba9f45ca371e7167e7d48b61e72aa14471a3e496be15a50!/L1,L946.tsv	Myotis pruinosus	Myotis pruinosus	Myotis pruinosus	Myotis pruinosus	Myotis pruinosus	Myotis pruinosus	Myotis pruinosus	Myotis pruinosus	Myotis pruinosus	Myotis pruinosus	Myotis pruinosus	Myotis pruinosus	Myotis pruinosus	Myotis pruinosus	Myotis pruinosus
https://linker.bio/line:hash://sha256/8b20b8ebd7b5bd963ba9f45ca371e7167e7d48b61e72aa14471a3e496be15a50!/L1,L947.tsv	N/A	N/A	N/A	Myotis blythii [synonym of]	Myotis blythii punicus	Myotis punicus	Myotis punicus	Myotis punicus	Myotis punicus	Myotis punicus	Myotis punicus	Myotis punicus	Myotis punicus	Myotis punicus	Myotis punicus
https://linker.bio/line:hash://sha256/8b20b8ebd7b5bd963ba9f45ca371e7167e7d48b61e72aa14471a3e496be15a50!/L1,L948.tsv	Myotis ridleyi	Myotis ridleyi	Myotis ridleyi	Myotis ridleyi	Myotis ridleyi	Myotis ridleyi	Myotis ridleyi	Myotis ridleyi	Myotis ridleyi	Myotis ridleyi	Myotis ridleyi	Myotis ridleyi	Myotis ridleyi	Myotis ridleyi	Myotis ridleyi
https://linker.bio/line:hash://sha256/8b20b8ebd7b5bd963ba9f45ca371e7167e7d48b61e72aa14471a3e496be15a50!/L1,L949.tsv	Myotis riparius	Myotis riparius	Myotis riparius	Myotis riparius	Myotis riparius	Myotis riparius	Myotis riparius	Myotis riparius	Myotis riparius	Myotis riparius	Myotis riparius	Myotis riparius	Myotis riparius	Myotis riparius	Myotis riparius
https://linker.bio/line:hash://sha256/8b20b8ebd7b5bd963ba9f45ca371e7167e7d48b61e72aa14471a3e496be15a50!/L1,L950.tsv	Myotis rosseti	Myotis rosseti	Myotis rosseti	Myotis rosseti	Myotis rosseti	Myotis rosseti	Myotis rosseti	Myotis rosseti	Myotis rosseti	Myotis rosseti	Myotis rosseti	Myotis rosseti	Myotis rosseti	Myotis rosseti	Myotis rosseti
https://linker.bio/line:hash://sha256/8b20b8ebd7b5bd963ba9f45ca371e7167e7d48b61e72aa14471a3e496be15a50!/L1,L951.tsv	Myotis ruber	Myotis ruber	Myotis ruber	Myotis ruber	Myotis ruber	Myotis ruber	Myotis ruber	Myotis ruber	Myotis ruber	Myotis ruber	Myotis ruber	Myotis ruber	Myotis ruber	Myotis ruber	Myotis ruber
https://linker.bio/line:hash://sha256/8b20b8ebd7b5bd963ba9f45ca371e7167e7d48b61e72aa14471a3e496be15a50!/L1,L952.tsv	N/A	N/A	N/A	Myotis formosus [synonym of]	Myotis formosus rufoniger	Myotis formosus rufoniger	Myotis rufoniger	Myotis rufoniger	Myotis rufoniger	Myotis rufoniger	Myotis rufoniger	Myotis rufoniger	Myotis rufoniger	Myotis rufoniger	Myotis rufoniger
https://linker.bio/line:hash://sha256/8b20b8ebd7b5bd963ba9f45ca371e7167e7d48b61e72aa14471a3e496be15a50!/L1,L953.tsv	Myotis rufopictus	Myotis formosus [synonym of]	Myotis formosus [synonym of]	Myotis formosus [synonym of]	Myotis formosus rufopictus	Myotis formosus rufopictus	Myotis rufopictus	Myotis rufopictus	Myotis rufopictus	Myotis rufopictus	Myotis rufopictus	Myotis rufopictus	Myotis rufopictus	Myotis rufopictus	Myotis rufopictus
https://linker.bio/line:hash://sha256/8b20b8ebd7b5bd963ba9f45ca371e7167e7d48b61e72aa14471a3e496be15a50!/L1,L954.tsv	N/A	N/A	Myotis schaubi	Myotis schaubi	Myotis schaubi	Myotis schaubi	Myotis schaubi	Myotis schaubi	Myotis schaubi	Myotis schaubi	Myotis schaubi	Myotis schaubi	Myotis schaubi	Myotis schaubi	Myotis schaubi
https://linker.bio/line:hash://sha256/8b20b8ebd7b5bd963ba9f45ca371e7167e7d48b61e72aa14471a3e496be15a50!/L1,L955.tsv	Myotis scotti	Myotis scotti	Myotis scotti	Myotis scotti	Myotis scotti	Myotis scotti	Myotis scotti	Myotis scotti	Myotis scotti	Myotis scotti	Myotis scotti	Myotis scotti	Myotis scotti	Myotis scotti	Myotis scotti
https://linker.bio/line:hash://sha256/8b20b8ebd7b5bd963ba9f45ca371e7167e7d48b61e72aa14471a3e496be15a50!/L1,L956.tsv	N/A	N/A	N/A	N/A	N/A	N/A	Myotis secundus	Myotis secundus	Myotis secundus	Myotis secundus	Myotis secundus	Myotis secundus	Myotis secundus	Myotis secundus	Myotis secundus
https://linker.bio/line:hash://sha256/8b20b8ebd7b5bd963ba9f45ca371e7167e7d48b61e72aa14471a3e496be15a50!/L1,L957.tsv	N/A	Myotis keenii [synonym of]	Myotis keenii [synonym of]	Myotis keenii [synonym of]	Myotis keenii septentrionalis	Myotis septentrionalis	Myotis septentrionalis	Myotis septentrionalis	Myotis septentrionalis	Myotis septentrionalis	Myotis septentrionalis	Myotis septentrionalis	Myotis septentrionalis	Myotis septentrionalis	Myotis septentrionalis
https://linker.bio/line:hash://sha256/8b20b8ebd7b5bd963ba9f45ca371e7167e7d48b61e72aa14471a3e496be15a50!/L1,L958.tsv	N/A	N/A	N/A	Myotis brandti [synonym of]	N/A	Myotis brandti [synonym of]	Myotis sibiricus	Myotis sibiricus	Myotis sibiricus	Myotis sibiricus	Myotis sibiricus	Myotis sibiricus	Myotis sibiricus	Myotis sibiricus	Myotis sibiricus
https://linker.bio/line:hash://sha256/8b20b8ebd7b5bd963ba9f45ca371e7167e7d48b61e72aa14471a3e496be15a50!/L1,L959.tsv	Myotis sicarius	Myotis sicarius	Myotis sicarius	Myotis sicarius	Myotis sicarius	Myotis sicarius	Myotis sicarius	Myotis sicarius	Myotis sicarius	Myotis sicarius	Myotis sicarius	Myotis sicarius	Myotis sicarius	Myotis sicarius	Myotis sicarius
https://linker.bio/line:hash://sha256/8b20b8ebd7b5bd963ba9f45ca371e7167e7d48b61e72aa14471a3e496be15a50!/L1,L960.tsv	Myotis siligorensis	Myotis siligorensis	Myotis siligorensis	Myotis siligorensis	Myotis siligorensis	Myotis siligorensis	Myotis siligorensis	Myotis siligorensis	Myotis siligorensis	Myotis siligorensis	Myotis siligorensis	Myotis siligorensis	Myotis siligorensis	Myotis siligorensis	Myotis siligorensis
https://linker.bio/line:hash://sha256/8b20b8ebd7b5bd963ba9f45ca371e7167e7d48b61e72aa14471a3e496be15a50!/L1,L961.tsv	Myotis simus	Myotis simus	Myotis simus	Myotis simus	Myotis simus	Myotis simus	Myotis simus	Myotis simus	Myotis simus	Myotis simus	Myotis simus	Myotis simus	Myotis simus	Myotis simus	Myotis simus
https://linker.bio/line:hash://sha256/8b20b8ebd7b5bd963ba9f45ca371e7167e7d48b61e72aa14471a3e496be15a50!/L1,L962.tsv	Myotis sodalis	Myotis sodalis	Myotis sodalis	Myotis sodalis	Myotis sodalis	Myotis sodalis	Myotis sodalis	Myotis sodalis	Myotis sodalis	Myotis sodalis	Myotis sodalis	Myotis sodalis	Myotis sodalis	Myotis sodalis	Myotis sodalis
https://linker.bio/line:hash://sha256/8b20b8ebd7b5bd963ba9f45ca371e7167e7d48b61e72aa14471a3e496be15a50!/L1,L963.tsv	N/A	N/A	N/A	N/A	N/A	N/A	Myotis soror	Myotis soror	Myotis soror	Myotis soror	Myotis soror	Myotis soror	Myotis soror	Myotis soror	Myotis soror
https://linker.bio/line:hash://sha256/8b20b8ebd7b5bd963ba9f45ca371e7167e7d48b61e72aa14471a3e496be15a50!/L1,L964.tsv	N/A	N/A	N/A	Myotis siligorensis [synonym of]	Myotis siligorensis sowerbyi	Myotis siligorensis sowerbyi	Myotis siligorensis sowerbyi	Myotis sowerbyi	Myotis sowerbyi	N/A	Myotis sowerbyi	Myotis sowerbyi	Myotis sowerbyi	Myotis sowerbyi	Myotis sowerbyi
https://linker.bio/line:hash://sha256/8b20b8ebd7b5bd963ba9f45ca371e7167e7d48b61e72aa14471a3e496be15a50!/L1,L965.tsv	Myotis stalkeri	Myotis stalkeri	Myotis stalkeri	Myotis stalkeri	Myotis stalkeri	Myotis stalkeri	Myotis stalkeri	Myotis stalkeri	Myotis stalkeri	Myotis stalkeri	Myotis stalkeri	Myotis stalkeri	Myotis stalkeri	Myotis stalkeri	Myotis stalkeri
https://linker.bio/line:hash://sha256/8b20b8ebd7b5bd963ba9f45ca371e7167e7d48b61e72aa14471a3e496be15a50!/L1,L966.tsv	Myotis thysanodes	Myotis thysanodes	Myotis thysanodes	Myotis thysanodes	Myotis thysanodes	Myotis thysanodes	Myotis thysanodes	Myotis thysanodes	Myotis thysanodes	Myotis thysanodes	Myotis thysanodes	Myotis thysanodes	Myotis thysanodes	Myotis thysanodes	Myotis thysanodes
https://linker.bio/line:hash://sha256/8b20b8ebd7b5bd963ba9f45ca371e7167e7d48b61e72aa14471a3e496be15a50!/L1,L967.tsv	Myotis tricolor	Myotis tricolor	Myotis tricolor	Myotis tricolor	Myotis tricolor	Myotis tricolor	Myotis tricolor	Myotis tricolor	Myotis tricolor	Myotis tricolor	Myotis tricolor	Myotis tricolor	Myotis tricolor	Myotis tricolor	Myotis tricolor
https://linker.bio/line:hash://sha256/8b20b8ebd7b5bd963ba9f45ca371e7167e7d48b61e72aa14471a3e496be15a50!/L1,L968.tsv	Eptesicus loveni	Eptesicus loveni	Myotis tricolor [synonym of]	Myotis tricolor [synonym of]	N/A	Myotis tricolor [synonym of]	N/A	Myotis tricolor tricolor [synonym of]	Myotis tricolor [synonym of]	N/A	Myotis tricolor tricolor [synonym of]	Myotis tricolor [synonym of]	Myotis tricolor [synonym of]	 	Myotis tricolor [synonym of]
https://linker.bio/line:hash://sha256/8b20b8ebd7b5bd963ba9f45ca371e7167e7d48b61e72aa14471a3e496be15a50!/L1,L969.tsv	N/A	N/A	N/A	Myotis nattereri [synonym of]	Myotis nattereri tschuliensis	Myotis nattereri tschuliensis	Myotis nattereri tschuliensis	Myotis tschuliensis	Myotis tschuliensis	N/A	Myotis tschuliensis	Myotis tschuliensis	Myotis tschuliensis	Myotis tschuliensis	Myotis tschuliensis
https://linker.bio/line:hash://sha256/8b20b8ebd7b5bd963ba9f45ca371e7167e7d48b61e72aa14471a3e496be15a50!/L1,L970.tsv	Myotis velifer	Myotis velifer	Myotis velifer	Myotis velifer	Myotis velifer	Myotis velifer	Myotis velifer	Myotis velifer	Myotis velifer	Myotis velifer	Myotis velifer	Myotis velifer	Myotis velifer	Myotis velifer	Myotis velifer
https://linker.bio/line:hash://sha256/8b20b8ebd7b5bd963ba9f45ca371e7167e7d48b61e72aa14471a3e496be15a50!/L1,L971.tsv	Myotis peninsularis	Myotis peninsularis	Myotis peninsularis	N/A	Myotis peninsularis	Myotis peninsularis	Myotis peninsularis	Myotis velifer velifer [synonym of]	Myotis velifer [synonym of]	Myotis peninsularis	Myotis velifer peninsularis	Myotis velifer [synonym of]	Myotis velifer [synonym of]	 	Myotis velifer peninsularis
https://linker.bio/line:hash://sha256/8b20b8ebd7b5bd963ba9f45ca371e7167e7d48b61e72aa14471a3e496be15a50!/L1,L972.tsv	Pizonyx vivesi	Myotis vivesi	Pizonyx vivesi	Myotis vivesi	Myotis vivesi	Myotis vivesi	Myotis vivesi	Myotis vivesi	Myotis vivesi	Myotis vivesi	Myotis vivesi	Myotis vivesi	Myotis vivesi	Myotis vivesi	Myotis vivesi
https://linker.bio/line:hash://sha256/8b20b8ebd7b5bd963ba9f45ca371e7167e7d48b61e72aa14471a3e496be15a50!/L1,L973.tsv	Myotis volans	Myotis volans	Myotis volans	Myotis volans	Myotis volans	Myotis volans	Myotis volans	Myotis volans	Myotis volans	Myotis volans	Myotis volans	Myotis volans	Myotis volans	Myotis volans	Myotis volans
https://linker.bio/line:hash://sha256/8b20b8ebd7b5bd963ba9f45ca371e7167e7d48b61e72aa14471a3e496be15a50!/L1,L974.tsv	Myotis weberi	Myotis formosus [synonym of]	Myotis formosus [synonym of]	Myotis formosus [synonym of]	Myotis formosus weberi	Myotis formosus weberi	Myotis weberi	Myotis weberi	Myotis weberi	Myotis weberi	Myotis weberi	Myotis weberi	Myotis weberi	Myotis weberi	Myotis weberi
https://linker.bio/line:hash://sha256/8b20b8ebd7b5bd963ba9f45ca371e7167e7d48b61e72aa14471a3e496be15a50!/L1,L975.tsv	Myotis welwitschi	Myotis welwitschii	Myotis welwitschii	Myotis welwitschii	Myotis welwitschii	Myotis welwitschii	Myotis welwitschii	Myotis welwitschii	Myotis welwitschii	Myotis welwitschii	Myotis welwitschii	Myotis welwitschii	Myotis welwitschii	Myotis welwitschii	Myotis welwitschii
https://linker.bio/line:hash://sha256/8b20b8ebd7b5bd963ba9f45ca371e7167e7d48b61e72aa14471a3e496be15a50!/L1,L976.tsv	N/A	N/A	N/A	N/A	N/A	Myotis yanbarensis	Myotis yanbarensis	Myotis yanbarensis	Myotis yanbarensis	Myotis yanbarensis	Myotis yanbarensis	Myotis yanbarensis	Myotis yanbarensis	Myotis yanbarensis	Myotis yanbarensis
https://linker.bio/line:hash://sha256/8b20b8ebd7b5bd963ba9f45ca371e7167e7d48b61e72aa14471a3e496be15a50!/L1,L977.tsv	Myotis yumanensis	Myotis yumanensis	Myotis yumanensis	Myotis yumanensis	Myotis yumanensis	Myotis yumanensis	Myotis yumanensis	Myotis yumanensis	Myotis yumanensis	Myotis yumanensis	Myotis yumanensis	Myotis yumanensis	Myotis yumanensis	Myotis yumanensis	Myotis yumanensis
https://linker.bio/line:hash://sha256/8b20b8ebd7b5bd963ba9f45ca371e7167e7d48b61e72aa14471a3e496be15a50!/L1,L978.tsv	N/A	N/A	N/A	N/A	N/A	N/A	Myotis zenatius	Myotis zenatius	Myotis zenatius	N/A	Myotis zenatius	Myotis zenatius	Myotis zenatius	Myotis zenatius	Myotis zenatius
https://linker.bio/line:hash://sha256/8b20b8ebd7b5bd963ba9f45ca371e7167e7d48b61e72aa14471a3e496be15a50!/L1,L979.tsv	N/A	N/A	Mystacina robusta	Mystacina robusta	Mystacina robusta	Mystacina robusta	Mystacina robusta	Mystacina robusta	Mystacina robusta	Mystacina robusta	Mystacina robusta	Mystacina robusta	Mystacina robusta	Mystacina robusta	Mystacina robusta
https://linker.bio/line:hash://sha256/8b20b8ebd7b5bd963ba9f45ca371e7167e7d48b61e72aa14471a3e496be15a50!/L1,L980.tsv	Mystacina tuberculata	Mystacina tuberculata	Mystacina tuberculata	Mystacina tuberculata	Mystacina tuberculata	Mystacina tuberculata	Mystacina tuberculata	Mystacina tuberculata	Mystacina tuberculata	Mystacina tuberculata	Mystacina tuberculata	Mystacina tuberculata	Mystacina tuberculata	Mystacina tuberculata	Mystacina tuberculata
https://linker.bio/line:hash://sha256/8b20b8ebd7b5bd963ba9f45ca371e7167e7d48b61e72aa14471a3e496be15a50!/L1,L981.tsv	Myzopoda aurita	Myzopoda aurita	Myzopoda aurita	Myzopoda aurita	Myzopoda aurita	Myzopoda aurita	Myzopoda aurita	Myzopoda aurita	Myzopoda aurita	Myzopoda aurita	Myzopoda aurita	Myzopoda aurita	Myzopoda aurita	Myzopoda aurita	Myzopoda aurita
https://linker.bio/line:hash://sha256/8b20b8ebd7b5bd963ba9f45ca371e7167e7d48b61e72aa14471a3e496be15a50!/L1,L982.tsv	N/A	N/A	N/A	N/A	N/A	N/A	Myzopoda schliemanni	Myzopoda schliemanni	Myzopoda schliemanni	Myzopoda schliemanni	Myzopoda schliemanni	Myzopoda schliemanni	Myzopoda schliemanni	Myzopoda schliemanni	Myzopoda schliemanni
https://linker.bio/line:hash://sha256/8b20b8ebd7b5bd963ba9f45ca371e7167e7d48b61e72aa14471a3e496be15a50!/L1,L983.tsv	N/A	N/A	N/A	N/A	N/A	N/A	Murina fanjingshanensis	Murina fanjingshanensis	Murina fanjingshanensis	N/A	Murina fanjingshanensis	Murina fanjingshanensis	Murina fanjingshanensis	 	N/A
https://linker.bio/line:hash://sha256/8b20b8ebd7b5bd963ba9f45ca371e7167e7d48b61e72aa14471a3e496be15a50!/L1,L984.tsv	Phyllonycteris major	N/A	Phyllonycteris major	N/A	N/A	N/A	N/A	N/A	N/A	N/A	N/A	N/A	N/A	 	N/A
https://linker.bio/line:hash://sha256/8b20b8ebd7b5bd963ba9f45ca371e7167e7d48b61e72aa14471a3e496be15a50!/L1,L985.tsv	N/A	N/A	N/A	N/A	N/A	Mormoops magna [extinct]	N/A	N/A	N/A	N/A	N/A	N/A	N/A	 	N/A
https://linker.bio/line:hash://sha256/8b20b8ebd7b5bd963ba9f45ca371e7167e7d48b61e72aa14471a3e496be15a50!/L1,L986.tsv	N/A	N/A	N/A	N/A	N/A	Pteronotus pristinus (fossil)	N/A	N/A	N/A	N/A	N/A	N/A	N/A	 	N/A
https://linker.bio/line:hash://sha256/8b20b8ebd7b5bd963ba9f45ca371e7167e7d48b61e72aa14471a3e496be15a50!/L1,L987.tsv	N/A	N/A	N/A	N/A	N/A	Myotis oreias (nomen dubium Kerivoula)	(Kerivoula oreias - nomen dubium?)	N/A	N/A	Myotis oreias	N/A	N/A	N/A	 	N/A
https://linker.bio/line:hash://sha256/8b20b8ebd7b5bd963ba9f45ca371e7167e7d48b61e72aa14471a3e496be15a50!/L1,L988.tsv	Myotis oreias	Myotis oreias	Myotis oreias	N/A	Myotis oreias	N/A	N/A	N/A	N/A	N/A	N/A	N/A	Vespertilio oreias [synonym of]	 	N/A
https://linker.bio/line:hash://sha256/8b20b8ebd7b5bd963ba9f45ca371e7167e7d48b61e72aa14471a3e496be15a50!/L1,L989.tsv	Nanonycteris veldkampi	Nanonycteris veldkampi	Nanonycteris veldkampii	Nanonycteris veldkampi	Nanonycteris veldkampi	Nanonycteris veldkampii	Nanonycteris veldkampii	Nanonycteris veldkampii	Nanonycteris veldkampii	Nanonycteris veldkampii	Nanonycteris veldkampii	Nanonycteris veldkampii	Nanonycteris veldkampii	Nanonycteris veldkampii	Nanonycteris veldkampii
https://linker.bio/line:hash://sha256/8b20b8ebd7b5bd963ba9f45ca371e7167e7d48b61e72aa14471a3e496be15a50!/L1,L990.tsv	N/A	N/A	N/A	Natalus stramineus [synonym of]	Natalus stramineus jamaicensis	Natalus jamaicensis	Natalus jamaicensis	Natalus jamaicensis	Natalus jamaicensis	Natalus jamaicensis	Natalus jamaicensis	Natalus jamaicensis	Natalus jamaicensis	Natalus jamaicensis	Natalus jamaicensis
https://linker.bio/line:hash://sha256/8b20b8ebd7b5bd963ba9f45ca371e7167e7d48b61e72aa14471a3e496be15a50!/L1,L991.tsv	N/A	N/A	N/A	N/A	N/A	Natalus stramineus espiritosantensis [synonym of]	Natalus macrourus	Natalus macrourus	Natalus macrourus	Natalus espiritosantensis	Natalus macrourus	Natalus macrourus	Natalus macrourus	Natalus macrourus	Natalus macrourus
https://linker.bio/line:hash://sha256/8b20b8ebd7b5bd963ba9f45ca371e7167e7d48b61e72aa14471a3e496be15a50!/L1,L992.tsv	Natalus major	Natalus stramineus [synonym of]	Natalus stramineus [synonym of]	Natalus stramineus [synonym of]	Natalus stramineus major	Natalus major	Natalus major	Natalus major	Natalus major	Natalus major	Natalus major	Natalus major	Natalus major	Natalus major	Natalus major
https://linker.bio/line:hash://sha256/8b20b8ebd7b5bd963ba9f45ca371e7167e7d48b61e72aa14471a3e496be15a50!/L1,L993.tsv	N/A	Natalus stramineus [synonym of]	N/A	Natalus stramineus [synonym of]	Natalus stramineus mexicanus	Natalus stramineus mexicanus	Natalus mexicanus	Natalus mexicanus	Natalus mexicanus	Natalus mexicanus	Natalus mexicanus	Natalus mexicanus	Natalus mexicanus	Natalus mexicanus	Natalus mexicanus
https://linker.bio/line:hash://sha256/8b20b8ebd7b5bd963ba9f45ca371e7167e7d48b61e72aa14471a3e496be15a50!/L1,L994.tsv	N/A	N/A	N/A	N/A	N/A	N/A	Natalus lanatus	Natalus mexicanus [synonym of]	Natalus lanatus	N/A	N/A	N/A	Natalus mexicanus [synonym of]	 	Natalus mexicanus [synonym of]
https://linker.bio/line:hash://sha256/8b20b8ebd7b5bd963ba9f45ca371e7167e7d48b61e72aa14471a3e496be15a50!/L1,L995.tsv	N/A	Natalus stramineus [synonym of]	N/A	Natalus stramineus [synonym of]	N/A	Natalus primus	Natalus primus	Natalus primus	Natalus primus	Natalus primus	Natalus primus	Natalus primus	Natalus primus	Natalus primus	Natalus primus
https://linker.bio/line:hash://sha256/8b20b8ebd7b5bd963ba9f45ca371e7167e7d48b61e72aa14471a3e496be15a50!/L1,L996.tsv	Natalus stramineus	Natalus stramineus	Natalus stramineus	Natalus stramineus	Natalus stramineus	Natalus stramineus	Natalus stramineus	Natalus stramineus	Natalus stramineus	Natalus stramineus	Natalus stramineus	Natalus stramineus	Natalus stramineus	Natalus stramineus	Natalus stramineus
https://linker.bio/line:hash://sha256/8b20b8ebd7b5bd963ba9f45ca371e7167e7d48b61e72aa14471a3e496be15a50!/L1,L997.tsv	Natalus tumidirostris	Natalus tumidirostris	Natalus tumidirostris	Natalus tumidirostris	Natalus tumidirostris	Natalus tumidirostris	Natalus tumidirostris	Natalus tumidirostris	Natalus tumidirostris	Natalus tumidirostris	Natalus tumidirostris	Natalus tumidirostris	Natalus tumidirostris	Natalus tumidirostris	Natalus tumidirostris
https://linker.bio/line:hash://sha256/8b20b8ebd7b5bd963ba9f45ca371e7167e7d48b61e72aa14471a3e496be15a50!/L1,L998.tsv	Eptesicus brasiliensis [synonym of]	N/A	Eptesicus brasiliensis [synonym of]	Eptesicus brasiliensis [synonym of]	Eptesicus brasiliensis andinus	Eptesicus andinus	Eptesicus andinus	Eptesicus andinus	Eptesicus andinus	Eptesicus andinus	Eptesicus andinus	Eptesicus andinus	Neoeptesicus andinus	Neoeptesicus andinus	Neoeptesicus andinus
https://linker.bio/line:hash://sha256/8b20b8ebd7b5bd963ba9f45ca371e7167e7d48b61e72aa14471a3e496be15a50!/L1,L999.tsv	Eptesicus brasiliensis	Eptesicus brasiliensis	Eptesicus brasiliensis	Eptesicus brasiliensis	Eptesicus brasiliensis	Eptesicus brasiliensis	Eptesicus brasiliensis	Eptesicus brasiliensis	Eptesicus brasiliensis	Eptesicus brasiliensis	Eptesicus brasiliensis	Eptesicus brasiliensis	Neoeptesicus brasiliensis	Neoeptesicus brasiliensis	Neoeptesicus brasiliensis
https://linker.bio/line:hash://sha256/8b20b8ebd7b5bd963ba9f45ca371e7167e7d48b61e72aa14471a3e496be15a50!/L1,L1000.tsv	Eptesicus chiriquinus	Neoeptesicus brasiliensis [synonym of]	Eptesicus chiriquinus	Neoeptesicus brasiliensis [synonym of]	N/A	Eptesicus chiriquinus	Eptesicus chiriquinus	Eptesicus chiriquinus	Eptesicus chiriquinus	Eptesicus chiriquinus	Eptesicus chiriquinus	Eptesicus chiriquinus	Neoeptesicus chiriquinus	Neoeptesicus chiriquinus	Neoeptesicus chiriquinus
https://linker.bio/line:hash://sha256/8b20b8ebd7b5bd963ba9f45ca371e7167e7d48b61e72aa14471a3e496be15a50!/L1,L1001.tsv	Eptesicus diminutus	Eptesicus diminutus	Eptesicus diminutus	Eptesicus diminutus	Eptesicus diminutus	Eptesicus diminutus	Eptesicus diminutus	Eptesicus diminutus	Eptesicus diminutus	Eptesicus diminutus	Eptesicus diminutus	Eptesicus diminutus	Neoeptesicus diminutus	Neoeptesicus diminutus	Neoeptesicus diminutus
https://linker.bio/line:hash://sha256/8b20b8ebd7b5bd963ba9f45ca371e7167e7d48b61e72aa14471a3e496be15a50!/L1,L1002.tsv	Eptesicus furinalis	Eptesicus furinalis	Eptesicus furinalis	Eptesicus furinalis	Eptesicus furinalis	Eptesicus furinalis	Eptesicus furinalis	Eptesicus furinalis	Eptesicus furinalis	Eptesicus furinalis	Eptesicus furinalis	Eptesicus furinalis	Neoeptesicus furinalis	Neoeptesicus furinalis	Neoeptesicus furinalis
https://linker.bio/line:hash://sha256/8b20b8ebd7b5bd963ba9f45ca371e7167e7d48b61e72aa14471a3e496be15a50!/L1,L1003.tsv	Eptesicus innoxius	Eptesicus innoxius	Eptesicus innoxius	Eptesicus innoxius	Eptesicus innoxius	Eptesicus innoxius	Eptesicus innoxius	Eptesicus innoxius	Eptesicus innoxius	Eptesicus innoxius	Eptesicus innoxius	Eptesicus innoxius	Neoeptesicus innoxius	Neoeptesicus innoxius	Neoeptesicus innoxius
https://linker.bio/line:hash://sha256/8b20b8ebd7b5bd963ba9f45ca371e7167e7d48b61e72aa14471a3e496be15a50!/L1,L1004.tsv	N/A	N/A	N/A	N/A	N/A	N/A	N/A	Eptesicus langeri	Eptesicus langeri	N/A	Eptesicus langeri	Eptesicus langeri	Neoeptesicus langeri	Neoeptesicus langeri	Neoeptesicus langeri
https://linker.bio/line:hash://sha256/8b20b8ebd7b5bd963ba9f45ca371e7167e7d48b61e72aa14471a3e496be15a50!/L1,L1005.tsv	N/A	N/A	N/A	N/A	N/A	N/A	N/A	Eptesicus orinocensis	Eptesicus orinocensis	N/A	Eptesicus orinocensis	Eptesicus orinocensis	Neoeptesicus orinocensis	Neoeptesicus orinocensis	Neoeptesicus orinocensis
https://linker.bio/line:hash://sha256/8b20b8ebd7b5bd963ba9f45ca371e7167e7d48b61e72aa14471a3e496be15a50!/L1,L1006.tsv	N/A	N/A	N/A	N/A	N/A	N/A	Eptesicus taddeii	Eptesicus taddeii	Eptesicus taddeii	Eptesicus taddeii	Eptesicus taddeii	Eptesicus taddeii	Neoeptesicus taddeii	Neoeptesicus taddeii	Neoeptesicus taddeii
https://linker.bio/line:hash://sha256/8b20b8ebd7b5bd963ba9f45ca371e7167e7d48b61e72aa14471a3e496be15a50!/L1,L1007.tsv	N/A	N/A	N/A	N/A	N/A	N/A	Eptesicus ulapesensis	Eptesicus ulapesensis	Eptesicus ulapesensis	N/A	Eptesicus ulapesensis	Eptesicus ulapesensis	Neoeptesicus ulapesensis	Neoeptesicus ulapesensis	Neoeptesicus ulapesensis
https://linker.bio/line:hash://sha256/8b20b8ebd7b5bd963ba9f45ca371e7167e7d48b61e72aa14471a3e496be15a50!/L1,L1008.tsv	Micronycteris pusilla	Micronycteris pusilla	Micronycteris pusilla	Micronycteris pusilla	Micronycteris pusilla	Neonycteris pusilla	Neonycteris pusilla	Neonycteris pusilla	Neonycteris pusilla	Neonycteris pusilla	Neonycteris pusilla	Neonycteris pusilla	Neonycteris pusilla	Neonycteris pusilla	Neonycteris pusilla
https://linker.bio/line:hash://sha256/8b20b8ebd7b5bd963ba9f45ca371e7167e7d48b61e72aa14471a3e496be15a50!/L1,L1009.tsv	Neoplatymops mattogrossensis	Molossops mattogrossensis	Neoplatymops mattogrossensis	Molossops mattogrossensis	Molossops mattogrossensis	Molossops mattogrossensis	Neoplatymops mattogrossensis	Neoplatymops mattogrossensis	Neoplatymops mattogrossensis	Molossops mattogrossensis	Neoplatymops mattogrossensis	Neoplatymops mattogrossensis	Neoplatymops mattogrossensis	Neoplatymops mattogrossensis	Neoplatymops mattogrossensis
https://linker.bio/line:hash://sha256/8b20b8ebd7b5bd963ba9f45ca371e7167e7d48b61e72aa14471a3e496be15a50!/L1,L1010.tsv	Neopteryx frosti	Neopteryx frosti	Neopteryx frosti	Neopteryx frosti	Neopteryx frosti	Neopteryx frosti	Neopteryx frosti	Neopteryx frosti	Neopteryx frosti	Neopteryx frosti	Neopteryx frosti	Neopteryx frosti	Neopteryx frosti	Neopteryx frosti	Neopteryx frosti
https://linker.bio/line:hash://sha256/8b20b8ebd7b5bd963ba9f45ca371e7167e7d48b61e72aa14471a3e496be15a50!/L1,L1011.tsv	Pipistrellus anchietai	Pipistrellus anchietai	Pipistrellus anchietae	Pipistrellus anchietai	N/A	Hypsugo anchietae	Hypsugo anchieta	Neoromicia anchietae	Neoromicia anchieta	Pipistrellus anchietae	Neoromicia anchietae	Neoromicia anchietae	Neoromicia anchietae	Neoromicia anchietae	Neoromicia anchietae
https://linker.bio/line:hash://sha256/8b20b8ebd7b5bd963ba9f45ca371e7167e7d48b61e72aa14471a3e496be15a50!/L1,L1012.tsv	N/A	N/A	N/A	N/A	N/A	N/A	Hypsugo bemainty	Neoromicia bemainty	Neoromicia bemainty	Hypsugo bemainty	Neoromicia bemainty	Neoromicia bemainty	Neoromicia bemainty	Neoromicia bemainty	Neoromicia bemainty
https://linker.bio/line:hash://sha256/8b20b8ebd7b5bd963ba9f45ca371e7167e7d48b61e72aa14471a3e496be15a50!/L1,L1013.tsv	Eptesicus guineensis	Eptesicus guineensis	Pipistrellus guineensis	Eptesicus guineensis	Pipistrellus guineensis	Neoromicia guineensis	Neoromicia guineensis	Neoromicia guineensis	Neoromicia guineensis	Neoromicia guineensis	Neoromicia guineensis	Neoromicia guineensis	Neoromicia guineensis	Neoromicia guineensis	Neoromicia guineensis
https://linker.bio/line:hash://sha256/8b20b8ebd7b5bd963ba9f45ca371e7167e7d48b61e72aa14471a3e496be15a50!/L1,L1014.tsv	N/A	N/A	N/A	N/A	N/A	N/A	N/A	N/A	N/A	N/A	Neoromicia hlandzeni	Neoromicia hlandzeni	Neoromicia hlandzeni	Neoromicia hlandzeni	Neoromicia hlandzeni
https://linker.bio/line:hash://sha256/8b20b8ebd7b5bd963ba9f45ca371e7167e7d48b61e72aa14471a3e496be15a50!/L1,L1015.tsv	Eptesicus somalicus	Eptesicus somalicus	Pipistrellus somalicus	Eptesicus somalicus	Pipistrellus somalicus	Neoromicia somalicus	Neoromicia somalica	Neoromicia somalica	Neoromicia somalica	Neoromicia somalica	Neoromicia somalica	Neoromicia somalica	Neoromicia somalica	Neoromicia somalica	Neoromicia somalica
https://linker.bio/line:hash://sha256/8b20b8ebd7b5bd963ba9f45ca371e7167e7d48b61e72aa14471a3e496be15a50!/L1,L1016.tsv	Eptesicus zuluensis	Eptesicus somalicus [synonym of]	Pipistrellus somalica [synonym of]	Eptesicus somalicus [synonym of]	Pipistrellus somalica zuluensis	Neoromicia zuluensis	Neoromicia zuluensis	Neoromicia zuluensis	Neoromicia zuluensis	Neoromicia zuluensis	Neoromicia zuluensis	Neoromicia zuluensis	Neoromicia zuluensis	Neoromicia zuluensis	Neoromicia zuluensis
https://linker.bio/line:hash://sha256/8b20b8ebd7b5bd963ba9f45ca371e7167e7d48b61e72aa14471a3e496be15a50!/L1,L1017.tsv	N/A	N/A	N/A	N/A	N/A	Melonycteris fardoulisi	Nesonycteris fardoulisi	Nesonycteris fardoulisi	Nesonycteris fardoulisi	Melonycteris fardoulisi	Nesonycteris fardoulisi	Nesonycteris fardoulisi	Nesonycteris fardoulisi	Nesonycteris fardoulisi	Nesonycteris fardoulisi
https://linker.bio/line:hash://sha256/8b20b8ebd7b5bd963ba9f45ca371e7167e7d48b61e72aa14471a3e496be15a50!/L1,L1018.tsv	N/A	N/A	N/A	N/A	N/A	Melonycteris fardoulisi maccoyi	Melonycteris fardoulisi maccoyi	Melonycteris fardoulisi maccoyi	Melonycteris fardoulisi [synonym of]	N/A	Nesonycteris maccoyi	Nesonycteris maccoyi	Nesonycteris maccoyi	Nesonycteris maccoyi	Nesonycteris maccoyi
https://linker.bio/line:hash://sha256/8b20b8ebd7b5bd963ba9f45ca371e7167e7d48b61e72aa14471a3e496be15a50!/L1,L1019.tsv	N/A	N/A	N/A	N/A	N/A	Melonycteris fardoulisi mengermani	Melonycteris fardoulisi mengermani	Melonycteris fardoulisi mengermani	Melonycteris fardoulisi [synonym of]	N/A	Nesonycteris mengermani	Nesonycteris mengermani	Nesonycteris mengermani	Nesonycteris mengermani	Nesonycteris mengermani
https://linker.bio/line:hash://sha256/8b20b8ebd7b5bd963ba9f45ca371e7167e7d48b61e72aa14471a3e496be15a50!/L1,L1020.tsv	Nesonycteris woodfordi	Melonycteris woodfordi	Melonycteris woodfordi	Melonycteris woodfordi	Melonycteris woodfordi	Melonycteris woodfordi	Nesonycteris woodfordi	Nesonycteris woodfordi	Nesonycteris woodfordi	Melonycteris woodfordi	Nesonycteris woodfordi	Nesonycteris woodfordi	Nesonycteris woodfordi	Nesonycteris woodfordi	Nesonycteris woodfordi
https://linker.bio/line:hash://sha256/8b20b8ebd7b5bd963ba9f45ca371e7167e7d48b61e72aa14471a3e496be15a50!/L1,L1021.tsv	Nesonycteris aurantius	Melonycteris aurantius	Melonycteris aurantius	N/A	Melonycteris aurantius	Melonycteris woodfordi aurantius	Nesonycteris woodfordi aurantius	Nesonycteris woodfordi aurantius	Nesonycteris woodfordi [synonym of]	Nesonycteris woodfordi [synonym of]	Nesonycteris woodfordi aurantius	Nesonycteris woodfordi [synonym of]	Nesonycteris woodfordi [synonym of]	 	Nesonycteris woodfordi aurantia
https://linker.bio/line:hash://sha256/8b20b8ebd7b5bd963ba9f45ca371e7167e7d48b61e72aa14471a3e496be15a50!/L1,L1022.tsv	Noctilio albiventris	Noctilio albiventris	Noctilio albiventris	Noctilio albiventris	Noctilio albiventris	Noctilio albiventris	Noctilio albiventris	Noctilio albiventris	Noctilio albiventris	Noctilio albiventris	Noctilio albiventris	Noctilio albiventris	Noctilio albiventris	Noctilio albiventris	Noctilio albiventris
https://linker.bio/line:hash://sha256/8b20b8ebd7b5bd963ba9f45ca371e7167e7d48b61e72aa14471a3e496be15a50!/L1,L1023.tsv	Noctilio leporinus	Noctilio leporinus	Noctilio leporinus	Noctilio leporinus	Noctilio leporinus	Noctilio leporinus	Noctilio leporinus	Noctilio leporinus	Noctilio leporinus	Noctilio leporinus	Noctilio leporinus	Noctilio leporinus	Noctilio leporinus	Noctilio leporinus	Noctilio leporinus
https://linker.bio/line:hash://sha256/8b20b8ebd7b5bd963ba9f45ca371e7167e7d48b61e72aa14471a3e496be15a50!/L1,L1024.tsv	Notopteris macdonaldi	Notopteris macdonaldi	Notopteris macdonaldii	Notopteris macdonaldi	Notopteris macdonaldi	Notopteris macdonaldi	Notopteris macdonaldii	Notopteris macdonaldii	Notopteris macdonaldii	Notopteris macdonaldi	Notopteris macdonaldii	Notopteris macdonaldii	Notopteris macdonaldii	Notopteris macdonaldii	Notopteris macdonaldii
https://linker.bio/line:hash://sha256/8b20b8ebd7b5bd963ba9f45ca371e7167e7d48b61e72aa14471a3e496be15a50!/L1,L1025.tsv	N/A	Chalinolobus gouldii [synonym of]	N/A	Notopteris macdonaldi [synonym of]	Notopteris macdonaldi neocaledonica	Notopteris neocaledonica	Notopteris neocaledonicus	Notopteris neocaledonicus	Notopteris neocaledonicus	Notopteris neocaledonica	Notopteris neocaledonicus	Notopteris neocaledonicus	Notopteris neocaledonicus	Notopteris neocaledonicus	Notopteris neocaledonicus
https://linker.bio/line:hash://sha256/8b20b8ebd7b5bd963ba9f45ca371e7167e7d48b61e72aa14471a3e496be15a50!/L1,L1026.tsv	Nyctalus aviator	Nyctalus aviator	Nyctalus aviator	Nyctalus aviator	Nyctalus aviator	Nyctalus aviator	Nyctalus aviator	Nyctalus aviator	Nyctalus aviator	Nyctalus aviator	Nyctalus aviator	Nyctalus aviator	Nyctalus aviator	Nyctalus aviator	Nyctalus aviator
https://linker.bio/line:hash://sha256/8b20b8ebd7b5bd963ba9f45ca371e7167e7d48b61e72aa14471a3e496be15a50!/L1,L1027.tsv	N/A	Nyctalus leisleri [synonym of]	Nyctalus azoreum	Nyctalus azoreum	N/A	Nyctalus azoreum	Nyctalus azoreum	Nyctalus azoreum	Nyctalus azoreum	Nyctalus azoreum	Nyctalus azoreum	Nyctalus azoreum	Nyctalus azoreum	Nyctalus azoreum	Nyctalus azoreum
https://linker.bio/line:hash://sha256/8b20b8ebd7b5bd963ba9f45ca371e7167e7d48b61e72aa14471a3e496be15a50!/L1,L1028.tsv	N/A	Nyctalus noctula [synonym of]	N/A	Nyctalus noctula [synonym of]	Nyctalus noctula furvus	Nyctalus furvus	Nyctalus furvus	Nyctalus furvus	Nyctalus furvus	Nyctalus furvus	Nyctalus furvus	Nyctalus furvus	Nyctalus furvus	Nyctalus furvus	Nyctalus furvus
https://linker.bio/line:hash://sha256/8b20b8ebd7b5bd963ba9f45ca371e7167e7d48b61e72aa14471a3e496be15a50!/L1,L1029.tsv	Nyctalus lasiopterus	Nyctalus lasiopterus	Nyctalus lasiopterus	Nyctalus lasiopterus	Nyctalus lasiopterus	Nyctalus lasiopterus	Nyctalus lasiopterus	Nyctalus lasiopterus	Nyctalus lasiopterus	Nyctalus lasiopterus	Nyctalus lasiopterus	Nyctalus lasiopterus	Nyctalus lasiopterus	Nyctalus lasiopterus	Nyctalus lasiopterus
https://linker.bio/line:hash://sha256/8b20b8ebd7b5bd963ba9f45ca371e7167e7d48b61e72aa14471a3e496be15a50!/L1,L1030.tsv	Nyctalus leisleri	Nyctalus leisleri	Nyctalus leisleri	Nyctalus leisleri	Nyctalus leisleri	Nyctalus leisleri	Nyctalus leisleri	Nyctalus leisleri	Nyctalus leisleri	Nyctalus leisleri	Nyctalus leisleri	Nyctalus leisleri	Nyctalus leisleri	Nyctalus leisleri	Nyctalus leisleri
https://linker.bio/line:hash://sha256/8b20b8ebd7b5bd963ba9f45ca371e7167e7d48b61e72aa14471a3e496be15a50!/L1,L1031.tsv	Nyctalus montanus	Nyctalus montanus	Nyctalus montanus	Nyctalus montanus	Nyctalus montanus	Nyctalus montanus	Nyctalus montanus	Nyctalus montanus	Nyctalus montanus	Nyctalus montanus	Nyctalus montanus	Nyctalus montanus	Nyctalus montanus	Nyctalus montanus	Nyctalus montanus
https://linker.bio/line:hash://sha256/8b20b8ebd7b5bd963ba9f45ca371e7167e7d48b61e72aa14471a3e496be15a50!/L1,L1032.tsv	Nyctalus noctula	Nyctalus noctula	Nyctalus noctula	Nyctalus noctula	Nyctalus noctula	Nyctalus noctula	Nyctalus noctula	Nyctalus noctula	Nyctalus noctula	Nyctalus noctula	Nyctalus noctula	Nyctalus noctula	Nyctalus noctula	Nyctalus noctula	Nyctalus noctula
https://linker.bio/line:hash://sha256/8b20b8ebd7b5bd963ba9f45ca371e7167e7d48b61e72aa14471a3e496be15a50!/L1,L1033.tsv	N/A	N/A	N/A	N/A	N/A	Nyctalus plancyi	Nyctalus plancyi	Nyctalus plancyi	Nyctalus plancyi	Nyctalus plancyi	Nyctalus plancyi	Nyctalus plancyi	Nyctalus plancyi	Nyctalus plancyi	Nyctalus plancyi
https://linker.bio/line:hash://sha256/8b20b8ebd7b5bd963ba9f45ca371e7167e7d48b61e72aa14471a3e496be15a50!/L1,L1034.tsv	Nycteris arge	Nycteris arge	Nycteris arge	Nycteris arge	Nycteris arge	Nycteris arge	Nycteris arge	Nycteris arge	Nycteris arge	Nycteris arge	Nycteris arge	Nycteris arge	Nycteris arge	Nycteris arge	Nycteris arge
https://linker.bio/line:hash://sha256/8b20b8ebd7b5bd963ba9f45ca371e7167e7d48b61e72aa14471a3e496be15a50!/L1,L1035.tsv	N/A	Nycteris hispida [synonym of]	N/A	Nycteris hispida [synonym of]	Nycteris hispida aurita	Nycteris aurita	Nycteris aurita	Nycteris aurita	Nycteris aurita	Nycteris aurita	Nycteris aurita	Nycteris aurita	Nycteris aurita	Nycteris aurita	Nycteris aurita
https://linker.bio/line:hash://sha256/8b20b8ebd7b5bd963ba9f45ca371e7167e7d48b61e72aa14471a3e496be15a50!/L1,L1036.tsv	Nycteris gambiensis	Nycteris gambiensis	Nycteris gambiensis	Nycteris gambiensis	Nycteris gambiensis	Nycteris gambiensis	Nycteris gambiensis	Nycteris gambiensis	Nycteris gambiensis	Nycteris gambiensis	Nycteris gambiensis	Nycteris gambiensis	Nycteris gambiensis	Nycteris gambiensis	Nycteris gambiensis
https://linker.bio/line:hash://sha256/8b20b8ebd7b5bd963ba9f45ca371e7167e7d48b61e72aa14471a3e496be15a50!/L1,L1037.tsv	Nycteris grandis	Nycteris grandis	Nycteris grandis	Nycteris grandis	Nycteris grandis	Nycteris grandis	Nycteris grandis	Nycteris grandis	Nycteris grandis	Nycteris grandis	Nycteris grandis	Nycteris grandis	Nycteris grandis	Nycteris grandis	Nycteris grandis
https://linker.bio/line:hash://sha256/8b20b8ebd7b5bd963ba9f45ca371e7167e7d48b61e72aa14471a3e496be15a50!/L1,L1038.tsv	Nycteris hispida	Nycteris hispida	Nycteris hispida	Nycteris hispida	Nycteris hispida	Nycteris hispida	Nycteris hispida	Nycteris hispida	Nycteris hispida	Nycteris hispida	Nycteris hispida	Nycteris hispida	Nycteris hispida	Nycteris hispida	Nycteris hispida
https://linker.bio/line:hash://sha256/8b20b8ebd7b5bd963ba9f45ca371e7167e7d48b61e72aa14471a3e496be15a50!/L1,L1039.tsv	N/A	Nycteris arge [synonym of]	Nycteris intermedia	Nycteris intermedia	Nycteris intermedia	Nycteris intermedia	Nycteris intermedia	Nycteris intermedia	Nycteris intermedia	Nycteris intermedia	Nycteris intermedia	Nycteris intermedia	Nycteris intermedia	Nycteris intermedia	Nycteris intermedia
https://linker.bio/line:hash://sha256/8b20b8ebd7b5bd963ba9f45ca371e7167e7d48b61e72aa14471a3e496be15a50!/L1,L1040.tsv	Nycteris javanica	Nycteris javanica	Nycteris javanica	Nycteris javanica	Nycteris javanica	Nycteris javanica	Nycteris javanica	Nycteris javanica	Nycteris javanica	Nycteris javanica	Nycteris javanica	Nycteris javanica	Nycteris javanica	Nycteris javanica	Nycteris javanica
https://linker.bio/line:hash://sha256/8b20b8ebd7b5bd963ba9f45ca371e7167e7d48b61e72aa14471a3e496be15a50!/L1,L1041.tsv	Nycteris macrotis	Nycteris macrotis	Nycteris macrotis	Nycteris macrotis	Nycteris macrotis	Nycteris macrotis	Nycteris macrotis	Nycteris macrotis	Nycteris macrotis	Nycteris macrotis	Nycteris macrotis	Nycteris macrotis	Nycteris macrotis	Nycteris macrotis	Nycteris macrotis
https://linker.bio/line:hash://sha256/8b20b8ebd7b5bd963ba9f45ca371e7167e7d48b61e72aa14471a3e496be15a50!/L1,L1042.tsv	N/A	Nycteris madagascariensis	Nycteris madagascariensis	Nycteris macrotis [synonym of]	Nycteris macrotis madagascariensis	Nycteris madagascariensis	Nycteris madagascariensis	Nycteris macrotis [synonym of]	Nycteris macrotis [synonym of]	Nycteris madagascariensis	Nycteris macrotis macrotis [synonym of]	Nycteris macrotis [synonym of]	Nycteris macrotis [synonym of]	 	Nycteris macrotis [synonym of]
https://linker.bio/line:hash://sha256/8b20b8ebd7b5bd963ba9f45ca371e7167e7d48b61e72aa14471a3e496be15a50!/L1,L1043.tsv	N/A	Nycteris vinsoni	Nycteris vinsoni	Nycteris macrotis [synonym of]	Nycteris vinsoni	Nycteris vinsoni	N/A	Nycteris vinsoni	Nycteris macrotis [synonym of]	Nycteris vinsoni	Nycteris macrotis oriana [synonym of]	Nycteris macrotis [synonym of]	Nycteris macrotis [synonym of]	 	Nycteris macrotis oriana [synonym of]
https://linker.bio/line:hash://sha256/8b20b8ebd7b5bd963ba9f45ca371e7167e7d48b61e72aa14471a3e496be15a50!/L1,L1044.tsv	Nycteris major	Nycteris major	Nycteris major	Nycteris major	Nycteris major	Nycteris major	Nycteris major	Nycteris major	Nycteris major	Nycteris major	Nycteris major	Nycteris major	Nycteris major	Nycteris major	Nycteris major
https://linker.bio/line:hash://sha256/8b20b8ebd7b5bd963ba9f45ca371e7167e7d48b61e72aa14471a3e496be15a50!/L1,L1045.tsv	Nycteris nana	Nycteris nana	Nycteris nana	Nycteris nana	Nycteris nana	Nycteris nana	Nycteris nana	Nycteris nana	Nycteris nana	Nycteris nana	Nycteris nana	Nycteris nana	Nycteris nana	Nycteris nana	Nycteris nana
https://linker.bio/line:hash://sha256/8b20b8ebd7b5bd963ba9f45ca371e7167e7d48b61e72aa14471a3e496be15a50!/L1,L1046.tsv	Nycteris parisii	Nycteris parisii	Nycteris woodi [synonym of]	Nycteris woodi [synonym of]	Nycteris woodi parisii	Nycteris parisii	Nycteris parisii	Nycteris parisii	Nycteris parisii	Nycteris parisii	Nycteris parisii	Nycteris parisii	Nycteris parisii	Nycteris parisii	Nycteris parisii
https://linker.bio/line:hash://sha256/8b20b8ebd7b5bd963ba9f45ca371e7167e7d48b61e72aa14471a3e496be15a50!/L1,L1047.tsv	Nycteris thebaica	Nycteris thebaica	Nycteris thebaica	Nycteris thebaica	Nycteris thebaica	Nycteris thebaica	Nycteris thebaica	Nycteris thebaica	Nycteris thebaica	Nycteris thebaica	Nycteris thebaica	Nycteris thebaica	Nycteris thebaica	Nycteris thebaica	Nycteris thebaica
https://linker.bio/line:hash://sha256/8b20b8ebd7b5bd963ba9f45ca371e7167e7d48b61e72aa14471a3e496be15a50!/L1,L1048.tsv	N/A	Nycteris tragata	Nycteris tragata	Nycteris tragata	Nycteris tragata	Nycteris tragata	Nycteris tragata	Nycteris tragata	Nycteris tragata	Nycteris tragata	Nycteris tragata	Nycteris tragata	Nycteris tragata	Nycteris tragata	Nycteris tragata
https://linker.bio/line:hash://sha256/8b20b8ebd7b5bd963ba9f45ca371e7167e7d48b61e72aa14471a3e496be15a50!/L1,L1049.tsv	Nycteris woodi	Nycteris woodi	Nycteris woodi	Nycteris woodi	Nycteris woodi	Nycteris woodi	Nycteris woodi	Nycteris woodi	Nycteris woodi	Nycteris woodi	Nycteris woodi	Nycteris woodi	Nycteris woodi	Nycteris woodi	Nycteris woodi
https://linker.bio/line:hash://sha256/8b20b8ebd7b5bd963ba9f45ca371e7167e7d48b61e72aa14471a3e496be15a50!/L1,L1050.tsv	Nycticeius schlieffeni	Nycticeius schlieffeni	Nycticeinops schlieffenii	Nycticeius schlieffeni	Nycticeius schlieffeni	Nycticeinops schlieffeni	Nycticeinops schlieffenii	Nycticeinops schlieffeni	Nycticeinops schlieffenii	Nycticeinops schlieffeni	Nycticeinops schlieffenii	Nycticeinops schlieffenii	Nycticeinops schlieffenii	Nycticeinops schlieffenii	Nycticeinops schlieffenii
https://linker.bio/line:hash://sha256/8b20b8ebd7b5bd963ba9f45ca371e7167e7d48b61e72aa14471a3e496be15a50!/L1,L1051.tsv	N/A	N/A	N/A	N/A	N/A	Nycticeius aenobarbus	Nycticeius aenobarbus	Nycticeius aenobarbus	Nycticeius aenobarbus	Nycticeius aenobarbus	Nycticeius aenobarbus	Nycticeius aenobarbus	Nycticeius aenobarbus	Nycticeius aenobarbus	Nycticeius aenobarbus
https://linker.bio/line:hash://sha256/8b20b8ebd7b5bd963ba9f45ca371e7167e7d48b61e72aa14471a3e496be15a50!/L1,L1052.tsv	Nycticeius humeralis [synonym of]	Nycticeius humeralis [synonym of]	Nycticeius humeralis [synonym of]	Nycticeius humeralis [synonym of]	Nycticeius humeralis cubanus	Nycticeius cubanus	Nycticeius cubanus	Nycticeius cubanus	Nycticeius cubanus	Nycticeius cubanus	Nycticeius cubanus	Nycticeius cubanus	Nycticeius cubanus	Nycticeius cubanus	Nycticeius cubanus
https://linker.bio/line:hash://sha256/8b20b8ebd7b5bd963ba9f45ca371e7167e7d48b61e72aa14471a3e496be15a50!/L1,L1053.tsv	Nycticeius humeralis	Nycticeius humeralis	Nycticeius humeralis	Nycticeius humeralis	Nycticeius humeralis	Nycticeius humeralis	Nycticeius humeralis	Nycticeius humeralis	Nycticeius humeralis	Nycticeius humeralis	Nycticeius humeralis	Nycticeius humeralis	Nycticeius humeralis	Nycticeius humeralis	Nycticeius humeralis
https://linker.bio/line:hash://sha256/8b20b8ebd7b5bd963ba9f45ca371e7167e7d48b61e72aa14471a3e496be15a50!/L1,L1054.tsv	Natalus lepidus	Natalus lepidus	Natalus lepidus	Natalus lepidus	Natalus lepidus	Nyctiellus lepidus	Nyctiellus lepidus	Nyctiellus lepidus	Nyctiellus lepidus	Nyctiellus lepidus	Nyctiellus lepidus	Nyctiellus lepidus	Nyctiellus lepidus	Nyctiellus lepidus	Nyctiellus lepidus
https://linker.bio/line:hash://sha256/8b20b8ebd7b5bd963ba9f45ca371e7167e7d48b61e72aa14471a3e496be15a50!/L1,L1055.tsv	Nyctimene aello	Nyctimene aello	Nyctimene aello	Nyctimene aello	Nyctimene aello	Nyctimene aello	Nyctimene aello	Nyctimene aello	Nyctimene aello	Nyctimene aello	Nyctimene aello	Nyctimene aello	Nyctimene aello	Nyctimene aello	Nyctimene aello
https://linker.bio/line:hash://sha256/8b20b8ebd7b5bd963ba9f45ca371e7167e7d48b61e72aa14471a3e496be15a50!/L1,L1056.tsv	N/A	N/A	Nyctimene celaeno	N/A	Nyctimene celaeno	Nyctimene aello [synonym of]	Nyctimene aello [synonym of]	Nyctimene aello aello [synonym of]	Nyctimene aello [synonym of]	N/A	Nyctimene aello aello [synonym of]	Nyctimene aello [synonym of]	Nyctimene aello [synonym of]	 	Nyctimene aello [synonym of]
https://linker.bio/line:hash://sha256/8b20b8ebd7b5bd963ba9f45ca371e7167e7d48b61e72aa14471a3e496be15a50!/L1,L1057.tsv	Nyctimene albiventer	Nyctimene albiventer	Nyctimene albiventer	Nyctimene albiventer	Nyctimene albiventer	Nyctimene albiventer	Nyctimene albiventer	Nyctimene albiventer	Nyctimene albiventer	Nyctimene albiventer	Nyctimene albiventer	Nyctimene albiventer	Nyctimene albiventris	Nyctimene albiventris	Nyctimene albiventris
https://linker.bio/line:hash://sha256/8b20b8ebd7b5bd963ba9f45ca371e7167e7d48b61e72aa14471a3e496be15a50!/L1,L1058.tsv	Nyctimene minutus	Nyctimene minutus	Nyctimene minutus	N/A	Nyctimene minutus	N/A	Nyctimene albiventris [synonym of]	N/A	Nyctimene albiventris [synonym of]	N/A	N/A	N/A	Nyctimene albiventris [synonym of]	 	Nyctimene albiventris albiventris [synonym of]
https://linker.bio/line:hash://sha256/8b20b8ebd7b5bd963ba9f45ca371e7167e7d48b61e72aa14471a3e496be15a50!/L1,L1059.tsv	Nyctimene cephalotes	Nyctimene cephalotes	Nyctimene cephalotes	Nyctimene cephalotes	Nyctimene cephalotes	Nyctimene cephalotes	Nyctimene cephalotes	Nyctimene cephalotes	Nyctimene cephalotes	Nyctimene cephalotes	Nyctimene cephalotes	Nyctimene cephalotes	Nyctimene cephalotes	Nyctimene cephalotes	Nyctimene cephalotes
https://linker.bio/line:hash://sha256/8b20b8ebd7b5bd963ba9f45ca371e7167e7d48b61e72aa14471a3e496be15a50!/L1,L1060.tsv	N/A	N/A	N/A	Nyctimene certans	Nyctimene cyclotis certans	Nyctimene certans	Nyctimene certans	Nyctimene certans	Nyctimene certans	Nyctimene certans	Nyctimene certans	Nyctimene certans	Nyctimene certans	Nyctimene certans	Nyctimene certans
https://linker.bio/line:hash://sha256/8b20b8ebd7b5bd963ba9f45ca371e7167e7d48b61e72aa14471a3e496be15a50!/L1,L1061.tsv	Nyctimene cyclotis	Nyctimene cyclotis	Nyctimene cyclotis	Nyctimene cyclotis	Nyctimene cyclotis	Nyctimene cyclotis	Nyctimene cyclotis	Nyctimene cyclotis	Nyctimene cyclotis	Nyctimene cyclotis	Nyctimene cyclotis	Nyctimene cyclotis	Nyctimene cyclotis	Nyctimene cyclotis	Nyctimene cyclotis
https://linker.bio/line:hash://sha256/8b20b8ebd7b5bd963ba9f45ca371e7167e7d48b61e72aa14471a3e496be15a50!/L1,L1062.tsv	N/A	Nyctimene draconilla	Nyctimene draconilla	Nyctimene draconilla	Nyctimene draconilla	Nyctimene draconilla	Nyctimene draconilla	Nyctimene draconilla	Nyctimene draconilla	Nyctimene draconilla	Nyctimene draconilla	Nyctimene draconilla	Nyctimene draconilla	Nyctimene draconilla	Nyctimene draconilla
https://linker.bio/line:hash://sha256/8b20b8ebd7b5bd963ba9f45ca371e7167e7d48b61e72aa14471a3e496be15a50!/L1,L1063.tsv	N/A	N/A	N/A	N/A	N/A	Nyctimene keasti	Nyctimene keasti	Nyctimene keasti	Nyctimene keasti	Nyctimene keasti	Nyctimene keasti	Nyctimene keasti	Nyctimene keasti	Nyctimene keasti	Nyctimene keasti
https://linker.bio/line:hash://sha256/8b20b8ebd7b5bd963ba9f45ca371e7167e7d48b61e72aa14471a3e496be15a50!/L1,L1064.tsv	Nyctimene major	Nyctimene major	Nyctimene major	Nyctimene major	Nyctimene major	Nyctimene major	Nyctimene major	Nyctimene major	Nyctimene major	Nyctimene major	Nyctimene major	Nyctimene major	Nyctimene major	Nyctimene major	Nyctimene major
https://linker.bio/line:hash://sha256/8b20b8ebd7b5bd963ba9f45ca371e7167e7d48b61e72aa14471a3e496be15a50!/L1,L1065.tsv	Nyctimene malaitensis	Nyctimene malaitensis	Nyctimene malaitensis	Nyctimene malaitensis	Nyctimene malaitensis	Nyctimene malaitensis	Nyctimene malaitensis	Nyctimene malaitensis	Nyctimene malaitensis	Nyctimene malaitensis	Nyctimene malaitensis	Nyctimene malaitensis	Nyctimene malaitensis	Nyctimene malaitensis	Nyctimene malaitensis
https://linker.bio/line:hash://sha256/8b20b8ebd7b5bd963ba9f45ca371e7167e7d48b61e72aa14471a3e496be15a50!/L1,L1066.tsv	N/A	N/A	Nyctimene masalai	Nyctimene masalai	Nyctimene masalai	Nyctimene masalai	Nyctimene masalai	Nyctimene masalai	Nyctimene masalai	Nyctimene masalai	Nyctimene masalai	Nyctimene masalai	Nyctimene masalai	Nyctimene masalai	Nyctimene masalai
https://linker.bio/line:hash://sha256/8b20b8ebd7b5bd963ba9f45ca371e7167e7d48b61e72aa14471a3e496be15a50!/L1,L1067.tsv	N/A	N/A	Nyctimene rabori	Nyctimene rabori	Nyctimene rabori	Nyctimene rabori	Nyctimene rabori	Nyctimene rabori	Nyctimene rabori	Nyctimene rabori	Nyctimene rabori	Nyctimene rabori	Nyctimene rabori	Nyctimene rabori	Nyctimene rabori
https://linker.bio/line:hash://sha256/8b20b8ebd7b5bd963ba9f45ca371e7167e7d48b61e72aa14471a3e496be15a50!/L1,L1068.tsv	Nyctimene robinsoni	Nyctimene robinsoni	Nyctimene robinsoni	Nyctimene robinsoni	Nyctimene robinsoni	Nyctimene robinsoni	Nyctimene robinsoni	Nyctimene robinsoni	Nyctimene robinsoni	Nyctimene robinsoni	Nyctimene robinsoni	Nyctimene robinsoni	Nyctimene robinsoni	Nyctimene robinsoni	Nyctimene robinsoni
https://linker.bio/line:hash://sha256/8b20b8ebd7b5bd963ba9f45ca371e7167e7d48b61e72aa14471a3e496be15a50!/L1,L1069.tsv	Nyctimene sanctacrucis	Nyctimene sanctacrucis	Nyctimene sanctacrucis	Nyctimene sanctacrucis	Nyctimene sanctacrucis	Nyctimene sanctacrucis	Nyctimene major sanctacrucis	Nyctimene sanctacrucis	Nyctimene major	Nyctimene sanctacrucis	Nyctimene sanctacrucis	Nyctimene sanctacrucis	Nyctimene sanctacrucis	Nyctimene sanctacrucis	Nyctimene sanctacrucis
https://linker.bio/line:hash://sha256/8b20b8ebd7b5bd963ba9f45ca371e7167e7d48b61e72aa14471a3e496be15a50!/L1,L1070.tsv	N/A	N/A	N/A	N/A	Nyctimene minutus varius	Nyctimene minutus	Nyctimene varius	Nyctimene varius	Nyctimene varius	Nyctimene minutus	Nyctimene varia	Nyctimene varia	Nyctimene varia	Nyctimene varia	Nyctimene varia
https://linker.bio/line:hash://sha256/8b20b8ebd7b5bd963ba9f45ca371e7167e7d48b61e72aa14471a3e496be15a50!/L1,L1071.tsv	N/A	N/A	Nyctimene vizcaccia	Nyctimene vizcaccia	Nyctimene vizcaccia	Nyctimene vizcaccia	Nyctimene vizcaccia	Nyctimene vizcaccia	Nyctimene vizcaccia	Nyctimene vizcaccia	Nyctimene vizcaccia	Nyctimene vizcaccia	Nyctimene vizcaccia	Nyctimene vizcaccia	Nyctimene vizcaccia
https://linker.bio/line:hash://sha256/8b20b8ebd7b5bd963ba9f45ca371e7167e7d48b61e72aa14471a3e496be15a50!/L1,L1072.tsv	N/A	N/A	N/A	N/A	N/A	N/A	Nyctimene wrightae	Nyctimene wrightae	Nyctimene wrightae	N/A	Nyctimene wrightae	Nyctimene wrightae	Nyctimene wrightae	Nyctimene wrightae	Nyctimene wrightae
https://linker.bio/line:hash://sha256/8b20b8ebd7b5bd963ba9f45ca371e7167e7d48b61e72aa14471a3e496be15a50!/L1,L1073.tsv	Tadarida aurispinosa	Nyctinomops aurispinosus	Tadarida aurispinosa	Nyctinomops aurispinosus	Nyctinomops aurispinosus	Nyctinomops aurispinosus	Nyctinomops aurispinosus	Nyctinomops aurispinosus	Nyctinomops aurispinosus	Nyctinomops aurispinosus	Nyctinomops aurispinosus	Nyctinomops aurispinosus	Nyctinomops aurispinosus	Nyctinomops aurispinosus	Nyctinomops aurispinosus
https://linker.bio/line:hash://sha256/8b20b8ebd7b5bd963ba9f45ca371e7167e7d48b61e72aa14471a3e496be15a50!/L1,L1074.tsv	Tadarida femorosacca	Nyctinomops femorosaccus	Tadarida femorosacca	Nyctinomops femorosaccus	Nyctinomops femorosaccus	Nyctinomops femorosaccus	Nyctinomops femorosaccus	Nyctinomops femorosaccus	Nyctinomops femorosaccus	Nyctinomops femorosaccus	Nyctinomops femorosaccus	Nyctinomops femorosaccus	Nyctinomops femorosaccus	Nyctinomops femorosaccus	Nyctinomops femorosaccus
https://linker.bio/line:hash://sha256/8b20b8ebd7b5bd963ba9f45ca371e7167e7d48b61e72aa14471a3e496be15a50!/L1,L1075.tsv	Tadarida laticaudata	Nyctinomops laticaudatus	Tadarida laticaudata	Nyctinomops laticaudatus	Nyctinomops laticaudatus	Nyctinomops laticaudatus	Nyctinomops laticaudatus	Nyctinomops laticaudatus	Nyctinomops laticaudatus	Nyctinomops laticaudatus	Nyctinomops laticaudatus	Nyctinomops laticaudatus	Nyctinomops laticaudatus	Nyctinomops laticaudatus	Nyctinomops laticaudatus
https://linker.bio/line:hash://sha256/8b20b8ebd7b5bd963ba9f45ca371e7167e7d48b61e72aa14471a3e496be15a50!/L1,L1076.tsv	Tadarida europs	Nyctinomops laticaudatus [synonym of]	Tadarida laticaudata [synonym of]	Nyctinomops laticaudatus [synonym of]	Nyctinomops laticaudatus europs	Nyctinomops laticaudatus europs	Nyctinomops laticaudatus europs	Nyctinomops laticaudatus europs	Nyctinomops laticaudatus [synonym of]	Nyctinomops laticaudatus [synonym of]	Nyctinomops laticaudatus europs	Nyctinomops laticaudatus [synonym of]	Nyctinomops laticaudatus [synonym of]	 	Nyctinomops laticaudatus europs
https://linker.bio/line:hash://sha256/8b20b8ebd7b5bd963ba9f45ca371e7167e7d48b61e72aa14471a3e496be15a50!/L1,L1077.tsv	Tadarida gracilis	Nyctinomops laticaudatus [synonym of]	Tadarida laticaudata [synonym of]	Nyctinomops laticaudatus [synonym of]	N/A	Nyctinomops laticaudatus [synonym of]	Nyctinomops laticaudatus gracilis	Nyctinomops laticaudatus laticaudatus [synonym of]	Nyctinomops laticaudatus [synonym of]	Nyctinomops laticaudatus [synonym of]	Nyctinomops laticaudatus laticaudatus [synonym of]	Nyctinomops laticaudatus [synonym of]	Nyctinomops laticaudatus [synonym of]	 	Nyctinomops laticaudatus gracilis
https://linker.bio/line:hash://sha256/8b20b8ebd7b5bd963ba9f45ca371e7167e7d48b61e72aa14471a3e496be15a50!/L1,L1078.tsv	N/A	Tadarida espiritosantensis	N/A	Nyctinomops laticaudatus [synonym of]	N/A	Nyctinomops laticaudatus [synonym of]	N/A	Nyctinomops laticaudatus laticaudatus [synonym of]	Nyctinomops laticaudatus [synonym of]	Nyctinomops laticaudatus [synonym of]	Nyctinomops laticaudatus laticaudatus [synonym of]	Nyctinomops laticaudatus [synonym of]	Nyctinomops laticaudatus [synonym of]	 	Nyctinomops laticaudatus gracilis [synonym of]
https://linker.bio/line:hash://sha256/8b20b8ebd7b5bd963ba9f45ca371e7167e7d48b61e72aa14471a3e496be15a50!/L1,L1079.tsv	Tadarida yucatanica	Nyctinomops laticaudatus [synonym of]	Tadarida laticaudata [synonym of]	Nyctinomops laticaudatus	Nyctinomops laticaudatus yucatanica	Nyctinomops laticaudatus yucatanicus	Nyctinomops laticaudatus yucatanicus	Nyctinomops laticaudatus yucatanicus	Nyctinomops laticaudatus [synonym of]	Nyctinomops laticaudatus [synonym of]	Nyctinomops laticaudatus yucatanicus	Nyctinomops laticaudatus [synonym of]	Nyctinomops laticaudatus [synonym of]	 	Nyctinomops laticaudatus yucatanicus
https://linker.bio/line:hash://sha256/8b20b8ebd7b5bd963ba9f45ca371e7167e7d48b61e72aa14471a3e496be15a50!/L1,L1080.tsv	Tadarida macrotis	Nyctinomops macrotis	Tadarida macrotis	Nyctinomops macrotis	Nyctinomops macrotis	Nyctinomops macrotis	Nyctinomops macrotis	Nyctinomops macrotis	Nyctinomops macrotis	Nyctinomops macrotis	Nyctinomops macrotis	Nyctinomops macrotis	Nyctinomops macrotis	Nyctinomops macrotis	Nyctinomops macrotis
https://linker.bio/line:hash://sha256/8b20b8ebd7b5bd963ba9f45ca371e7167e7d48b61e72aa14471a3e496be15a50!/L1,L1081.tsv	N/A	N/A	N/A	N/A	N/A	N/A	N/A	N/A	N/A	N/A	N/A	N/A	Nyctinomops mbopicuare	Nyctinomops mbopicuare	Nyctinomops mbopicuare
https://linker.bio/line:hash://sha256/8b20b8ebd7b5bd963ba9f45ca371e7167e7d48b61e72aa14471a3e496be15a50!/L1,L1082.tsv	Tadarida aegyptiaca	Tadarida aegyptiaca	Tadarida aegyptiaca	Tadarida aegyptiaca	Tadarida aegyptiaca	Tadarida aegyptiaca	Tadarida aegyptiaca	Tadarida aegyptiaca	Tadarida aegyptiaca	Tadarida aegyptiaca	Tadarida aegyptiaca	Tadarida aegyptiaca	Tadarida aegyptiaca	Tadarida aegyptiaca	Nyctinomus aegyptiacus
https://linker.bio/line:hash://sha256/8b20b8ebd7b5bd963ba9f45ca371e7167e7d48b61e72aa14471a3e496be15a50!/L1,L1083.tsv	Nyctophilus arnhemensis	Nyctophilus arnhemensis	Nyctophilus arnhemensis	Nyctophilus arnhemensis	Nyctophilus arnhemensis	Nyctophilus arnhemensis	Nyctophilus arnhemensis	Nyctophilus arnhemensis	Nyctophilus arnhemensis	Nyctophilus arnhemensis	Nyctophilus arnhemensis	Nyctophilus arnhemensis	Nyctophilus arnhemensis	Nyctophilus arnhemensis	Nyctophilus arnhemensis
https://linker.bio/line:hash://sha256/8b20b8ebd7b5bd963ba9f45ca371e7167e7d48b61e72aa14471a3e496be15a50!/L1,L1084.tsv	Nyctophilus bifax	Nyctophilus bifax	Nyctophilus bifax	Nyctophilus gouldi [synonym of]	Nyctophilus gouldi bifax	Nyctophilus bifax	Nyctophilus bifax	Nyctophilus bifax	Nyctophilus bifax	Nyctophilus bifax	Nyctophilus bifax	Nyctophilus bifax	Nyctophilus bifax	Nyctophilus bifax	Nyctophilus bifax
https://linker.bio/line:hash://sha256/8b20b8ebd7b5bd963ba9f45ca371e7167e7d48b61e72aa14471a3e496be15a50!/L1,L1085.tsv	N/A	N/A	N/A	N/A	N/A	N/A	Nyctophilus corbeni	Nyctophilus corbeni	Nyctophilus corbeni	Nyctophilus corbeni	Nyctophilus corbeni	Nyctophilus corbeni	Nyctophilus corbeni	Nyctophilus corbeni	Nyctophilus corbeni
https://linker.bio/line:hash://sha256/8b20b8ebd7b5bd963ba9f45ca371e7167e7d48b61e72aa14471a3e496be15a50!/L1,L1086.tsv	N/A	Nyctophilus bifax [synonym of]	N/A	Nyctophilus gouldi [synonym of]	Nyctophilus gouldi daedalus	Nyctophilus bifax daedalus	Nyctophilus daedalus	Nyctophilus daedalus	Nyctophilus daedalus	Nyctophilus daedalus	Nyctophilus daedalus	Nyctophilus daedalus	Nyctophilus daedalus	Nyctophilus daedalus	Nyctophilus daedalus
https://linker.bio/line:hash://sha256/8b20b8ebd7b5bd963ba9f45ca371e7167e7d48b61e72aa14471a3e496be15a50!/L1,L1087.tsv	Nyctophilus geoffroyi	Nyctophilus geoffroyi	Nyctophilus geoffroyi	Nyctophilus geoffroyi	Nyctophilus geoffroyi	Nyctophilus geoffroyi	Nyctophilus geoffroyi	Nyctophilus geoffroyi	Nyctophilus geoffroyi	Nyctophilus geoffroyi	Nyctophilus geoffroyi	Nyctophilus geoffroyi	Nyctophilus geoffroyi	Nyctophilus geoffroyi	Nyctophilus geoffroyi
https://linker.bio/line:hash://sha256/8b20b8ebd7b5bd963ba9f45ca371e7167e7d48b61e72aa14471a3e496be15a50!/L1,L1088.tsv	N/A	Nyctophilus gouldi	Nyctophilus gouldi	Nyctophilus gouldi	Nyctophilus gouldi	Nyctophilus gouldi	Nyctophilus gouldi	Nyctophilus gouldi	Nyctophilus gouldi	Nyctophilus gouldi	Nyctophilus gouldi	Nyctophilus gouldi	Nyctophilus gouldi	Nyctophilus gouldi	Nyctophilus gouldi
https://linker.bio/line:hash://sha256/8b20b8ebd7b5bd963ba9f45ca371e7167e7d48b61e72aa14471a3e496be15a50!/L1,L1089.tsv	N/A	N/A	N/A	Nyctophilus heran	N/A	Nyctophilus heran	Nyctophilus heran	Nyctophilus heran	Nyctophilus heran	Nyctophilus heran	Nyctophilus heran	Nyctophilus heran	Nyctophilus heran	Nyctophilus heran	Nyctophilus heran
https://linker.bio/line:hash://sha256/8b20b8ebd7b5bd963ba9f45ca371e7167e7d48b61e72aa14471a3e496be15a50!/L1,L1090.tsv	N/A	N/A	N/A	N/A	N/A	N/A	N/A	Nyctophilus holtorum	Nyctophilus holtorum	Nyctophilus holtorum	Nyctophilus holtorum	Nyctophilus holtorum	Nyctophilus holtorum	Nyctophilus holtorum	Nyctophilus holtorum
https://linker.bio/line:hash://sha256/8b20b8ebd7b5bd963ba9f45ca371e7167e7d48b61e72aa14471a3e496be15a50!/L1,L1091.tsv	N/A	N/A	N/A	N/A	N/A	Nyctophilus howensis	Nyctophilus howensis	Nyctophilus howensis	Nyctophilus howensis	Nyctophilus howensis	Nyctophilus howensis	Nyctophilus howensis	Nyctophilus howensis	Nyctophilus howensis	Nyctophilus howensis
https://linker.bio/line:hash://sha256/8b20b8ebd7b5bd963ba9f45ca371e7167e7d48b61e72aa14471a3e496be15a50!/L1,L1092.tsv	N/A	N/A	N/A	Nyctophilus timoriensis [synonym of]	Nyctophilus timoriensis major	Nyctophilus timoriensis major	Nyctophilus major	Nyctophilus major	Nyctophilus major	Nyctophilus major	Nyctophilus major	Nyctophilus major	Nyctophilus major	Nyctophilus major	Nyctophilus major
https://linker.bio/line:hash://sha256/8b20b8ebd7b5bd963ba9f45ca371e7167e7d48b61e72aa14471a3e496be15a50!/L1,L1093.tsv	Nyctophilus microdon	Nyctophilus microdon	Nyctophilus microdon	Nyctophilus microdon	Nyctophilus microdon	Nyctophilus microdon	Nyctophilus microdon	Nyctophilus microdon	Nyctophilus microdon	Nyctophilus microdon	Nyctophilus microdon	Nyctophilus microdon	Nyctophilus microdon	Nyctophilus microdon	Nyctophilus microdon
https://linker.bio/line:hash://sha256/8b20b8ebd7b5bd963ba9f45ca371e7167e7d48b61e72aa14471a3e496be15a50!/L1,L1094.tsv	Nyctophilus microtis	Nyctophilus microtis	Nyctophilus microtis	Nyctophilus microtis	Nyctophilus microtis	Nyctophilus microtis	Nyctophilus microtis	Nyctophilus microtis	Nyctophilus microtis	Nyctophilus microtis	Nyctophilus microtis	Nyctophilus microtis	Nyctophilus microtis	Nyctophilus microtis	Nyctophilus microtis
https://linker.bio/line:hash://sha256/8b20b8ebd7b5bd963ba9f45ca371e7167e7d48b61e72aa14471a3e496be15a50!/L1,L1095.tsv	Lamingtona lophorhina	Nyctophilus lophorhina	Nyctophilus microtis [synonym of]	Nyctophilus microtis [synonym of]	N/A	Nyctophilus microtis [synonym of]	N/A	Nyctophilus microtis microtis [synonym of]	Nyctophilus microtis [synonym of]	N/A	Nyctophilus microtis microtis [synonym of]	Nyctophilus microtis [synonym of]	Nyctophilus microtis [synonym of]	 	Nyctophilus microtis [synonym of]
https://linker.bio/line:hash://sha256/8b20b8ebd7b5bd963ba9f45ca371e7167e7d48b61e72aa14471a3e496be15a50!/L1,L1096.tsv	N/A	N/A	N/A	N/A	N/A	Nyctophilus nebulosus	Nyctophilus nebulosus	Nyctophilus nebulosus	Nyctophilus nebulosus	Nyctophilus nebulosus	Nyctophilus nebulosus	Nyctophilus nebulosus	Nyctophilus nebulosus	Nyctophilus nebulosus	Nyctophilus nebulosus
https://linker.bio/line:hash://sha256/8b20b8ebd7b5bd963ba9f45ca371e7167e7d48b61e72aa14471a3e496be15a50!/L1,L1097.tsv	N/A	N/A	N/A	Nyctophilus timoriensis [synonym of]	Nyctophilus timoriensis sherrini	Nyctophilus timoriensis sherrini	Nyctophilus sherrini	Nyctophilus sherrini	Nyctophilus sherrini	Nyctophilus sherrini	Nyctophilus sherrini	Nyctophilus sherrini	Nyctophilus sherrini	Nyctophilus sherrini	Nyctophilus sherrini
https://linker.bio/line:hash://sha256/8b20b8ebd7b5bd963ba9f45ca371e7167e7d48b61e72aa14471a3e496be15a50!/L1,L1098.tsv	N/A	N/A	N/A	N/A	N/A	N/A	Nyctophilus shirleyae	Nyctophilus shirleyae	Nyctophilus shirleyae	Nyctophilus shirleyae	Nyctophilus shirleyae	Nyctophilus shirleyae	Nyctophilus shirleyae	Nyctophilus shirleyae	Nyctophilus shirleyae
https://linker.bio/line:hash://sha256/8b20b8ebd7b5bd963ba9f45ca371e7167e7d48b61e72aa14471a3e496be15a50!/L1,L1099.tsv	Nyctophilus timoriensis	Nyctophilus timoriensis	Nyctophilus timoriensis	Nyctophilus timoriensis	Nyctophilus timoriensis	Nyctophilus timoriensis (nomen dubium)	Nyctophilus major [nomen dubium]	Nyctophilus major tor [synonym of]	Nyctophilus heran [synonym of]	N/A	N/A	Nyctophilus heran [synonym of]	Nyctophilus timoriensis	Nyctophilus timoriensis	Nyctophilus timoriensis
https://linker.bio/line:hash://sha256/8b20b8ebd7b5bd963ba9f45ca371e7167e7d48b61e72aa14471a3e496be15a50!/L1,L1100.tsv	Nyctophilus walkeri	Nyctophilus walkeri	Nyctophilus walkeri	Nyctophilus walkeri	Nyctophilus walkeri	Nyctophilus walkeri	Nyctophilus walkeri	Nyctophilus walkeri	Nyctophilus walkeri	Nyctophilus walkeri	Nyctophilus walkeri	Nyctophilus walkeri	Nyctophilus walkeri	Nyctophilus walkeri	Nyctophilus walkeri
https://linker.bio/line:hash://sha256/8b20b8ebd7b5bd963ba9f45ca371e7167e7d48b61e72aa14471a3e496be15a50!/L1,L1101.tsv	N/A	Otomops formosus	Otomops formosus	Otomops formosus	Otomops formosus	Otomops formosus	Otomops formosus	Otomops formosus	Otomops formosus	Otomops formosus	Otomops formosus	Otomops formosus	Otomops formosus	Otomops formosus	Otomops formosus
https://linker.bio/line:hash://sha256/8b20b8ebd7b5bd963ba9f45ca371e7167e7d48b61e72aa14471a3e496be15a50!/L1,L1102.tsv	N/A	N/A	N/A	N/A	N/A	N/A	Otomops harrisoni	Otomops harrisoni	Otomops harrisoni	Otomops harrisoni	Otomops harrisoni	Otomops harrisoni	Otomops harrisoni	Otomops harrisoni	Otomops harrisoni
https://linker.bio/line:hash://sha256/8b20b8ebd7b5bd963ba9f45ca371e7167e7d48b61e72aa14471a3e496be15a50!/L1,L1103.tsv	N/A	N/A	N/A	N/A	N/A	Otomops johnstonei	Otomops johnstonei	Otomops johnstonei	Otomops johnstonei	Otomops johnstonei	Otomops johnstonei	Otomops johnstonei	Otomops johnstonei	Otomops johnstonei	Otomops johnstonei
https://linker.bio/line:hash://sha256/8b20b8ebd7b5bd963ba9f45ca371e7167e7d48b61e72aa14471a3e496be15a50!/L1,L1104.tsv	N/A	N/A	N/A	Otomops martiensseni [synonym of]	Otomops martiensseni madagascariensis	Otomops madagascariensis	Otomops madagascariensis	Otomops madagascariensis	Otomops madagascariensis	Otomops madagascariensis	Otomops madagascariensis	Otomops madagascariensis	Otomops madagascariensis	Otomops madagascariensis	Otomops madagascariensis
https://linker.bio/line:hash://sha256/8b20b8ebd7b5bd963ba9f45ca371e7167e7d48b61e72aa14471a3e496be15a50!/L1,L1105.tsv	Otomops martiensseni	Otomops martiensseni	Otomops martiensseni	Otomops martiensseni	Otomops martiensseni	Otomops martiensseni	Otomops martiensseni	Otomops martiensseni	Otomops martiensseni	Otomops martiensseni	Otomops martiensseni	Otomops martiensseni	Otomops martiensseni	Otomops martiensseni	Otomops martiensseni
https://linker.bio/line:hash://sha256/8b20b8ebd7b5bd963ba9f45ca371e7167e7d48b61e72aa14471a3e496be15a50!/L1,L1106.tsv	Otomops papuensis	Otomops papuensis	Otomops papuensis	Otomops papuensis	Otomops papuensis	Otomops papuensis	Otomops papuensis	Otomops papuensis	Otomops papuensis	Otomops papuensis	Otomops papuensis	Otomops papuensis	Otomops papuensis	Otomops papuensis	Otomops papuensis
https://linker.bio/line:hash://sha256/8b20b8ebd7b5bd963ba9f45ca371e7167e7d48b61e72aa14471a3e496be15a50!/L1,L1107.tsv	Otomops secundus	Otomops secundus	Otomops secundus	Otomops secundus	Otomops secundus	Otomops secundus	Otomops secundus	Otomops secundus	Otomops secundus	Otomops secundus	Otomops secundus	Otomops secundus	Otomops secundus	Otomops secundus	Otomops secundus
https://linker.bio/line:hash://sha256/8b20b8ebd7b5bd963ba9f45ca371e7167e7d48b61e72aa14471a3e496be15a50!/L1,L1108.tsv	Otomops wroughtoni	Otomops wroughtoni	Otomops wroughtoni	Otomops wroughtoni	Otomops wroughtoni	Otomops wroughtoni	Otomops wroughtoni	Otomops wroughtoni	Otomops wroughtoni	Otomops wroughtoni	Otomops wroughtoni	Otomops wroughtoni	Otomops wroughtoni	Otomops wroughtoni	Otomops wroughtoni
https://linker.bio/line:hash://sha256/8b20b8ebd7b5bd963ba9f45ca371e7167e7d48b61e72aa14471a3e496be15a50!/L1,L1109.tsv	Otonycteris hemprichi	Otonycteris hemprichi	Otonycteris hemprichii	Otonycteris hemprichi	Otonycteris hemprichi	Otonycteris hemprichii	Otonycteris hemprichii	Otonycteris hemprichii	Otonycteris hemprichii	Otonycteris hemprichii	Otonycteris hemprichii	Otonycteris hemprichii	Otonycteris hemprichii	Otonycteris hemprichii	Otonycteris hemprichii
https://linker.bio/line:hash://sha256/8b20b8ebd7b5bd963ba9f45ca371e7167e7d48b61e72aa14471a3e496be15a50!/L1,L1110.tsv	N/A	N/A	N/A	Otonycteris hemprichi [synonym of]	Otonycteris hemprichi leucophaeus	Otonycteris hemprichii [synonym of]	Otonycteris leucophaea	Otonycteris leucophaea	Otonycteris leucophaea	Otonycteris leucophaea	Otonycteris leucophaea	Otonycteris leucophaea	Otonycteris leucophaea	Otonycteris leucophaea	Otonycteris leucophaea
https://linker.bio/line:hash://sha256/8b20b8ebd7b5bd963ba9f45ca371e7167e7d48b61e72aa14471a3e496be15a50!/L1,L1111.tsv	Otopteropus cartilagonodus	N/A	Otopteropus cartilagonodus	Otopteropus cartilagonodus	Otopteropus cartilagonodus	Otopteropus cartilagonodus	Otopteropus cartilagonodus	Otopteropus cartilagonodus	Otopteropus cartilagonodus	Otopteropus cartilagonodus	Otopteropus cartilagonodus	Otopteropus cartilagonodus	Otopteropus cartilagonodus	Otopteropus cartilagonodus	Otopteropus cartilagonodus
https://linker.bio/line:hash://sha256/8b20b8ebd7b5bd963ba9f45ca371e7167e7d48b61e72aa14471a3e496be15a50!/L1,L1112.tsv	Tadarida beccarii	Mormopterus beccarii	Mormopterus beccarii	Mormopterus beccarii	Mormopterus beccarii	Mormopterus beccarii	Ozimops beccarii	Ozimops beccarii	Ozimops beccarii	Ozimops beccarii	Ozimops beccarii	Ozimops beccarii	Ozimops beccarii	Ozimops beccarii	Ozimops beccarii
https://linker.bio/line:hash://sha256/8b20b8ebd7b5bd963ba9f45ca371e7167e7d48b61e72aa14471a3e496be15a50!/L1,L1113.tsv	N/A	N/A	N/A	N/A	N/A	Mormopterus loriae cobourgiana	Ozimops cobourgianus	Ozimops cobourgianus	Ozimops cobourgianus	Ozimops cobourgianus	Ozimops cobourgianus	Ozimops cobourgianus	Ozimops cobourgianus	Ozimops cobourgianus	Ozimops cobourgianus
https://linker.bio/line:hash://sha256/8b20b8ebd7b5bd963ba9f45ca371e7167e7d48b61e72aa14471a3e496be15a50!/L1,L1114.tsv	N/A	N/A	N/A	N/A	N/A	N/A	Ozimops halli	Ozimops halli	Ozimops halli	Ozimops halli	Ozimops halli	Ozimops halli	Ozimops halli	Ozimops halli	Ozimops halli
https://linker.bio/line:hash://sha256/8b20b8ebd7b5bd963ba9f45ca371e7167e7d48b61e72aa14471a3e496be15a50!/L1,L1115.tsv	N/A	N/A	N/A	N/A	N/A	N/A	Ozimops kitcheneri	Ozimops kitcheneri	Ozimops kitcheneri	Ozimops kitcheneri	Ozimops kitcheneri	Ozimops kitcheneri	Ozimops kitcheneri	Ozimops kitcheneri	Ozimops kitcheneri
https://linker.bio/line:hash://sha256/8b20b8ebd7b5bd963ba9f45ca371e7167e7d48b61e72aa14471a3e496be15a50!/L1,L1116.tsv	N/A	Mormopterus loriae	Mormopterus loriae	N/A	N/A	Mormopterus loriae	Ozimops loriae	Ozimops loriae	Ozimops loriae	Ozimops loriae	Ozimops loriae	Ozimops loriae	Ozimops loriae	Ozimops loriae	Ozimops loriae
https://linker.bio/line:hash://sha256/8b20b8ebd7b5bd963ba9f45ca371e7167e7d48b61e72aa14471a3e496be15a50!/L1,L1117.tsv	N/A	N/A	N/A	N/A	N/A	N/A	Ozimops lumsdenae	Ozimops lumsdenae	Ozimops lumsdenae	Ozimops lumsdenae	Ozimops lumsdenae	Ozimops lumsdenae	Ozimops lumsdenae	Ozimops lumsdenae	Ozimops lumsdenae
https://linker.bio/line:hash://sha256/8b20b8ebd7b5bd963ba9f45ca371e7167e7d48b61e72aa14471a3e496be15a50!/L1,L1118.tsv	N/A	N/A	N/A	Mormopterus planiceps [synonym of]	N/A	Mormopterus planiceps [synonym of]	Ozimops petersi	Ozimops petersi	Ozimops petersi	Ozimops petersi	Ozimops petersi	Ozimops petersi	Ozimops petersi	Ozimops petersi	Ozimops petersi
https://linker.bio/line:hash://sha256/8b20b8ebd7b5bd963ba9f45ca371e7167e7d48b61e72aa14471a3e496be15a50!/L1,L1119.tsv	Tadarida planiceps	Mormopterus planiceps	Mormopterus planiceps	Mormopterus planiceps	Mormopterus planiceps	Mormopterus planiceps	Ozimops planiceps	Ozimops planiceps	Ozimops planiceps	Ozimops planiceps	Ozimops planiceps	Ozimops planiceps	Ozimops planiceps	Ozimops planiceps	Ozimops planiceps
https://linker.bio/line:hash://sha256/8b20b8ebd7b5bd963ba9f45ca371e7167e7d48b61e72aa14471a3e496be15a50!/L1,L1120.tsv	N/A	N/A	N/A	Mormopterus planiceps [synonym of]	Mormopterus planiceps ridei	Mormopterus loriae ridei	Ozimops ridei	Ozimops ridei	Ozimops ridei	Ozimops ridei	Ozimops ridei	Ozimops ridei	Ozimops ridei	Ozimops ridei	Ozimops ridei
https://linker.bio/line:hash://sha256/8b20b8ebd7b5bd963ba9f45ca371e7167e7d48b61e72aa14471a3e496be15a50!/L1,L1121.tsv	Paranyctimene raptor	Paranyctimene raptor	Paranyctimene raptor	Paranyctimene raptor	Paranyctimene raptor	Paranyctimene raptor	Paranyctimene raptor	Paranyctimene raptor	Paranyctimene raptor	Paranyctimene raptor	Paranyctimene raptor	Paranyctimene raptor	Paranyctimene raptor	Paranyctimene raptor	Paranyctimene raptor
https://linker.bio/line:hash://sha256/8b20b8ebd7b5bd963ba9f45ca371e7167e7d48b61e72aa14471a3e496be15a50!/L1,L1122.tsv	N/A	N/A	N/A	N/A	N/A	Paranyctimene tenax	Paranyctimene tenax	Paranyctimene tenax	Paranyctimene tenax	Paranyctimene tenax	Paranyctimene tenax	Paranyctimene tenax	Paranyctimene tenax	Paranyctimene tenax	Paranyctimene tenax
https://linker.bio/line:hash://sha256/8b20b8ebd7b5bd963ba9f45ca371e7167e7d48b61e72aa14471a3e496be15a50!/L1,L1123.tsv	Pipistrellus hesperus	Pipistrellus hesperus	Pipistrellus hesperus	Pipistrellus hesperus	Pipistrellus hesperus	Pipistrellus hesperus	Parastrellus hesperus	Parastrellus hesperus	Parastrellus hesperus	Parastrellus hesperus	Parastrellus hesperus	Parastrellus hesperus	Parastrellus hesperus	Parastrellus hesperus	Parastrellus hesperus
https://linker.bio/line:hash://sha256/8b20b8ebd7b5bd963ba9f45ca371e7167e7d48b61e72aa14471a3e496be15a50!/L1,L1124.tsv	N/A	N/A	N/A	N/A	N/A	Triaenops auritus	Paratriaenops auritus	Paratriaenops auritus	Paratriaenops auritus	Paratriaenops auritus	Paratriaenops auritus	Paratriaenops auritus	Paratriaenops auritus	Paratriaenops auritus	Paratriaenops auritus
https://linker.bio/line:hash://sha256/8b20b8ebd7b5bd963ba9f45ca371e7167e7d48b61e72aa14471a3e496be15a50!/L1,L1125.tsv	Triaenops furculus	Triaenops furculus	Triaenops furculus	Triaenops furculus	Triaenops furculus	Triaenops furculus	Paratriaenops furcula	Paratriaenops furcula	Paratriaenops furcula	Paratriaenops furculus	Paratriaenops furcula	Paratriaenops furcula	Paratriaenops furcula	Paratriaenops furcula	Paratriaenops furcula
https://linker.bio/line:hash://sha256/8b20b8ebd7b5bd963ba9f45ca371e7167e7d48b61e72aa14471a3e496be15a50!/L1,L1126.tsv	N/A	N/A	N/A	N/A	N/A	N/A	Paratriaenops pauliani	Paratriaenops pauliani	Paratriaenops pauliani	Paratriaenops pauliani	Paratriaenops pauliani	Paratriaenops pauliani	Paratriaenops pauliani	Paratriaenops pauliani	Paratriaenops pauliani
https://linker.bio/line:hash://sha256/8b20b8ebd7b5bd963ba9f45ca371e7167e7d48b61e72aa14471a3e496be15a50!/L1,L1127.tsv	Emballonura atrata	Emballonura atrata	Emballonura atrata	Emballonura atrata	Emballonura atrata	Emballonura atrata	Paremballonura atrata	Paremballonura atrata	Paremballonura atrata	Paremballonura atrata	Paremballonura atrata	Paremballonura atrata	Paremballonura atrata	Paremballonura atrata	Paremballonura atrata
https://linker.bio/line:hash://sha256/8b20b8ebd7b5bd963ba9f45ca371e7167e7d48b61e72aa14471a3e496be15a50!/L1,L1128.tsv	N/A	N/A	N/A	N/A	N/A	N/A	Paremballonura tiavato	Paremballonura tiavato	Paremballonura tiavato	Paremballonura tiavato	Paremballonura tiavato	Paremballonura tiavato	Paremballonura tiavato	Paremballonura tiavato	Paremballonura tiavato
https://linker.bio/line:hash://sha256/8b20b8ebd7b5bd963ba9f45ca371e7167e7d48b61e72aa14471a3e496be15a50!/L1,L1129.tsv	Penthetor lucasi	Penthetor lucasi	Penthetor lucasi	Penthetor lucasi	Penthetor lucasi	Penthetor lucasi	Penthetor lucasii	Penthetor lucasii	Penthetor lucasii	Penthetor lucasi	Penthetor lucasii	Penthetor lucasii	Penthetor lucasii	Penthetor lucasii	Penthetor lucasii
https://linker.bio/line:hash://sha256/8b20b8ebd7b5bd963ba9f45ca371e7167e7d48b61e72aa14471a3e496be15a50!/L1,L1130.tsv	Pipistrellus subflavus	Pipistrellus subflavus	Pipistrellus subflavus	Pipistrellus subflavus	Pipistrellus subflavus	Pipistrellus subflavus	Perimyotis subflavus	Perimyotis subflavus	Perimyotis subflavus	Perimyotis subflavus	Perimyotis subflavus	Perimyotis subflavus	Perimyotis subflavus	Perimyotis subflavus	Perimyotis subflavus
https://linker.bio/line:hash://sha256/8b20b8ebd7b5bd963ba9f45ca371e7167e7d48b61e72aa14471a3e496be15a50!/L1,L1131.tsv	Peropteryx kappleri	Peropteryx kappleri	Peropteryx kappleri	Peropteryx kappleri	Peropteryx kappleri	Peropteryx kappleri	Peropteryx kappleri	Peropteryx kappleri	Peropteryx kappleri	Peropteryx kappleri	Peropteryx kappleri	Peropteryx kappleri	Peropteryx kappleri	Peropteryx kappleri	Peropteryx kappleri
https://linker.bio/line:hash://sha256/8b20b8ebd7b5bd963ba9f45ca371e7167e7d48b61e72aa14471a3e496be15a50!/L1,L1132.tsv	Peronymus leucopterus	Peropteryx leucoptera	Peronymus leucopterus	Peropteryx leucoptera	Peropteryx leucopterus	Peropteryx leucoptera	Peropteryx leucoptera	Peropteryx leucoptera	Peropteryx leucoptera	Peropteryx leucoptera	Peropteryx leucoptera	Peropteryx leucoptera	Peropteryx leucoptera	Peropteryx leucoptera	Peropteryx leucoptera
https://linker.bio/line:hash://sha256/8b20b8ebd7b5bd963ba9f45ca371e7167e7d48b61e72aa14471a3e496be15a50!/L1,L1133.tsv	Peropteryx macrotis	Peropteryx macrotis	Peropteryx macrotis	Peropteryx macrotis	Peropteryx macrotis	Peropteryx macrotis	Peropteryx macrotis	Peropteryx macrotis	Peropteryx macrotis	Peropteryx macrotis	Peropteryx macrotis	Peropteryx macrotis	Peropteryx macrotis	Peropteryx macrotis	Peropteryx macrotis
https://linker.bio/line:hash://sha256/8b20b8ebd7b5bd963ba9f45ca371e7167e7d48b61e72aa14471a3e496be15a50!/L1,L1134.tsv	N/A	N/A	N/A	N/A	N/A	N/A	Peropteryx pallidoptera	Peropteryx pallidoptera	Peropteryx pallidoptera	Peropteryx pallidoptera	Peropteryx pallidoptera	Peropteryx pallidoptera	Peropteryx pallidoptera	Peropteryx pallidoptera	Peropteryx pallidoptera
https://linker.bio/line:hash://sha256/8b20b8ebd7b5bd963ba9f45ca371e7167e7d48b61e72aa14471a3e496be15a50!/L1,L1135.tsv	Peropteryx trinitatis	Peropteryx macrotis [synonym of]	Peropteryx macrotis [synonym of]	Peropteryx macrotis [synonym of]	Peropteryx macrotis trinitatis	Peropteryx trinitatis	Peropteryx trinitatis	Peropteryx trinitatis	Peropteryx trinitatis	Peropteryx trinitatis	Peropteryx trinitatis	Peropteryx trinitatis	Peropteryx trinitatis	Peropteryx trinitatis	Peropteryx trinitatis
https://linker.bio/line:hash://sha256/8b20b8ebd7b5bd963ba9f45ca371e7167e7d48b61e72aa14471a3e496be15a50!/L1,L1136.tsv	Pharotis imogene	Pharotis imogene	Pharotis imogene	Pharotis imogene	Pharotis imogene	Pharotis imogene	Pharotis imogene	Pharotis imogene	Pharotis imogene	Pharotis imogene	Pharotis imogene	Pharotis imogene	Pharotis imogene	Pharotis imogene	Pharotis imogene
https://linker.bio/line:hash://sha256/8b20b8ebd7b5bd963ba9f45ca371e7167e7d48b61e72aa14471a3e496be15a50!/L1,L1137.tsv	Philetor brachypterus	Philetor brachypterus	Philetor brachypterus	Philetor brachypterus	Philetor brachypterus	Philetor brachypterus	Philetor brachypterus	Philetor brachypterus	Philetor brachypterus	Philetor brachypterus	Philetor brachypterus	Philetor brachypterus	Philetor brachypterus	Philetor brachypterus	Philetor brachypterus
https://linker.bio/line:hash://sha256/8b20b8ebd7b5bd963ba9f45ca371e7167e7d48b61e72aa14471a3e496be15a50!/L1,L1138.tsv	Phoniscus aerosa	Phoniscus aerosa	Phoniscus aerosa	Kerivoula aerosa	Kerivoula aerosa	Phoniscus aerosa	Phoniscus aerosus	Phoniscus aerosus	Phoniscus aerosus	Phoniscus aerosus	Phoniscus aerosus	Phoniscus aerosus	Phoniscus aerosus	Phoniscus aerosus	Phoniscus aerosus
https://linker.bio/line:hash://sha256/8b20b8ebd7b5bd963ba9f45ca371e7167e7d48b61e72aa14471a3e496be15a50!/L1,L1139.tsv	Phoniscus atrox	Phoniscus atrox	Phoniscus atrox	Kerivoula atrox	Kerivoula atrox	Phoniscus atrox	Phoniscus atrox	Phoniscus atrox	Phoniscus atrox	Phoniscus atrox	Phoniscus atrox	Phoniscus atrox	Phoniscus atrox	Phoniscus atrox	Phoniscus atrox
https://linker.bio/line:hash://sha256/8b20b8ebd7b5bd963ba9f45ca371e7167e7d48b61e72aa14471a3e496be15a50!/L1,L1140.tsv	Phoniscus jagori	Phoniscus jagori	Phoniscus jagorii	Kerivoula jagori	Kerivoula jagorii	Phoniscus jagorii	Phoniscus jagorii	Phoniscus jagorii	Phoniscus jagorii	Phoniscus jagorii	Phoniscus jagorii	Phoniscus jagorii	Phoniscus jagorii	Phoniscus jagorii	Phoniscus jagorii
https://linker.bio/line:hash://sha256/8b20b8ebd7b5bd963ba9f45ca371e7167e7d48b61e72aa14471a3e496be15a50!/L1,L1141.tsv	Phoniscus papuensis	Phoniscus papuensis	Phoniscus papuensis	Kerivoula papuensis	Kerivoula papuensis	Phoniscus papuensis	Phoniscus papuensis	Phoniscus papuensis	Phoniscus papuensis	Phoniscus papuensis	Phoniscus papuensis	Phoniscus papuensis	Phoniscus papuensis	Phoniscus papuensis	Phoniscus papuensis
https://linker.bio/line:hash://sha256/8b20b8ebd7b5bd963ba9f45ca371e7167e7d48b61e72aa14471a3e496be15a50!/L1,L1142.tsv	Phylloderma stenops	Phylloderma stenops	Phylloderma stenops	Phylloderma stenops	Phylloderma stenops	Phylloderma stenops	Phylloderma stenops	Phylloderma stenops	Phylloderma stenops	Phylloderma stenops	Phylloderma stenops	Phylloderma stenops	Phylloderma stenops	Phylloderma stenops	Phylloderma stenops
https://linker.bio/line:hash://sha256/8b20b8ebd7b5bd963ba9f45ca371e7167e7d48b61e72aa14471a3e496be15a50!/L1,L1143.tsv	Phyllonycteris aphylla	Phyllonycteris aphylla	Phyllonycteris aphylla	Phyllonycteris aphylla	Phyllonycteris aphylla	Phyllonycteris aphylla	Phyllonycteris aphylla	Phyllonycteris aphylla	Phyllonycteris aphylla	Phyllonycteris aphylla	Phyllonycteris aphylla	Phyllonycteris aphylla	Phyllonycteris aphylla	Phyllonycteris aphylla	Phyllonycteris aphylla
https://linker.bio/line:hash://sha256/8b20b8ebd7b5bd963ba9f45ca371e7167e7d48b61e72aa14471a3e496be15a50!/L1,L1144.tsv	Phyllonycteris poeyi	Phyllonycteris poeyi	Phyllonycteris poeyi	Phyllonycteris poeyi	Phyllonycteris poeyi	Phyllonycteris poeyi	Phyllonycteris poeyi	Phyllonycteris poeyi	Phyllonycteris poeyi	Phyllonycteris poeyi	Phyllonycteris poeyi	Phyllonycteris poeyi	Phyllonycteris poeyi	Phyllonycteris poeyi	Phyllonycteris poeyi
https://linker.bio/line:hash://sha256/8b20b8ebd7b5bd963ba9f45ca371e7167e7d48b61e72aa14471a3e496be15a50!/L1,L1145.tsv	Phyllonycteris obtusa	Phyllonycteris poeyi [synonym of]	Phyllonycteris poeyi [synonym of]	Phyllonycteris poeyi [synonym of]	Phyllonycteris poeyi obtusa	Phyllonycteris poeyi obtusa	Phyllonycteris poeyi obtusa	Phyllonycteris poeyi obtusa	Phyllonycteris poeyi [synonym of]	Phyllonycteris poeyi [synonym of]	Phyllonycteris poeyi obtusa	Phyllonycteris poeyi [synonym of]	Phyllonycteris poeyi [synonym of]	 	Phyllonycteris poeyi obtusa
https://linker.bio/line:hash://sha256/8b20b8ebd7b5bd963ba9f45ca371e7167e7d48b61e72aa14471a3e496be15a50!/L1,L1146.tsv	Phyllops falcatus	Phyllops falcatus	Phyllops falcatus	Phyllops falcatus	Phyllops falcatus	Phyllops falcatus	Phyllops falcatus	Phyllops falcatus	Phyllops falcatus	Phyllops falcatus	Phyllops falcatus	Phyllops falcatus	Phyllops falcatus	Phyllops falcatus	Phyllops falcatus
https://linker.bio/line:hash://sha256/8b20b8ebd7b5bd963ba9f45ca371e7167e7d48b61e72aa14471a3e496be15a50!/L1,L1147.tsv	Phyllops haitiensis	Phyllops haitiensis	Phyllops haitiensis	Phyllops falcatus [synonym of]	Phyllops falcatus haitensis	Phyllops falcatus haitiensis	Phyllops falcatus haitiensis	Phyllops falcatus haitiensis	Phyllops falcatus [synonym of]	Phyllops falcatus [synonym of]	Phyllops falcatus haitiensis	Phyllops falcatus [synonym of]	Phyllops falcatus [synonym of]	 	Phyllops falcatus haitiensis
https://linker.bio/line:hash://sha256/8b20b8ebd7b5bd963ba9f45ca371e7167e7d48b61e72aa14471a3e496be15a50!/L1,L1148.tsv	Phyllostomus discolor	Phyllostomus discolor	Phyllostomus discolor	Phyllostomus discolor	Phyllostomus discolor	Phyllostomus discolor	Phyllostomus discolor	Phyllostomus discolor	Phyllostomus discolor	Phyllostomus discolor	Phyllostomus discolor	Phyllostomus discolor	Phyllostomus discolor	Phyllostomus discolor	Phyllostomus discolor
https://linker.bio/line:hash://sha256/8b20b8ebd7b5bd963ba9f45ca371e7167e7d48b61e72aa14471a3e496be15a50!/L1,L1149.tsv	Phyllostomus elongatus	Phyllostomus elongatus	Phyllostomus elongatus	Phyllostomus elongatus	Phyllostomus elongatus	Phyllostomus elongatus	Phyllostomus elongatus	Phyllostomus elongatus	Phyllostomus elongatus	Phyllostomus elongatus	Phyllostomus elongatus	Phyllostomus elongatus	Phyllostomus elongatus	Phyllostomus elongatus	Phyllostomus elongatus
https://linker.bio/line:hash://sha256/8b20b8ebd7b5bd963ba9f45ca371e7167e7d48b61e72aa14471a3e496be15a50!/L1,L1150.tsv	Phyllostomus hastatus	Phyllostomus hastatus	Phyllostomus hastatus	Phyllostomus hastatus	Phyllostomus hastatus	Phyllostomus hastatus	Phyllostomus hastatus	Phyllostomus hastatus	Phyllostomus hastatus	Phyllostomus hastatus	Phyllostomus hastatus	Phyllostomus hastatus	Phyllostomus hastatus	Phyllostomus hastatus	Phyllostomus hastatus
https://linker.bio/line:hash://sha256/8b20b8ebd7b5bd963ba9f45ca371e7167e7d48b61e72aa14471a3e496be15a50!/L1,L1151.tsv	Phyllostomus latifolius	Phyllostomus latifolius	Phyllostomus latifolius	Phyllostomus latifolius	Phyllostomus latifolius	Phyllostomus latifolius	Phyllostomus latifolius	Phyllostomus latifolius	Phyllostomus latifolius	Phyllostomus latifolius	Phyllostomus latifolius	Phyllostomus latifolius	Phyllostomus latifolius	Phyllostomus latifolius	Phyllostomus latifolius
https://linker.bio/line:hash://sha256/8b20b8ebd7b5bd963ba9f45ca371e7167e7d48b61e72aa14471a3e496be15a50!/L1,L1152.tsv	Rousettus celebensis	Rousettus celebensis	Rousettus celebensis	Rousettus celebensis	Rousettus celebensis	Rousettus celebensis	Rousettus celebensis	Pilonycteris celebensis	Pilonycteris celebensis	Rousettus celebensis	Pilonycteris celebensis	Pilonycteris celebensis	Pilonycteris celebensis	Pilonycteris celebensis	Pilonycteris celebensis
https://linker.bio/line:hash://sha256/8b20b8ebd7b5bd963ba9f45ca371e7167e7d48b61e72aa14471a3e496be15a50!/L1,L1153.tsv	Pipistrellus aero	Pipistrellus aero	Pipistrellus aero	Pipistrellus aero	Pipistrellus aero	Pipistrellus aero	Pipistrellus aero	Pipistrellus aero	Pipistrellus aero	Pipistrellus aero	Pipistrellus aero	Pipistrellus aero	Pipistrellus aero	Pipistrellus aero	Pipistrellus aero
https://linker.bio/line:hash://sha256/8b20b8ebd7b5bd963ba9f45ca371e7167e7d48b61e72aa14471a3e496be15a50!/L1,L1154.tsv	N/A	N/A	N/A	N/A	N/A	N/A	Pipistrellus creticus	Pipistrellus creticus	Pipistrellus creticus	Pipistrellus hanaki creticus	Pipistrellus creticus	Pipistrellus creticus	Pipistrellus creticus	Pipistrellus creticus	Pipistrellus creticus
https://linker.bio/line:hash://sha256/8b20b8ebd7b5bd963ba9f45ca371e7167e7d48b61e72aa14471a3e496be15a50!/L1,L1155.tsv	N/A	N/A	N/A	N/A	N/A	N/A	Pipistrellus hanaki	Pipistrellus hanaki	Pipistrellus hanaki	Pipistrellus hanaki	Pipistrellus hanaki	Pipistrellus hanaki	Pipistrellus hanaki	Pipistrellus hanaki	Pipistrellus hanaki
https://linker.bio/line:hash://sha256/8b20b8ebd7b5bd963ba9f45ca371e7167e7d48b61e72aa14471a3e496be15a50!/L1,L1156.tsv	N/A	N/A	N/A	N/A	N/A	Pipistrellus hesperidus	Pipistrellus hesperidus	Pipistrellus hesperidus	Pipistrellus hesperidus	Pipistrellus hesperidus	Pipistrellus hesperidus	Pipistrellus hesperidus	Pipistrellus hesperidus	Pipistrellus hesperidus	Pipistrellus hesperidus
https://linker.bio/line:hash://sha256/8b20b8ebd7b5bd963ba9f45ca371e7167e7d48b61e72aa14471a3e496be15a50!/L1,L1157.tsv	Pipistrellus inexspectatus	Pipistrellus inexspectatus	Pipistrellus inexspectatus	Pipistrellus inexspectatus	Pipistrellus inexspectatus	Pipistrellus inexspectatus	Pipistrellus inexspectatus	Pipistrellus inexspectatus	Pipistrellus inexspectatus	Pipistrellus inexspectatus	Pipistrellus inexspectatus	Pipistrellus inexspectatus	Pipistrellus inexspectatus	Pipistrellus inexspectatus	Pipistrellus inexspectatus
https://linker.bio/line:hash://sha256/8b20b8ebd7b5bd963ba9f45ca371e7167e7d48b61e72aa14471a3e496be15a50!/L1,L1158.tsv	Pipistrellus kuhli	Pipistrellus kuhlii	Pipistrellus kuhlii	Pipistrellus kuhlii	Pipistrellus kuhlii	Pipistrellus kuhlii	Pipistrellus kuhlii	Pipistrellus kuhlii	Pipistrellus kuhlii	Pipistrellus kuhlii	Pipistrellus kuhlii	Pipistrellus kuhlii	Pipistrellus kuhlii	Pipistrellus kuhlii	Pipistrellus kuhlii
https://linker.bio/line:hash://sha256/8b20b8ebd7b5bd963ba9f45ca371e7167e7d48b61e72aa14471a3e496be15a50!/L1,L1159.tsv	N/A	N/A	N/A	N/A	Pipistrellus aegyptius	Pipistrellus deserti [synonym of]	N/A	N/A	Pipistrellus kuhlii [synonym of]	N/A	N/A	Pipistrellus kuhlii [synonym of]	Pipistrellus kuhlii [synonym of]	 	Pipistrellus kuhlii kuhlii  [synonym of]
https://linker.bio/line:hash://sha256/8b20b8ebd7b5bd963ba9f45ca371e7167e7d48b61e72aa14471a3e496be15a50!/L1,L1160.tsv	Pipistrellus deserti	Pipistrellus deserti	Pipistrellus deserti	N/A	N/A	Pipistrellus deserti	N/A	Pipistrellus kuhlii kuhlii [synonym of]	Pipistrellus kuhlii [synonym of]	Pipistrellus kuhlii [synonym of]	Pipistrellus kuhlii kuhlii [synonym of]	Pipistrellus kuhlii [synonym of]	Pipistrellus kuhlii [synonym of]	 	Pipistrellus kuhlii kuhlii  [synonym of]
https://linker.bio/line:hash://sha256/8b20b8ebd7b5bd963ba9f45ca371e7167e7d48b61e72aa14471a3e496be15a50!/L1,L1161.tsv	Pipistrellus maderensis	Pipistrellus maderensis	Pipistrellus maderensis	Pipistrellus maderensis	Pipistrellus maderensis	Pipistrellus maderensis	Pipistrellus maderensis	Pipistrellus maderensis	Pipistrellus maderensis	Pipistrellus maderensis	Pipistrellus maderensis	Pipistrellus maderensis	Pipistrellus maderensis	Pipistrellus maderensis	Pipistrellus maderensis
https://linker.bio/line:hash://sha256/8b20b8ebd7b5bd963ba9f45ca371e7167e7d48b61e72aa14471a3e496be15a50!/L1,L1162.tsv	Pipistrellus nanulus	Pipistrellus nanulus	Pipistrellus nanulus	Pipistrellus nanulus	Pipistrellus nanulus	Pipistrellus nanulus	Pipistrellus nanulus	Pipistrellus nanulus	Pipistrellus nanulus	Pipistrellus nanulus	Pipistrellus nanulus	Pipistrellus nanulus	Pipistrellus nanulus	Pipistrellus nanulus	Pipistrellus nanulus
https://linker.bio/line:hash://sha256/8b20b8ebd7b5bd963ba9f45ca371e7167e7d48b61e72aa14471a3e496be15a50!/L1,L1163.tsv	Pipistrellus nathusii	Pipistrellus nathusii	Pipistrellus nathusii	Pipistrellus nathusii	Pipistrellus nathusii	Pipistrellus nathusii	Pipistrellus nathusii	Pipistrellus nathusii	Pipistrellus nathusii	Pipistrellus nathusii	Pipistrellus nathusii	Pipistrellus nathusii	Pipistrellus nathusii	Pipistrellus nathusii	Pipistrellus nathusii
https://linker.bio/line:hash://sha256/8b20b8ebd7b5bd963ba9f45ca371e7167e7d48b61e72aa14471a3e496be15a50!/L1,L1164.tsv	Pipistrellus permixtus	Pipistrellus permixtus	Pipistrellus permixtus	Pipistrellus permixtus	Pipistrellus permixtus	Pipistrellus permixtus	Pipistrellus permixtus	Pipistrellus permixtus	Pipistrellus permixtus	Pipistrellus permixtus	Pipistrellus permixtus	Pipistrellus permixtus	Pipistrellus permixtus	Pipistrellus permixtus	Pipistrellus permixtus
https://linker.bio/line:hash://sha256/8b20b8ebd7b5bd963ba9f45ca371e7167e7d48b61e72aa14471a3e496be15a50!/L1,L1165.tsv	Pipistrellus pipistrellus	Pipistrellus pipistrellus	Pipistrellus pipistrellus	Pipistrellus pipistrellus	Pipistrellus pipistrellus	Pipistrellus pipistrellus	Pipistrellus pipistrellus	Pipistrellus pipistrellus	Pipistrellus pipistrellus	Pipistrellus pipistrellus	Pipistrellus pipistrellus	Pipistrellus pipistrellus	Pipistrellus pipistrellus	Pipistrellus pipistrellus	Pipistrellus pipistrellus
https://linker.bio/line:hash://sha256/8b20b8ebd7b5bd963ba9f45ca371e7167e7d48b61e72aa14471a3e496be15a50!/L1,L1166.tsv	N/A	Pipistrellus pipistrellus [synonym of]	N/A	Pipistrellus pipistrellus [synonym of]	Pipistrellus pipistrellus aladdin	Pipistrellus pipistrellus aladdin	Pipistrellus pipistrellus aladdin	Pipistrellus pipistrellus [synonym of]	Pipistrellus pipistrellus [synonym of]	Pipistrellus aladdin	Pipistrellus pipistrellus aladdin	Pipistrellus pipistrellus [synonym of]	Pipistrellus pipistrellus [synonym of]	 	Pipistrellus pipistrellus [synonym of]
https://linker.bio/line:hash://sha256/8b20b8ebd7b5bd963ba9f45ca371e7167e7d48b61e72aa14471a3e496be15a50!/L1,L1167.tsv	N/A	N/A	Pipistrellus flavescens	Pipistrellus pipistrellus [synonym of]	Pipistrellus flavescens	Pipistrellus pipistrellus [synonym of]	N/A	Pipistrellus pipistrellus pipistrellus [synonym of]	Pipistrellus pipistrellus [synonym of]	N/A	Pipistrellus pipistrellus pipistrellus [synonym of]	Pipistrellus pipistrellus [synonym of]	Pipistrellus pipistrellus [synonym of]	 	Pipistrellus pipistrellus [synonym of]
https://linker.bio/line:hash://sha256/8b20b8ebd7b5bd963ba9f45ca371e7167e7d48b61e72aa14471a3e496be15a50!/L1,L1168.tsv	N/A	N/A	N/A	Pipistrellus pipistrellus [synonym of]	N/A	Pipistrellus pygmaeus	Pipistrellus pygmaeus	Pipistrellus pygmaeus	Pipistrellus pygmaeus	Pipistrellus pygmaeus	Pipistrellus pygmaeus	Pipistrellus pygmaeus	Pipistrellus pygmaeus	Pipistrellus pygmaeus	Pipistrellus pygmaeus
https://linker.bio/line:hash://sha256/8b20b8ebd7b5bd963ba9f45ca371e7167e7d48b61e72aa14471a3e496be15a50!/L1,L1169.tsv	N/A	N/A	N/A	N/A	N/A	N/A	Pipistrellus raceyi	Pipistrellus raceyi	Pipistrellus raceyi	Pipistrellus raceyi	Pipistrellus raceyi	Pipistrellus raceyi	Pipistrellus raceyi	Pipistrellus raceyi	Pipistrellus raceyi
https://linker.bio/line:hash://sha256/8b20b8ebd7b5bd963ba9f45ca371e7167e7d48b61e72aa14471a3e496be15a50!/L1,L1170.tsv	Pipistrellus rusticus	Pipistrellus rusticus	Pipistrellus rusticus	Pipistrellus rusticus	Pipistrellus rusticus	Pipistrellus rusticus	Pipistrellus rusticus	Pipistrellus rusticus	Pipistrellus rusticus	Pipistrellus rusticus	Pipistrellus rusticus	Pipistrellus rusticus	Pipistrellus rusticus	Pipistrellus rusticus	Pipistrellus rusticus
https://linker.bio/line:hash://sha256/8b20b8ebd7b5bd963ba9f45ca371e7167e7d48b61e72aa14471a3e496be15a50!/L1,L1171.tsv	N/A	N/A	N/A	N/A	N/A	N/A	N/A	Pipistrellus simandouensis	Pipistrellus simandouensis	N/A	Pipistrellus simandouensis	Pipistrellus simandouensis	Pipistrellus simandouensis	Pipistrellus simandouensis	Pipistrellus simandouensis
https://linker.bio/line:hash://sha256/8b20b8ebd7b5bd963ba9f45ca371e7167e7d48b61e72aa14471a3e496be15a50!/L1,L1172.tsv	Platalina genovensium	Platalina genovensium	Platalina genovensium	Platalina genovensium	Platalina genovensium	Platalina genovensium	Platalina genovensium	Platalina genovensium	Platalina genovensium	Platalina genovensium	Platalina genovensium	Platalina genovensium	Platalina genovensium	Platalina genovensium	Platalina genovensium
https://linker.bio/line:hash://sha256/8b20b8ebd7b5bd963ba9f45ca371e7167e7d48b61e72aa14471a3e496be15a50!/L1,L1173.tsv	Platymops setiger	Mormopterus setiger	Platymops setiger	Mormopterus setiger	Mormopterus setiger	Platymops setiger	Platymops setiger	Platymops setiger	Platymops setiger	Platymops setiger	Platymops setiger	Platymops setiger	Platymops setiger	Platymops setiger	Platymops setiger
https://linker.bio/line:hash://sha256/8b20b8ebd7b5bd963ba9f45ca371e7167e7d48b61e72aa14471a3e496be15a50!/L1,L1174.tsv	N/A	N/A	N/A	N/A	N/A	N/A	Platyrrhinus albericoi	Platyrrhinus albericoi	Platyrrhinus albericoi	Platyrrhinus albericoi	Platyrrhinus albericoi	Platyrrhinus albericoi	Platyrrhinus albericoi	Platyrrhinus albericoi	Platyrrhinus albericoi
https://linker.bio/line:hash://sha256/8b20b8ebd7b5bd963ba9f45ca371e7167e7d48b61e72aa14471a3e496be15a50!/L1,L1175.tsv	N/A	N/A	N/A	N/A	N/A	N/A	Platyrrhinus angustirostris	Platyrrhinus angustirostris	Platyrrhinus angustirostris	Platyrrhinus angustirostris	Platyrrhinus angustirostris	Platyrrhinus angustirostris	Platyrrhinus angustirostris	Platyrrhinus angustirostris	Platyrrhinus angustirostris
https://linker.bio/line:hash://sha256/8b20b8ebd7b5bd963ba9f45ca371e7167e7d48b61e72aa14471a3e496be15a50!/L1,L1176.tsv	N/A	N/A	Vampyrops umbratus [synonym of]	Platyrrhinus umbratus [synonym of]	Vampyrops umbratus aquilius	Platyrriunus umbratus aquilius	Platyrriunus aquilus	Platyrrhinus aquilus	Platyrrhinus aquilus	Platyrrhinus aquilus	Platyrrhinus aquilus	Platyrrhinus aquilus	Platyrrhinus aquilus	Platyrrhinus aquilus	Platyrrhinus aquilus
https://linker.bio/line:hash://sha256/8b20b8ebd7b5bd963ba9f45ca371e7167e7d48b61e72aa14471a3e496be15a50!/L1,L1177.tsv	Vampyrops aurarius	Vampyrops aurarius	Vampyrops aurarius	Platyrrhinus aurarius	Vampyrops aurarius	Platyrrhinus aurarius	Platyrrhinus aurarius	Platyrrhinus aurarius	Platyrrhinus aurarius	Platyrrhinus aurarius	Platyrrhinus aurarius	Platyrrhinus aurarius	Platyrrhinus aurarius	Platyrrhinus aurarius	Platyrrhinus aurarius
https://linker.bio/line:hash://sha256/8b20b8ebd7b5bd963ba9f45ca371e7167e7d48b61e72aa14471a3e496be15a50!/L1,L1178.tsv	Vampyrops brachycephalus	Vampyrops brachycephalus	Vampyrops brachycephalus	Platyrrhinus brachycephalus	Vampyrops brachycephalus	Platyrrhinus brachycephalus	Platyrrhinus brachycephalus	Platyrrhinus brachycephalus	Platyrrhinus brachycephalus	Platyrrhinus brachycephalus	Platyrrhinus brachycephalus	Platyrrhinus brachycephalus	Platyrrhinus brachycephalus	Platyrrhinus brachycephalus	Platyrrhinus brachycephalus
https://linker.bio/line:hash://sha256/8b20b8ebd7b5bd963ba9f45ca371e7167e7d48b61e72aa14471a3e496be15a50!/L1,L1179.tsv	Vampyrops dorsalis	Vampyrops dorsalis	Vampyrops dorsalis	Platyrrhinus dorsalis	Vampyrops dorsalis	Platyrrhinus dorsalis	Platyrrhinus dorsalis	Platyrrhinus dorsalis	Platyrrhinus dorsalis	Platyrrhinus dorsalis	Platyrrhinus dorsalis	Platyrrhinus dorsalis	Platyrrhinus dorsalis	Platyrrhinus dorsalis	Platyrrhinus dorsalis
https://linker.bio/line:hash://sha256/8b20b8ebd7b5bd963ba9f45ca371e7167e7d48b61e72aa14471a3e496be15a50!/L1,L1180.tsv	N/A	N/A	N/A	N/A	N/A	Platyrrhinus chocoensis	Platyrrhinus chocoensis	Platyrrhinus dorsalis [synonym of]	Platyrrhinus dorsalis [synonym of]	Platyrrhinus chocoensis	Platyrrhinus dorsalis chocoensis	Platyrrhinus dorsalis [synonym of]	Platyrrhinus dorsalis [synonym of]	 	Platyrrhinus dorsalis [synonym of]
https://linker.bio/line:hash://sha256/8b20b8ebd7b5bd963ba9f45ca371e7167e7d48b61e72aa14471a3e496be15a50!/L1,L1181.tsv	N/A	N/A	N/A	N/A	N/A	N/A	Platyrrhinus fusciventris	Platyrrhinus fusciventris	Platyrrhinus fusciventris	Platyrrhinus fusciventris	Platyrrhinus fusciventris	Platyrrhinus fusciventris	Platyrrhinus fusciventris	Platyrrhinus fusciventris	Platyrrhinus fusciventris
https://linker.bio/line:hash://sha256/8b20b8ebd7b5bd963ba9f45ca371e7167e7d48b61e72aa14471a3e496be15a50!/L1,L1182.tsv	N/A	N/A	N/A	N/A	N/A	N/A	Platyrrhinus guianensis	Platyrrhinus guianensis	Platyrrhinus guianensis	N/A	Platyrrhinus guianensis	Platyrrhinus guianensis	Platyrrhinus guianensis	Platyrrhinus guianensis	Platyrrhinus guianensis
https://linker.bio/line:hash://sha256/8b20b8ebd7b5bd963ba9f45ca371e7167e7d48b61e72aa14471a3e496be15a50!/L1,L1183.tsv	Vampyrops helleri	Vampyrops helleri	Vampyrops helleri	Platyrrhinus helleri	Vampyrops helleri	Platyrrhinus helleri	Platyrrhinus helleri	Platyrrhinus helleri	Platyrrhinus helleri	Platyrrhinus helleri	Platyrrhinus helleri	Platyrrhinus helleri	Platyrrhinus helleri	Platyrrhinus helleri	Platyrrhinus helleri
https://linker.bio/line:hash://sha256/8b20b8ebd7b5bd963ba9f45ca371e7167e7d48b61e72aa14471a3e496be15a50!/L1,L1184.tsv	N/A	N/A	N/A	Platyrrhinus helleri [synonym of]	Vampyrops helleri incarum	Platyrrhinus helleri incarum	Platyrrhinus incarum	Platyrrhinus incarum	Platyrrhinus incarum	Platyrrhinus incarum	Platyrrhinus incarum	Platyrrhinus incarum	Platyrrhinus incarum	Platyrrhinus incarum	Platyrrhinus incarum
https://linker.bio/line:hash://sha256/8b20b8ebd7b5bd963ba9f45ca371e7167e7d48b61e72aa14471a3e496be15a50!/L1,L1185.tsv	Vampyrops infuscus	Vampyrops infuscus	Vampyrops infuscus	Platyrrhinus infuscus	Vampyrops infuscus	Platyrrhinus infuscus	Platyrrhinus infuscus	Platyrrhinus infuscus	Platyrrhinus infuscus	Platyrrhinus infuscus	Platyrrhinus infuscus	Platyrrhinus infuscus	Platyrrhinus infuscus	Platyrrhinus infuscus	Platyrrhinus infuscus
https://linker.bio/line:hash://sha256/8b20b8ebd7b5bd963ba9f45ca371e7167e7d48b61e72aa14471a3e496be15a50!/L1,L1186.tsv	N/A	N/A	N/A	N/A	N/A	N/A	Platyrrhinus ismaeli	Platyrrhinus ismaeli	Platyrrhinus ismaeli	Platyrrhinus ismaeli	Platyrrhinus ismaeli	Platyrrhinus ismaeli	Platyrrhinus ismaeli	Platyrrhinus ismaeli	Platyrrhinus ismaeli
https://linker.bio/line:hash://sha256/8b20b8ebd7b5bd963ba9f45ca371e7167e7d48b61e72aa14471a3e496be15a50!/L1,L1187.tsv	Vampyrops lineatus	Vampyrops lineatus	Vampyrops lineatus	Platyrrhinus lineatus	Vampyrops lineatus	Platyrrhinus lineatus	Platyrrhinus lineatus	Platyrrhinus lineatus	Platyrrhinus lineatus	Platyrrhinus lineatus	Platyrrhinus lineatus	Platyrrhinus lineatus	Platyrrhinus lineatus	Platyrrhinus lineatus	Platyrrhinus lineatus
https://linker.bio/line:hash://sha256/8b20b8ebd7b5bd963ba9f45ca371e7167e7d48b61e72aa14471a3e496be15a50!/L1,L1188.tsv	N/A	N/A	N/A	N/A	N/A	N/A	Platyrrhinus masu	Platyrrhinus masu	Platyrrhinus masu	Platyrrhinus masu	Platyrrhinus masu	Platyrrhinus masu	Platyrrhinus masu	Platyrrhinus masu	Platyrrhinus masu
https://linker.bio/line:hash://sha256/8b20b8ebd7b5bd963ba9f45ca371e7167e7d48b61e72aa14471a3e496be15a50!/L1,L1189.tsv	N/A	N/A	N/A	N/A	N/A	N/A	Platyrrhinus matapalensis	Platyrrhinus matapalensis	Platyrrhinus matapalensis	Platyrrhinus matapalensis	Platyrrhinus matapalensis	Platyrrhinus matapalensis	Platyrrhinus matapalensis	Platyrrhinus matapalensis	Platyrrhinus matapalensis
https://linker.bio/line:hash://sha256/8b20b8ebd7b5bd963ba9f45ca371e7167e7d48b61e72aa14471a3e496be15a50!/L1,L1190.tsv	N/A	N/A	N/A	N/A	N/A	N/A	Platyrrhinus nitelinea	Platyrrhinus nitelinea	Platyrrhinus nitelinea	Platyrrhinus nitelinea	Platyrrhinus nitelinea	Platyrrhinus nitelinea	Platyrrhinus nitelinea	Platyrrhinus nitelinea	Platyrrhinus nitelinea
https://linker.bio/line:hash://sha256/8b20b8ebd7b5bd963ba9f45ca371e7167e7d48b61e72aa14471a3e496be15a50!/L1,L1191.tsv	Vampyrops recifinus	Vampyrops recifinus	Vampyrops lineatus [synonym of]	Platyrrhinus recifinus	Vampyrops recifinus	Platyrrhinus recifinus	Platyrrhinus recifinus	Platyrrhinus recifinus	Platyrrhinus recifinus	Platyrrhinus recifinus	Platyrrhinus recifinus	Platyrrhinus recifinus	Platyrrhinus recifinus	Platyrrhinus recifinus	Platyrrhinus recifinus
https://linker.bio/line:hash://sha256/8b20b8ebd7b5bd963ba9f45ca371e7167e7d48b61e72aa14471a3e496be15a50!/L1,L1192.tsv	Vampyrops umbratus	Vampyrops umbratus	Vampyrops umbratus	Platyrrhinus umbratus	Vampyrops umbratus	Platyrrhinus umbratus	Platyrrhinus umbratus	Platyrrhinus umbratus	Platyrrhinus umbratus	Platyrrhinus umbratus	Platyrrhinus umbratus	Platyrrhinus umbratus	Platyrrhinus umbratus	Platyrrhinus umbratus	Platyrrhinus umbratus
https://linker.bio/line:hash://sha256/8b20b8ebd7b5bd963ba9f45ca371e7167e7d48b61e72aa14471a3e496be15a50!/L1,L1193.tsv	Vampyrops lineatus [synonym of]	Vampyrops lineatus [synonym of]	N/A	Platyrrhinus lineatus [synonym of]	Vampyrops lineatus nigellus	Vampyrops lineatus nigellus	Platyrrhinus umbratus [synonym of]	Platyrrhinus umbratus umbratus [synonym of]	Platyrrhinus umbratus [synonym of]	Platyrrhinus nigellus and Platyrrhinus lineatus [synonym of]	Platyrrhinus umbratus umbratus [synonym of]	Platyrrhinus umbratus [synonym of]	Platyrrhinus umbratus [synonym of]	 	Platyrrhinus umbratus [synonym of]
https://linker.bio/line:hash://sha256/8b20b8ebd7b5bd963ba9f45ca371e7167e7d48b61e72aa14471a3e496be15a50!/L1,L1194.tsv	Vampyrops vittatus	Vampyrops vittatus	Vampyrops vittatus	Platyrrhinus vittatus	Vampyrops vittatus	Platyrrhinus vittatus	Platyrrhinus vittatus	Platyrrhinus vittatus	Platyrrhinus vittatus	Platyrrhinus vittatus	Platyrrhinus vittatus	Platyrrhinus vittatus	Platyrrhinus vittatus	Platyrrhinus vittatus	Platyrrhinus vittatus
https://linker.bio/line:hash://sha256/8b20b8ebd7b5bd963ba9f45ca371e7167e7d48b61e72aa14471a3e496be15a50!/L1,L1195.tsv	Plecotus auritus	Plecotus auritus	Plecotus auritus	Plecotus auritus	Plecotus auritus	Plecotus auritus	Plecotus auritus	Plecotus auritus	Plecotus auritus	Plecotus auritus	Plecotus auritus	Plecotus auritus	Plecotus auritus	Plecotus auritus	Plecotus auritus
https://linker.bio/line:hash://sha256/8b20b8ebd7b5bd963ba9f45ca371e7167e7d48b61e72aa14471a3e496be15a50!/L1,L1196.tsv	Plecotus austriacus	Plecotus austriacus	Plecotus austriacus	Plecotus austriacus	Plecotus austriacus	Plecotus austriacus	Plecotus austriacus	Plecotus austriacus	Plecotus austriacus	Plecotus austriacus	Plecotus austriacus	Plecotus austriacus	Plecotus austriacus	Plecotus austriacus	Plecotus austriacus
https://linker.bio/line:hash://sha256/8b20b8ebd7b5bd963ba9f45ca371e7167e7d48b61e72aa14471a3e496be15a50!/L1,L1197.tsv	N/A	N/A	N/A	N/A	N/A	Plecotus balensis	Plecotus balensis	Plecotus balensis	Plecotus balensis	Plecotus balensis	Plecotus balensis	Plecotus balensis	Plecotus balensis	Plecotus balensis	Plecotus balensis
https://linker.bio/line:hash://sha256/8b20b8ebd7b5bd963ba9f45ca371e7167e7d48b61e72aa14471a3e496be15a50!/L1,L1198.tsv	N/A	N/A	N/A	N/A	N/A	Plecotus austriacus christii	Plecotus christii	Plecotus christiei	Plecotus christii	Plecotus christii	Plecotus christiei	Plecotus christii	Plecotus christii	Plecotus christii	Plecotus christii
https://linker.bio/line:hash://sha256/8b20b8ebd7b5bd963ba9f45ca371e7167e7d48b61e72aa14471a3e496be15a50!/L1,L1199.tsv	N/A	N/A	N/A	N/A	N/A	N/A	Plecotus gaisleri	Plecotus gaisleri	Plecotus gaisleri	N/A	Plecotus gaisleri	Plecotus gaisleri	Plecotus gaisleri	Plecotus gaisleri	Plecotus gaisleri
https://linker.bio/line:hash://sha256/8b20b8ebd7b5bd963ba9f45ca371e7167e7d48b61e72aa14471a3e496be15a50!/L1,L1200.tsv	N/A	N/A	N/A	N/A	N/A	N/A	N/A	Plecotus gobiensis	Plecotus gobiensis	N/A	Plecotus gobiensis	Plecotus gobiensis	Plecotus gobiensis	Plecotus gobiensis	Plecotus gobiensis
https://linker.bio/line:hash://sha256/8b20b8ebd7b5bd963ba9f45ca371e7167e7d48b61e72aa14471a3e496be15a50!/L1,L1201.tsv	N/A	N/A	N/A	Plecotus auritus [synonym of]	Plecotus auritus homochrous	Plecotus auritus homochrous	Plecotus homochrous	Plecotus homochrous	Plecotus homochrous	Plecotus homochrous	Plecotus homochrous	Plecotus homochrous	Plecotus homochrous	Plecotus homochrous	Plecotus homochrous
https://linker.bio/line:hash://sha256/8b20b8ebd7b5bd963ba9f45ca371e7167e7d48b61e72aa14471a3e496be15a50!/L1,L1202.tsv	N/A	N/A	N/A	Plecotus austriacus [synonym of]	Plecotus austriacus kolombatovici	Plecotus kolombatovici	Plecotus kolombatovici	Plecotus kolombatovici	Plecotus kolombatovici	Plecotus kolombatovici	Plecotus kolombatovici	Plecotus kolombatovici	Plecotus kolombatovici	Plecotus kolombatovici	Plecotus kolombatovici
https://linker.bio/line:hash://sha256/8b20b8ebd7b5bd963ba9f45ca371e7167e7d48b61e72aa14471a3e496be15a50!/L1,L1203.tsv	N/A	N/A	N/A	N/A	N/A	Plecotus austriacus ariel [synonym of]	Plecotus kozlovi	Plecotus kozlovi	Plecotus kozlovi	Plecotus kozlovi	Plecotus kozlovi	Plecotus kozlovi	Plecotus kozlovi	Plecotus kozlovi	Plecotus kozlovi
https://linker.bio/line:hash://sha256/8b20b8ebd7b5bd963ba9f45ca371e7167e7d48b61e72aa14471a3e496be15a50!/L1,L1204.tsv	N/A	N/A	N/A	Plecotus austriacus [synonym of]	Plecotus austriacus macrobullaris	Plecotus austriacus macrobullaris	Plecotus macrobullaris	Plecotus macrobullaris	Plecotus macrobullaris	Plecotus macrobullaris	Plecotus macrobullaris	Plecotus macrobullaris	Plecotus macrobullaris	Plecotus macrobullaris	Plecotus macrobullaris
https://linker.bio/line:hash://sha256/8b20b8ebd7b5bd963ba9f45ca371e7167e7d48b61e72aa14471a3e496be15a50!/L1,L1205.tsv	N/A	N/A	N/A	Plecotus auritus [synonym of]	N/A	Plecotus auritus sacrimontis	Plecotus ognevi	Plecotus ognevi	Plecotus ognevi	Plecotus ognevi	Plecotus ognevi	Plecotus ognevi	Plecotus ognevi	Plecotus ognevi	Plecotus ognevi
https://linker.bio/line:hash://sha256/8b20b8ebd7b5bd963ba9f45ca371e7167e7d48b61e72aa14471a3e496be15a50!/L1,L1206.tsv	N/A	N/A	N/A	Plecotus auritus [synonym of]	Plecotus austriacus sacrimontis	Plecotus auritus sacrimontis	Plecotus sacrimontis	Plecotus sacrimontis	Plecotus sacrimontis	Plecotus sacrimontis	Plecotus sacrimontis	Plecotus sacrimontis	Plecotus sacrimontis	Plecotus sacrimontis	Plecotus sacrimontis
https://linker.bio/line:hash://sha256/8b20b8ebd7b5bd963ba9f45ca371e7167e7d48b61e72aa14471a3e496be15a50!/L1,L1207.tsv	N/A	N/A	N/A	N/A	N/A	Plecotus sardus	Plecotus sardus	Plecotus sardus	Plecotus sardus	Plecotus sardus	Plecotus sardus	Plecotus sardus	Plecotus sardus	Plecotus sardus	Plecotus sardus
https://linker.bio/line:hash://sha256/8b20b8ebd7b5bd963ba9f45ca371e7167e7d48b61e72aa14471a3e496be15a50!/L1,L1208.tsv	N/A	N/A	N/A	N/A	N/A	N/A	Plecotus strelkovi	Plecotus strelkovi	Plecotus strelkovi	Plecotus strelkovi	Plecotus strelkovi	Plecotus strelkovi	Plecotus strelkovi	Plecotus strelkovi	Plecotus strelkovi
https://linker.bio/line:hash://sha256/8b20b8ebd7b5bd963ba9f45ca371e7167e7d48b61e72aa14471a3e496be15a50!/L1,L1209.tsv	N/A	N/A	N/A	Plecotus taivanus	N/A	Plecotus taivanus	Plecotus taivanus	Plecotus taivanus	Plecotus taivanus	Plecotus taivanus	Plecotus taivanus	Plecotus taivanus	Plecotus taivanus	Plecotus taivanus	Plecotus taivanus
https://linker.bio/line:hash://sha256/8b20b8ebd7b5bd963ba9f45ca371e7167e7d48b61e72aa14471a3e496be15a50!/L1,L1210.tsv	N/A	N/A	Plecotus teneriffae	Plecotus teneriffae	Plecotus austriacus teneriffae	Plecotus teneriffae	Plecotus teneriffae	Plecotus teneriffae	Plecotus teneriffae	Plecotus teneriffae	Plecotus teneriffae	Plecotus teneriffae	Plecotus teneriffae	Plecotus teneriffae	Plecotus teneriffae
https://linker.bio/line:hash://sha256/8b20b8ebd7b5bd963ba9f45ca371e7167e7d48b61e72aa14471a3e496be15a50!/L1,L1211.tsv	N/A	N/A	N/A	N/A	N/A	Plecotus austriacus turkmenicus	Plecotus turkmenicus	Plecotus turkmenicus	Plecotus turkmenicus	Plecotus turkmenicus	Plecotus turkmenicus	Plecotus turkmenicus	Plecotus turkmenicus	Plecotus turkmenicus	Plecotus turkmenicus
https://linker.bio/line:hash://sha256/8b20b8ebd7b5bd963ba9f45ca371e7167e7d48b61e72aa14471a3e496be15a50!/L1,L1212.tsv	N/A	N/A	N/A	Plecotus auritus [synonym of]	Plecotus austriacus wardi	Plecotus austriacus wardi	Plecotus wardi	Plecotus wardi	Plecotus wardi	Plecotus wardi	Plecotus wardi	Plecotus wardi	Plecotus wardi	Plecotus wardi	Plecotus wardi
https://linker.bio/line:hash://sha256/8b20b8ebd7b5bd963ba9f45ca371e7167e7d48b61e72aa14471a3e496be15a50!/L1,L1213.tsv	N/A	N/A	N/A	Plecotus austriacus [synonym of]	Plecotus austriacus ariel	Plecotus austriacus ariel	Plecotus ariel	Plecotus ariel	Plecotus wardi [synonym of]	Plecotus ariel	Plecotus wardi wardi [synonym of]	Plecotus wardi [synonym of]	Plecotus wardi [synonym of]	 	Plecotus wardi [synonym of]
https://linker.bio/line:hash://sha256/8b20b8ebd7b5bd963ba9f45ca371e7167e7d48b61e72aa14471a3e496be15a50!/L1,L1214.tsv	Plerotes anchietai	Plerotes anchietai	Plerotes anchietae	Plerotes anchietai	Plerotes anchietai	Plerotes anchietae	Plerotes anchietae	Plerotes anchietae	Plerotes anchietae	Plerotes anchietae	Plerotes anchietae	Plerotes anchietae	Plerotes anchietae	Plerotes anchietae	Plerotes anchietae
https://linker.bio/line:hash://sha256/8b20b8ebd7b5bd963ba9f45ca371e7167e7d48b61e72aa14471a3e496be15a50!/L1,L1215.tsv	Promops centralis	Promops centralis	Promops centralis	Promops centralis	Promops centralis	Promops centralis	Promops centralis	Promops centralis	Promops centralis	Promops centralis	Promops centralis	Promops centralis	Promops centralis	Promops centralis	Promops centralis
https://linker.bio/line:hash://sha256/8b20b8ebd7b5bd963ba9f45ca371e7167e7d48b61e72aa14471a3e496be15a50!/L1,L1216.tsv	Promops centralis [synonym of]	Promops centralis [synonym of]	Promops centralis [synonym of]	Promops centralis [synonym of]	Promops centralis davisoni	Promops centralis davisoni	Promops davisoni	Promops davisoni	Promops davisoni	Promops davisoni	Promops davisoni	Promops davisoni	Promops davisoni	Promops davisoni	Promops davisoni
https://linker.bio/line:hash://sha256/8b20b8ebd7b5bd963ba9f45ca371e7167e7d48b61e72aa14471a3e496be15a50!/L1,L1217.tsv	Promops nasutus	Promops nasutus	Promops nasutus	Promops nasutus	Promops nasutus	Promops nasutus	Promops nasutus	Promops nasutus	Promops nasutus	Promops nasutus	Promops nasutus	Promops nasutus	Promops nasutus	Promops nasutus	Promops nasutus
https://linker.bio/line:hash://sha256/8b20b8ebd7b5bd963ba9f45ca371e7167e7d48b61e72aa14471a3e496be15a50!/L1,L1218.tsv	Promops pamana	Promops nasutus [synonym of]	Promops nasutus [synonym of]	Promops nasutus [synonym of]	Promops nasutus pamana	Promops nasutus pamana	N/A	Promops nasutus pamana	Promops nasutus [synonym of]	Promops nasutus [synonym of]	Promops nasutus pamana	Promops nasutus [synonym of]	Promops nasutus [synonym of]	 	Promops nasutus [synonym of]
https://linker.bio/line:hash://sha256/8b20b8ebd7b5bd963ba9f45ca371e7167e7d48b61e72aa14471a3e496be15a50!/L1,L1219.tsv	Eptesicus brunneus	Eptesicus brunneus	Pipistrellus brunneus	Eptesicus brunneus	Pipistrellus brunneus	Neoromicia brunneus	Neoromicia brunnea	Pseudoromicia brunnea	Pseudoromicia brunnea	Neoromicia brunnea	Pseudoromicia brunnea	Pseudoromicia brunnea	Pseudoromicia brunnea	Pseudoromicia brunnea	Pseudoromicia brunnea
https://linker.bio/line:hash://sha256/8b20b8ebd7b5bd963ba9f45ca371e7167e7d48b61e72aa14471a3e496be15a50!/L1,L1220.tsv	N/A	N/A	N/A	N/A	N/A	N/A	Neoromicia isabella	Pseudoromicia isabella	Pseudoromicia isabella	Neoromicia isabella	Pseudoromicia isabella	Pseudoromicia isabella	Pseudoromicia isabella	Pseudoromicia isabella	Pseudoromicia isabella
https://linker.bio/line:hash://sha256/8b20b8ebd7b5bd963ba9f45ca371e7167e7d48b61e72aa14471a3e496be15a50!/L1,L1221.tsv	N/A	N/A	N/A	N/A	N/A	N/A	N/A	Pseudoromicia kityoi	Pseudoromicia kityoi	N/A	Pseudoromicia kityoi	Pseudoromicia kityoi	Pseudoromicia kityoi	Pseudoromicia kityoi	Pseudoromicia kityoi
https://linker.bio/line:hash://sha256/8b20b8ebd7b5bd963ba9f45ca371e7167e7d48b61e72aa14471a3e496be15a50!/L1,L1222.tsv	N/A	N/A	N/A	N/A	N/A	N/A	N/A	N/A	N/A	N/A	Pseudoromicia mbamminkom	Pseudoromicia mbamminkom	Pseudoromicia mbamminkom	Pseudoromicia mbamminkom	Pseudoromicia mbamminkom
https://linker.bio/line:hash://sha256/8b20b8ebd7b5bd963ba9f45ca371e7167e7d48b61e72aa14471a3e496be15a50!/L1,L1223.tsv	N/A	N/A	N/A	N/A	N/A	N/A	N/A	Pseudoromicia nyanza	Pseudoromicia nyanza	N/A	Pseudoromicia nyanza	Pseudoromicia nyanza	Pseudoromicia nyanza	Pseudoromicia nyanza	Pseudoromicia nyanza
https://linker.bio/line:hash://sha256/8b20b8ebd7b5bd963ba9f45ca371e7167e7d48b61e72aa14471a3e496be15a50!/L1,L1224.tsv	N/A	N/A	N/A	N/A	N/A	N/A	N/A	N/A	N/A	N/A	Pseudoromicia principis	Pseudoromicia principis	Pseudoromicia principis	Pseudoromicia principis	Pseudoromicia principis
https://linker.bio/line:hash://sha256/8b20b8ebd7b5bd963ba9f45ca371e7167e7d48b61e72aa14471a3e496be15a50!/L1,L1225.tsv	Eptesicus rendalli	Eptesicus rendalli	Pipistrellus rendalli	Eptesicus rendalli	Pipistrellus rendalli	Neoromicia rendalli	Neoromicia rendalli	Pseudoromicia rendalli	Pseudoromicia rendalli	Neoromicia rendalli	Pseudoromicia rendalli	Pseudoromicia rendalli	Pseudoromicia rendalli	Pseudoromicia rendalli	Pseudoromicia rendalli
https://linker.bio/line:hash://sha256/8b20b8ebd7b5bd963ba9f45ca371e7167e7d48b61e72aa14471a3e496be15a50!/L1,L1226.tsv	N/A	N/A	N/A	N/A	N/A	N/A	Neoromicia roseveari	Pseudoromicia roseveari	Pseudoromicia roseveari	Neoromicia roseveari	Pseudoromicia roseveari	Pseudoromicia roseveari	Pseudoromicia roseveari	Pseudoromicia roseveari	Pseudoromicia roseveari
https://linker.bio/line:hash://sha256/8b20b8ebd7b5bd963ba9f45ca371e7167e7d48b61e72aa14471a3e496be15a50!/L1,L1227.tsv	Eptesicus tenuipinnis	Eptesicus tenuipinnis	Pipistrellus tenuipinnis	Eptesicus tenuipinnis	Pipistrellus tenuipinnis	Neoromicia tenuipinnis	Neoromicia tenuipinnis	Pseudoromicia tenuipinnis	Pseudoromicia tenuipinnis	Neoromicia tenuipinnis	Pseudoromicia tenuipinnis	Pseudoromicia tenuipinnis	Pseudoromicia tenuipinnis	Pseudoromicia tenuipinnis	Pseudoromicia tenuipinnis
https://linker.bio/line:hash://sha256/8b20b8ebd7b5bd963ba9f45ca371e7167e7d48b61e72aa14471a3e496be15a50!/L1,L1228.tsv	Ptenochirus jagori	Ptenochirus jagori	Ptenochirus jagorii	Ptenochirus jagori	Ptenochirus jagorii	Ptenochirus jagori	Ptenochirus jagorii	Ptenochirus jagorii	Ptenochirus jagorii	Ptenochirus jagori	Ptenochirus jagorii	Ptenochirus jagorii	Ptenochirus jagorii	Ptenochirus jagorii	Ptenochirus jagorii
https://linker.bio/line:hash://sha256/8b20b8ebd7b5bd963ba9f45ca371e7167e7d48b61e72aa14471a3e496be15a50!/L1,L1229.tsv	Ptenochirus minor	Ptenochirus minor	Ptenochirus minor	Ptenochirus minor	Ptenochirus minor	Ptenochirus minor	Ptenochirus minor	Ptenochirus minor	Ptenochirus minor	Ptenochirus minor	Ptenochirus minor	Ptenochirus minor	Ptenochirus minor	Ptenochirus minor	Ptenochirus minor
https://linker.bio/line:hash://sha256/8b20b8ebd7b5bd963ba9f45ca371e7167e7d48b61e72aa14471a3e496be15a50!/L1,L1230.tsv	Megaerops wetmorei	Megaerops wetmorei	Megaerops wetmorei	Megaerops wetmorei	Megaerops wetmorei	Megaerops wetmorei	Ptenochirus wetmorei	Ptenochirus wetmorei	Ptenochirus wetmorei	Megaerops wetmorei	Ptenochirus wetmorei	Ptenochirus wetmorei	Ptenochirus wetmorei	Ptenochirus wetmorei	Ptenochirus wetmorei
https://linker.bio/line:hash://sha256/8b20b8ebd7b5bd963ba9f45ca371e7167e7d48b61e72aa14471a3e496be15a50!/L1,L1231.tsv	Pteralopex anceps	Pteralopex anceps	Pteralopex anceps	Pteralopex anceps	Pteralopex anceps	Pteralopex anceps	Pteralopex anceps	Pteralopex anceps	Pteralopex anceps	Pteralopex anceps	Pteralopex anceps	Pteralopex anceps	Pteralopex anceps	Pteralopex anceps	Pteralopex anceps
https://linker.bio/line:hash://sha256/8b20b8ebd7b5bd963ba9f45ca371e7167e7d48b61e72aa14471a3e496be15a50!/L1,L1232.tsv	Pteralopex atrata	Pteralopex atrata	Pteralopex atrata	Pteralopex atrata	Pteralopex atrata	Pteralopex atrata	Pteralopex atrata	Pteralopex atrata	Pteralopex atrata	Pteralopex atrata	Pteralopex atrata	Pteralopex atrata	Pteralopex atrata	Pteralopex atrata	Pteralopex atrata
https://linker.bio/line:hash://sha256/8b20b8ebd7b5bd963ba9f45ca371e7167e7d48b61e72aa14471a3e496be15a50!/L1,L1233.tsv	N/A	N/A	N/A	N/A	N/A	N/A	Pteralopex flanneryi	Pteralopex flanneryi	Pteralopex flanneryi	Pteralopex flanneryi	Pteralopex flanneryi	Pteralopex flanneryi	Pteralopex flanneryi	Pteralopex flanneryi	Pteralopex flanneryi
https://linker.bio/line:hash://sha256/8b20b8ebd7b5bd963ba9f45ca371e7167e7d48b61e72aa14471a3e496be15a50!/L1,L1234.tsv	N/A	N/A	N/A	Pteralopex pulchra	N/A	Pteralopex pulchra	Pteralopex pulchra	Pteralopex pulchra	Pteralopex pulchra	Pteralopex pulchra	Pteralopex pulchra	Pteralopex pulchra	Pteralopex pulchra	Pteralopex pulchra	Pteralopex pulchra
https://linker.bio/line:hash://sha256/8b20b8ebd7b5bd963ba9f45ca371e7167e7d48b61e72aa14471a3e496be15a50!/L1,L1235.tsv	N/A	N/A	N/A	N/A	N/A	Pteralopex taki	Pteralopex taki	Pteralopex taki	Pteralopex taki	Pteralopex taki	Pteralopex taki	Pteralopex taki	Pteralopex taki	Pteralopex taki	Pteralopex taki
https://linker.bio/line:hash://sha256/8b20b8ebd7b5bd963ba9f45ca371e7167e7d48b61e72aa14471a3e496be15a50!/L1,L1236.tsv	N/A	N/A	N/A	N/A	N/A	N/A	Pteronotus alitonus	Pteronotus alitonus	Pteronotus alitonus	N/A	Pteronotus alitonus	Pteronotus alitonus	Pteronotus alitonus	Pteronotus alitonus	Pteronotus alitonus
https://linker.bio/line:hash://sha256/8b20b8ebd7b5bd963ba9f45ca371e7167e7d48b61e72aa14471a3e496be15a50!/L1,L1237.tsv	Pteronotus davyi	Pteronotus davyi	Pteronotus davyi	Pteronotus davyi	Pteronotus davyi	Pteronotus davyi	Pteronotus davyi	Pteronotus davyi	Pteronotus davyi	Pteronotus davyi	Pteronotus davyi	Pteronotus davyi	Pteronotus davyi	Pteronotus davyi	Pteronotus davyi
https://linker.bio/line:hash://sha256/8b20b8ebd7b5bd963ba9f45ca371e7167e7d48b61e72aa14471a3e496be15a50!/L1,L1238.tsv	N/A	N/A	N/A	Pteronotus davyi [synonym of]	Pteronotus davyi fulvus	Pteronotus davyi fulvus	Pteronotus fulvus	Pteronotus fulvus	Pteronotus fulvus	N/A	Pteronotus fulvus	Pteronotus fulvus	Pteronotus fulvus	Pteronotus fulvus	Pteronotus fulvus
https://linker.bio/line:hash://sha256/8b20b8ebd7b5bd963ba9f45ca371e7167e7d48b61e72aa14471a3e496be15a50!/L1,L1239.tsv	N/A	N/A	N/A	Pteronotus parnellii [synonym of]	Pteronotus parnellii fuscus	Pteronotus parnellii fuscus	Pteronotus fuscus	Pteronotus fuscus	Pteronotus fuscus	N/A	Pteronotus fuscus	Pteronotus fuscus	Pteronotus fuscus	Pteronotus fuscus	Pteronotus fuscus
https://linker.bio/line:hash://sha256/8b20b8ebd7b5bd963ba9f45ca371e7167e7d48b61e72aa14471a3e496be15a50!/L1,L1240.tsv	Pteronotus gymnonotus	Pteronotus gymnonotus	Pteronotus gymnonotus	Pteronotus gymnonotus	Pteronotus gymnonotus	Pteronotus gymnonotus	Pteronotus gymnonotus	Pteronotus gymnonotus	Pteronotus gymnonotus	Pteronotus gymnonotus	Pteronotus gymnonotus	Pteronotus gymnonotus	Pteronotus gymnonotus	Pteronotus gymnonotus	Pteronotus gymnonotus
https://linker.bio/line:hash://sha256/8b20b8ebd7b5bd963ba9f45ca371e7167e7d48b61e72aa14471a3e496be15a50!/L1,L1241.tsv	Pteronotus macleayi	Pteronotus macleayii	Pteronotus macleayii	Pteronotus macleayii	Pteronotus macleayii	Pteronotus macleayii	Pteronotus macleayii	Pteronotus macleayii	Pteronotus macleayii	Pteronotus macleayii	Pteronotus macleayii	Pteronotus macleayii	Pteronotus macleayii	Pteronotus macleayii	Pteronotus macleayii
https://linker.bio/line:hash://sha256/8b20b8ebd7b5bd963ba9f45ca371e7167e7d48b61e72aa14471a3e496be15a50!/L1,L1242.tsv	N/A	N/A	N/A	Pteronotus parnellii [synonym of]	Pteronotus parnellii mesoamericanus	Pteronotus parnellii mesoamericanus	Pteronotus mesoamericanus	Pteronotus mesoamericanus	Pteronotus mesoamericanus	Pteronotus mesoamericanus	Pteronotus mesoamericanus	Pteronotus mesoamericanus	Pteronotus mesoamericanus	Pteronotus mesoamericanus	Pteronotus mesoamericanus
https://linker.bio/line:hash://sha256/8b20b8ebd7b5bd963ba9f45ca371e7167e7d48b61e72aa14471a3e496be15a50!/L1,L1243.tsv	N/A	N/A	N/A	Pteronotus parnellii [synonym of]	Pteronotus parnellii mexicanus	Pteronotus parnellii mexicanus	Pteronotus mexicanus	Pteronotus mexicanus	Pteronotus mexicanus	N/A	Pteronotus mexicanus	Pteronotus mexicanus	Pteronotus mexicanus	Pteronotus mexicanus	Pteronotus mexicanus
https://linker.bio/line:hash://sha256/8b20b8ebd7b5bd963ba9f45ca371e7167e7d48b61e72aa14471a3e496be15a50!/L1,L1244.tsv	N/A	N/A	N/A	Pteronotus parnellii [synonym of]	N/A		Pteronotus paraguanensis	Pteronotus paraguanensis	Pteronotus paraguanensis	Pteronotus paraguanensis	Pteronotus paraguanensis	Pteronotus paraguanensis	Pteronotus paraguanensis	Pteronotus paraguanensis	Pteronotus paraguanensis
https://linker.bio/line:hash://sha256/8b20b8ebd7b5bd963ba9f45ca371e7167e7d48b61e72aa14471a3e496be15a50!/L1,L1245.tsv	Pteronotus parnelli	Pteronotus parnellii	Pteronotus parnellii	Pteronotus parnellii	Pteronotus parnellii	Pteronotus parnellii	Pteronotus parnellii	Pteronotus parnellii	Pteronotus parnellii	Pteronotus parnellii	Pteronotus parnellii	Pteronotus parnellii	Pteronotus parnellii	Pteronotus parnellii	Pteronotus parnellii
https://linker.bio/line:hash://sha256/8b20b8ebd7b5bd963ba9f45ca371e7167e7d48b61e72aa14471a3e496be15a50!/L1,L1246.tsv	Pteronotus personatus	Pteronotus personatus	Pteronotus personatus	Pteronotus personatus	Pteronotus personatus	Pteronotus personatus	Pteronotus personatus	Pteronotus personatus	Pteronotus personatus	Pteronotus personatus	Pteronotus personatus	Pteronotus personatus	Pteronotus personatus	Pteronotus personatus	Pteronotus personatus
https://linker.bio/line:hash://sha256/8b20b8ebd7b5bd963ba9f45ca371e7167e7d48b61e72aa14471a3e496be15a50!/L1,L1247.tsv	N/A	N/A	N/A	Pteronotus parnellii [synonym of]	Pteronotus parnellii portoricensis	Pteronotus parnellii portoricensis	Pteronotus portoricensis	Pteronotus portoricensis	Pteronotus portoricensis	N/A	Pteronotus portoricensis	Pteronotus portoricensis	Pteronotus portoricensis	Pteronotus portoricensis	Pteronotus portoricensis
https://linker.bio/line:hash://sha256/8b20b8ebd7b5bd963ba9f45ca371e7167e7d48b61e72aa14471a3e496be15a50!/L1,L1248.tsv	N/A	Pteronotus personatus [synonym of]	N/A	Pteronotus personatus [synonym of]	Pteronotus personatus psilotis	Pteronotus personatus psilotis	Pteronotus psilotis	Pteronotus psilotis	Pteronotus psilotis	N/A	Pteronotus psilotis	Pteronotus psilotis	Pteronotus psilotis	Pteronotus psilotis	Pteronotus psilotis
https://linker.bio/line:hash://sha256/8b20b8ebd7b5bd963ba9f45ca371e7167e7d48b61e72aa14471a3e496be15a50!/L1,L1249.tsv	N/A	N/A	N/A	Pteronotus parnellii [synonym of]	Pteronotus parnellii pusillus	Pteronotus parnellii pusillus	Pteronotus pusillus	Pteronotus pusillus	Pteronotus pusillus	N/A	Pteronotus pusillus	Pteronotus pusillus	Pteronotus pusillus	Pteronotus pusillus	Pteronotus pusillus
https://linker.bio/line:hash://sha256/8b20b8ebd7b5bd963ba9f45ca371e7167e7d48b61e72aa14471a3e496be15a50!/L1,L1250.tsv	N/A	N/A	Pteronotus quadridens	Pteronotus quadridens	Pteronotus quadridens	Pteronotus quadridens	Pteronotus quadridens	Pteronotus quadridens	Pteronotus quadridens	Pteronotus quadridens	Pteronotus quadridens	Pteronotus quadridens	Pteronotus quadridens	Pteronotus quadridens	Pteronotus quadridens
https://linker.bio/line:hash://sha256/8b20b8ebd7b5bd963ba9f45ca371e7167e7d48b61e72aa14471a3e496be15a50!/L1,L1251.tsv	Pteronotus fuliginosus	Pteronotus fuliginosus	Pteronotus quadridens [synonym of]	Pteronotus quadridens [synonym of]	Pteronotus quadridens fuliginosus	Pteronotus quadridens fuliginosus	Pteronotus quadridens fuliginosus	Pteronotus quadridens fuliginosus	Pteronotus quadridens [synonym of]	N/A	Pteronotus quadridens fuliginosus	Pteronotus quadridens [synonym of]	Pteronotus quadridens [synonym of]	 	Pteronotus quadridens fuliginosus
https://linker.bio/line:hash://sha256/8b20b8ebd7b5bd963ba9f45ca371e7167e7d48b61e72aa14471a3e496be15a50!/L1,L1252.tsv	N/A	N/A	N/A	Pteronotus parnellii [synonym of]	Pteronotus parnellii rubiginosus	Pteronotus parnellii rubiginosus	Pteronotus rubiginosus	Pteronotus rubiginosus	Pteronotus rubiginosus	Pteronotus rubiginosus	Pteronotus rubiginosus	Pteronotus rubiginosus	Pteronotus rubiginosus	Pteronotus rubiginosus	Pteronotus rubiginosus
https://linker.bio/line:hash://sha256/8b20b8ebd7b5bd963ba9f45ca371e7167e7d48b61e72aa14471a3e496be15a50!/L1,L1253.tsv	Pteropus admiralitatum	Pteropus admiralitatum	Pteropus admiralitatum	Pteropus admiralitatum	Pteropus admiralitatum	Pteropus admiralitatum	Pteropus admiralitatum	Pteropus admiralitatum	Pteropus admiralitatum	Pteropus admiralitatum	Pteropus admiralitatum	Pteropus admiralitatum	Pteropus admiralitatum	Pteropus admiralitatum	Pteropus admiralitatum
https://linker.bio/line:hash://sha256/8b20b8ebd7b5bd963ba9f45ca371e7167e7d48b61e72aa14471a3e496be15a50!/L1,L1254.tsv	N/A	N/A	N/A	Pteropus aldabrensis	Pteropus seychellensis aldabrensis	Pteropus aldabrensis	Pteropus aldabrensis	Pteropus aldabrensis	Pteropus aldabrensis	Pteropus aldabrensis	Pteropus aldabrensis	Pteropus aldabrensis	Pteropus aldabrensis	Pteropus aldabrensis	Pteropus aldabrensis
https://linker.bio/line:hash://sha256/8b20b8ebd7b5bd963ba9f45ca371e7167e7d48b61e72aa14471a3e496be15a50!/L1,L1255.tsv	Pteropus alecto	Pteropus alecto	Pteropus alecto	Pteropus alecto	Pteropus alecto	Pteropus alecto	Pteropus alecto	Pteropus alecto	Pteropus alecto	Pteropus alecto	Pteropus alecto	Pteropus alecto	Pteropus alecto	Pteropus alecto	Pteropus alecto
https://linker.bio/line:hash://sha256/8b20b8ebd7b5bd963ba9f45ca371e7167e7d48b61e72aa14471a3e496be15a50!/L1,L1256.tsv	N/A	N/A	N/A	N/A	N/A	Pteropus banakrisi	N/A	Pteropus alecto alecto [synonym of]	Pteropus alecto [synonym of]	N/A	Pteropus alecto alecto [synonym of]	Pteropus alecto [synonym of]	Pteropus alecto [synonym of]	 	Pteropus alecto gouldii [synonym of]
https://linker.bio/line:hash://sha256/8b20b8ebd7b5bd963ba9f45ca371e7167e7d48b61e72aa14471a3e496be15a50!/L1,L1257.tsv	N/A	N/A	N/A	N/A	N/A	N/A		Pteropus allenorum	Pteropus allenorum	Pteropus allenorum	Pteropus allenorum	Pteropus allenorum	Pteropus allenorum	Pteropus allenorum	Pteropus allenorum
https://linker.bio/line:hash://sha256/8b20b8ebd7b5bd963ba9f45ca371e7167e7d48b61e72aa14471a3e496be15a50!/L1,L1258.tsv	Pteropus anetianus	Pteropus anetianus	Pteropus anetianus	Pteropus anetianus	Pteropus anetianus	Pteropus anetianus	Pteropus anetianus	Pteropus anetianus	Pteropus anetianus	Pteropus anetianus	Pteropus anetianus	Pteropus anetianus	Pteropus anetianus	Pteropus anetianus	Pteropus anetianus
https://linker.bio/line:hash://sha256/8b20b8ebd7b5bd963ba9f45ca371e7167e7d48b61e72aa14471a3e496be15a50!/L1,L1259.tsv	N/A	N/A	N/A	Pteropus melanopogon [synonym of]	Pteropus melanopogon aruensis	Pteropus aruensis	Pteropus aruensis	Pteropus aruensis	Pteropus aruensis	Pteropus aruensis	Pteropus aruensis	Pteropus aruensis	Pteropus aruensis	Pteropus aruensis	Pteropus aruensis
https://linker.bio/line:hash://sha256/8b20b8ebd7b5bd963ba9f45ca371e7167e7d48b61e72aa14471a3e496be15a50!/L1,L1260.tsv	Pteropus brunneus	Pteropus hypomelanus [synonym of]	Pteropus brunneus	Pteropus brunneus	Pteropus brunneus	Pteropus brunneus	N/A	Pteropus brunneus	Pteropus brunneus	Pteropus brunneus	Pteropus brunneus	Pteropus brunneus	Pteropus brunneus	Pteropus brunneus	Pteropus brunneus
https://linker.bio/line:hash://sha256/8b20b8ebd7b5bd963ba9f45ca371e7167e7d48b61e72aa14471a3e496be15a50!/L1,L1261.tsv	Pteropus caniceps	Pteropus caniceps	Pteropus caniceps	Pteropus caniceps	Pteropus caniceps	Pteropus caniceps	Pteropus caniceps	Pteropus caniceps	Pteropus caniceps	Pteropus caniceps	Pteropus caniceps	Pteropus caniceps	Pteropus caniceps	Pteropus caniceps	Pteropus caniceps
https://linker.bio/line:hash://sha256/8b20b8ebd7b5bd963ba9f45ca371e7167e7d48b61e72aa14471a3e496be15a50!/L1,L1262.tsv	N/A	N/A	N/A	N/A	Pteropus temmincki capistratus	Pteropus capistratus	Pteropus capistratus	Pteropus capistratus	Pteropus capistratus	Pteropus capistratus	Pteropus capistratus	Pteropus capistratus	Pteropus capistratus	Pteropus capistratus	Pteropus capistratus
https://linker.bio/line:hash://sha256/8b20b8ebd7b5bd963ba9f45ca371e7167e7d48b61e72aa14471a3e496be15a50!/L1,L1263.tsv	Pteropus chrysoproctus	Pteropus chrysoproctus	Pteropus chrysoproctus	Pteropus chrysoproctus	Pteropus chrysoproctus	Pteropus chrysoproctus	Pteropus chrysoproctus	Pteropus chrysoproctus	Pteropus chrysoproctus	Pteropus chrysoproctus	Pteropus chrysoproctus	Pteropus chrysoproctus	Pteropus chrysoproctus	Pteropus chrysoproctus	Pteropus chrysoproctus
https://linker.bio/line:hash://sha256/8b20b8ebd7b5bd963ba9f45ca371e7167e7d48b61e72aa14471a3e496be15a50!/L1,L1264.tsv	Pteropus argentatus	Pteropus argentatus	Pteropus argentatus	Pteropus argentatus	Pteropus argentatus	Pteropus melanopogon [synonym of] and Pteropus chrysoproctus [synonym of]	Pteropus aruensis argentata	Pteropus melanopogon melanopogon [synonym of] and Pteropus aruensis argentata	Pteropus melanopogon [synonym of] and Pteropus chrysoproctus [synonym of]	Pteropus chrysoproctus [synonym of]	Pteropus melanopogon melanopogon [synonym of]	Pteropus aruensis [synonym of] and Pteropus melanopogon [synonym of]	Pteropus chrysoproctus [synonym of] and Pteropus aruensis [synonym of]	 	Pteropus chrysoproctus [synonym of] and Pteropus aruensis [synonym of]
https://linker.bio/line:hash://sha256/8b20b8ebd7b5bd963ba9f45ca371e7167e7d48b61e72aa14471a3e496be15a50!/L1,L1265.tsv	Pteropus cognatus	Pteropus rayneri [synonym of]	Pteropus rayneri [synonym of]	Pteropus rayneri [synonym of]	Pteropus rayneri cognatus	Pteropus cognatus	Pteropus cognatus	Pteropus cognatus	Pteropus cognatus	Pteropus cognatus	Pteropus cognatus	Pteropus cognatus	Pteropus cognatus	Pteropus cognatus	Pteropus cognatus
https://linker.bio/line:hash://sha256/8b20b8ebd7b5bd963ba9f45ca371e7167e7d48b61e72aa14471a3e496be15a50!/L1,L1266.tsv	Pteropus conspicillatus	Pteropus conspicillatus	Pteropus conspicillatus	Pteropus conspicillatus	Pteropus conspicillatus	Pteropus conspicillatus	Pteropus conspicillatus	Pteropus conspicillatus	Pteropus conspicillatus	Pteropus conspicillatus	Pteropus conspicillatus	Pteropus conspicillatus	Pteropus conspicillatus	Pteropus conspicillatus	Pteropus conspicillatus
https://linker.bio/line:hash://sha256/8b20b8ebd7b5bd963ba9f45ca371e7167e7d48b61e72aa14471a3e496be15a50!/L1,L1267.tsv	N/A	N/A	N/A	N/A	N/A	N/A		Pteropus coxi	Pteropus coxi	Pteropus coxi	Pteropus coxi	Pteropus coxi	Pteropus coxi	Pteropus coxi	Pteropus coxi
https://linker.bio/line:hash://sha256/8b20b8ebd7b5bd963ba9f45ca371e7167e7d48b61e72aa14471a3e496be15a50!/L1,L1268.tsv	Pteropus dasymallus	Pteropus dasymallus	Pteropus dasymallus	Pteropus dasymallus	Pteropus dasymallus	Pteropus dasymallus	Pteropus dasymallus	Pteropus dasymallus	Pteropus dasymallus	Pteropus dasymallus	Pteropus dasymallus	Pteropus dasymallus	Pteropus dasymallus	Pteropus dasymallus	Pteropus dasymallus
https://linker.bio/line:hash://sha256/8b20b8ebd7b5bd963ba9f45ca371e7167e7d48b61e72aa14471a3e496be15a50!/L1,L1269.tsv	N/A	N/A	N/A	N/A	N/A	Pteropus capistratus ennisae	Pteropus ennisae	Pteropus ennisae	Pteropus ennisae	Pteropus ennisae	Pteropus ennisae	Pteropus ennisae	Pteropus ennisae	Pteropus ennisae	Pteropus ennisae
https://linker.bio/line:hash://sha256/8b20b8ebd7b5bd963ba9f45ca371e7167e7d48b61e72aa14471a3e496be15a50!/L1,L1270.tsv	Pteropus faunulus	Pteropus faunulus	Pteropus faunulus	Pteropus faunulus	Pteropus faunulus	Pteropus faunulus	Pteropus faunulus	Pteropus faunulus	Pteropus faunulus	Pteropus faunulus	Pteropus faunulus	Pteropus faunulus	Pteropus faunulus	Pteropus faunulus	Pteropus faunulus
https://linker.bio/line:hash://sha256/8b20b8ebd7b5bd963ba9f45ca371e7167e7d48b61e72aa14471a3e496be15a50!/L1,L1271.tsv	Pteropus fundatus	Pteropus fundatus	Pteropus fundatus	Pteropus fundatus	Pteropus fundatus	Pteropus fundatus	Pteropus fundatus	Pteropus fundatus	Pteropus fundatus	Pteropus fundatus	Pteropus fundatus	Pteropus fundatus	Pteropus fundatus	Pteropus fundatus	Pteropus fundatus
https://linker.bio/line:hash://sha256/8b20b8ebd7b5bd963ba9f45ca371e7167e7d48b61e72aa14471a3e496be15a50!/L1,L1272.tsv	Pteropus gilliardi	Pteropus gilliardi	Pteropus gilliardi	Pteropus gilliardi	Pteropus gailliardi	Pteropus gilliardorum	Pteropus gilliardorum	Pteropus gilliardorum	Pteropus gilliardorum	Pteropus gilliardorum	Pteropus gilliardorum	Pteropus gilliardi	Pteropus gilliardi	Pteropus gilliardi	Pteropus gilliardi
https://linker.bio/line:hash://sha256/8b20b8ebd7b5bd963ba9f45ca371e7167e7d48b61e72aa14471a3e496be15a50!/L1,L1273.tsv	Pteropus griseus	Pteropus griseus	Pteropus griseus	Pteropus griseus	Pteropus griseus	Pteropus griseus	Pteropus griseus	Pteropus griseus	Pteropus griseus	Pteropus griseus	Pteropus griseus	Pteropus griseus	Pteropus griseus	Pteropus griseus	Pteropus griseus
https://linker.bio/line:hash://sha256/8b20b8ebd7b5bd963ba9f45ca371e7167e7d48b61e72aa14471a3e496be15a50!/L1,L1274.tsv	Pteropus howensis	Pteropus howensis	Pteropus howensis	Pteropus howensis	Pteropus howensis	Pteropus howensis	Pteropus howensis	Pteropus howensis	Pteropus howensis	Pteropus howensis	Pteropus howensis	Pteropus howensis	Pteropus howensis	Pteropus howensis	Pteropus howensis
https://linker.bio/line:hash://sha256/8b20b8ebd7b5bd963ba9f45ca371e7167e7d48b61e72aa14471a3e496be15a50!/L1,L1275.tsv	Pteropus hypomelanus	Pteropus hypomelanus	Pteropus hypomelanus	Pteropus hypomelanus	Pteropus hypomelanus	Pteropus hypomelanus	Pteropus hypomelanus	Pteropus hypomelanus	Pteropus hypomelanus	Pteropus hypomelanus	Pteropus hypomelanus	Pteropus hypomelanus	Pteropus hypomelanus	Pteropus hypomelanus	Pteropus hypomelanus
https://linker.bio/line:hash://sha256/8b20b8ebd7b5bd963ba9f45ca371e7167e7d48b61e72aa14471a3e496be15a50!/L1,L1276.tsv	Pteropus intermedius	N/A	Pteropus intermedius	Pteropus vampyrus [synonym of]	Pteropus vampyrus intermedius	Pteropus intermedius	Pteropus vampyrus	Pteropus intermedius	Pteropus vampyrus [synonym of]	Pteropus intermedius	Pteropus intermedius	Pteropus intermedius	Pteropus intermedius	Pteropus intermedius	Pteropus intermedius
https://linker.bio/line:hash://sha256/8b20b8ebd7b5bd963ba9f45ca371e7167e7d48b61e72aa14471a3e496be15a50!/L1,L1277.tsv	N/A	N/A	N/A	Pteropus melanopogon [synonym of]	Pteropus melanopogon keyensis	Pteropus keyensis	Pteropus keyensis	Pteropus keyensis	Pteropus keyensis	Pteropus keyensis	Pteropus keyensis	Pteropus keyensis	Pteropus keyensis	Pteropus keyensis	Pteropus keyensis
https://linker.bio/line:hash://sha256/8b20b8ebd7b5bd963ba9f45ca371e7167e7d48b61e72aa14471a3e496be15a50!/L1,L1278.tsv	Pteropus livingstonei	Pteropus livingstonei	Pteropus livingstonii	Pteropus livingstonei	Pteropus livingstonei	Pteropus livingstonii	Pteropus livingstonii	Pteropus livingstonii	Pteropus livingstonii	Pteropus livingstonii	Pteropus livingstonii	Pteropus livingstonii	Pteropus livingstonii	Pteropus livingstonii	Pteropus livingstonii
https://linker.bio/line:hash://sha256/8b20b8ebd7b5bd963ba9f45ca371e7167e7d48b61e72aa14471a3e496be15a50!/L1,L1279.tsv	Pteropus lombocensis	Pteropus lombocensis	Pteropus lombocensis	Pteropus lombocensis	Pteropus lombocensis	Pteropus lombocensis	Pteropus lombocensis	Pteropus lombocensis	Pteropus lombocensis	Pteropus lombocensis	Pteropus lombocensis	Pteropus lombocensis	Pteropus lombocensis	Pteropus lombocensis	Pteropus lombocensis
https://linker.bio/line:hash://sha256/8b20b8ebd7b5bd963ba9f45ca371e7167e7d48b61e72aa14471a3e496be15a50!/L1,L1280.tsv	Pteropus lylei	Pteropus lylei	Pteropus lylei	Pteropus lylei	Pteropus lylei	Pteropus lylei	Pteropus lylei	Pteropus lylei	Pteropus lylei	Pteropus lylei	Pteropus lylei	Pteropus lylei	Pteropus lylei	Pteropus lylei	Pteropus lylei
https://linker.bio/line:hash://sha256/8b20b8ebd7b5bd963ba9f45ca371e7167e7d48b61e72aa14471a3e496be15a50!/L1,L1281.tsv	Pteropus macrotis	Pteropus macrotis	Pteropus macrotis	Pteropus macrotis	Pteropus macrotis	Pteropus macrotis	Pteropus macrotis	Pteropus macrotis	Pteropus macrotis	Pteropus macrotis	Pteropus macrotis	Pteropus macrotis	Pteropus macrotis	Pteropus macrotis	Pteropus macrotis
https://linker.bio/line:hash://sha256/8b20b8ebd7b5bd963ba9f45ca371e7167e7d48b61e72aa14471a3e496be15a50!/L1,L1282.tsv	Pteropus mahaganus	Pteropus mahaganus	Pteropus mahaganus	Pteropus mahaganus	Pteropus mahaganus	Pteropus mahaganus	Pteropus mahaganus	Pteropus mahaganus	Pteropus mahaganus	Pteropus mahaganus	Pteropus mahaganus	Pteropus mahaganus	Pteropus mahaganus	Pteropus mahaganus	Pteropus mahaganus
https://linker.bio/line:hash://sha256/8b20b8ebd7b5bd963ba9f45ca371e7167e7d48b61e72aa14471a3e496be15a50!/L1,L1283.tsv	Pteropus mariannus	Pteropus mariannus	Pteropus mariannus	Pteropus mariannus	Pteropus mariannus	Pteropus mariannus	Pteropus mariannus	Pteropus mariannus	Pteropus mariannus	Pteropus mariannus	Pteropus mariannus	Pteropus mariannus	Pteropus mariannus	Pteropus mariannus	Pteropus mariannus
https://linker.bio/line:hash://sha256/8b20b8ebd7b5bd963ba9f45ca371e7167e7d48b61e72aa14471a3e496be15a50!/L1,L1284.tsv	Pteropus vanikorensis	Pteropus tonganus [synonym of]	Pteropus vanikorensis	Pteropus mariannus [synonym of]	N/A	Pteropus mariannus [synonym of]	N/A	Pteropus mariannus [synonym of]	Pteropus mariannus [synonym of]	N/A	Pteropus mariannus [synonym of]	Pteropus mariannus [synonym of]	Pteropus mariannus [synonym of]	 	Pteropus mariannus [synonym of]
https://linker.bio/line:hash://sha256/8b20b8ebd7b5bd963ba9f45ca371e7167e7d48b61e72aa14471a3e496be15a50!/L1,L1285.tsv	N/A	N/A	N/A	Pteropus mariannus [synonym of]	Pteropus mariannus loochoensis	Pteropus loochoensis	Pteropus mariannus [synonym or extinct subspecies of]	Pteropus mariannus [synonym or extinct subspecies of]	Pteropus mariannus [synonym of]	Pteropus loochoensis	Pteropus mariannus loochoensis	Pteropus mariannus [synonym of]	Pteropus mariannus [synonym of]	 	Pteropus mariannus loochoensis
https://linker.bio/line:hash://sha256/8b20b8ebd7b5bd963ba9f45ca371e7167e7d48b61e72aa14471a3e496be15a50!/L1,L1286.tsv	N/A	Pteropus vampyrus [synonym of]	N/A	Pteropus vampyrus [synonym of]	Pteropus vampyrus medius	Pteropus giganteus [synonym of]	Pteropus medius	Pteropus medius	Pteropus medius	N/A	Pteropus medius	Pteropus medius	Pteropus medius	Pteropus medius	Pteropus medius
https://linker.bio/line:hash://sha256/8b20b8ebd7b5bd963ba9f45ca371e7167e7d48b61e72aa14471a3e496be15a50!/L1,L1287.tsv	Pteropus melanopogon	Pteropus melanopogon	Pteropus melanopogon	Pteropus melanopogon	Pteropus melanopogon	Pteropus melanopogon	Pteropus melanopogon	Pteropus melanopogon	Pteropus melanopogon	Pteropus melanopogon	Pteropus melanopogon	Pteropus melanopogon	Pteropus melanopogon	Pteropus melanopogon	Pteropus melanopogon
https://linker.bio/line:hash://sha256/8b20b8ebd7b5bd963ba9f45ca371e7167e7d48b61e72aa14471a3e496be15a50!/L1,L1288.tsv	Pteropus melanotus	Pteropus melanotus	Pteropus melanotus	Pteropus melanotus	Pteropus melanotus	Pteropus melanotus	Pteropus melanotus	Pteropus melanotus	Pteropus melanotus	Pteropus melanotus	Pteropus melanotus	Pteropus melanotus	Pteropus melanotus	Pteropus melanotus	Pteropus melanotus
https://linker.bio/line:hash://sha256/8b20b8ebd7b5bd963ba9f45ca371e7167e7d48b61e72aa14471a3e496be15a50!/L1,L1289.tsv	Pteropus molossinus	Pteropus molossinus	Pteropus molossinus	Pteropus molossinus	Pteropus molossinus	Pteropus molossinus	Pteropus molossinus	Pteropus molossinus	Pteropus molossinus	Pteropus molossinus	Pteropus molossinus	Pteropus molossinus	Pteropus molossinus	Pteropus molossinus	Pteropus molossinus
https://linker.bio/line:hash://sha256/8b20b8ebd7b5bd963ba9f45ca371e7167e7d48b61e72aa14471a3e496be15a50!/L1,L1290.tsv	Pteropus neohibernicus	Pteropus neohibernicus	Pteropus neohibernicus	Pteropus neohibernicus	Pteropus neohibernicus	Pteropus neohibernicus	Pteropus neohibernicus	Pteropus neohibernicus	Pteropus neohibernicus	Pteropus neohibernicus	Pteropus neohibernicus	Pteropus neohibernicus	Pteropus neohibernicus	Pteropus neohibernicus	Pteropus neohibernicus
https://linker.bio/line:hash://sha256/8b20b8ebd7b5bd963ba9f45ca371e7167e7d48b61e72aa14471a3e496be15a50!/L1,L1291.tsv	Pteropus niger	Pteropus niger	Pteropus niger	Pteropus niger	Pteropus niger	Pteropus niger	Pteropus niger	Pteropus niger	Pteropus niger	Pteropus niger	Pteropus niger	Pteropus niger	Pteropus niger	Pteropus niger	Pteropus niger
https://linker.bio/line:hash://sha256/8b20b8ebd7b5bd963ba9f45ca371e7167e7d48b61e72aa14471a3e496be15a50!/L1,L1292.tsv	Pteropus nitendiensis	Pteropus nitendiensis	Pteropus nitendiensis	Pteropus nitendiensis	Pteropus nitendiensis	Pteropus nitendiensis	Pteropus nitendiensis	Pteropus nitendiensis	Pteropus nitendiensis	Pteropus nitendiensis	Pteropus nitendiensis	Pteropus nitendiensis	Pteropus nitendiensis	Pteropus nitendiensis	Pteropus nitendiensis
https://linker.bio/line:hash://sha256/8b20b8ebd7b5bd963ba9f45ca371e7167e7d48b61e72aa14471a3e496be15a50!/L1,L1293.tsv	Pteropus nitendiensis [synonym of]	Pteropus sanctacrucis	N/A	Pteropus sanctacrucis	Pteropus sanctacrucis	Pteropus nitendiensis [synonym of]	N/A	Pteropus nitendiensis nitendiensis [synonym of]	Pteropus nitendiensis [synonym of]	Pteropus nitendiensis [synonym of]	Pteropus nitendiensis nitendiensis [synonym of]	Pteropus nitendiensis [synonym of]	Pteropus nitendiensis [synonym of]	 	Pteropus nitendiensis [synonym of]
https://linker.bio/line:hash://sha256/8b20b8ebd7b5bd963ba9f45ca371e7167e7d48b61e72aa14471a3e496be15a50!/L1,L1294.tsv	Pteropus ocularis	Pteropus ocularis	Pteropus ocularis	Pteropus ocularis	Pteropus ocularis	Pteropus ocularis	Pteropus ocularis	Pteropus ocularis	Pteropus ocularis	Pteropus ocularis	Pteropus ocularis	Pteropus ocularis	Pteropus ocularis	Pteropus ocularis	Pteropus ocularis
https://linker.bio/line:hash://sha256/8b20b8ebd7b5bd963ba9f45ca371e7167e7d48b61e72aa14471a3e496be15a50!/L1,L1295.tsv	Pteropus ornatus	Pteropus ornatus	Pteropus ornatus	Pteropus ornatus	Pteropus ornatus	Pteropus ornatus	Pteropus ornatus	Pteropus ornatus	Pteropus ornatus	Pteropus ornatus	Pteropus ornatus	Pteropus ornatus	Pteropus ornatus	Pteropus ornatus	Pteropus ornatus
https://linker.bio/line:hash://sha256/8b20b8ebd7b5bd963ba9f45ca371e7167e7d48b61e72aa14471a3e496be15a50!/L1,L1296.tsv	N/A	N/A	N/A	N/A	N/A	N/A	Pteropus pelagicus	Pteropus pelagicus	Pteropus pelagicus	Pteropus pelagicus	Pteropus pelagicus	Pteropus pelagicus	Pteropus pelagicus	Pteropus pelagicus	Pteropus pelagicus
https://linker.bio/line:hash://sha256/8b20b8ebd7b5bd963ba9f45ca371e7167e7d48b61e72aa14471a3e496be15a50!/L1,L1297.tsv	Pteropus insularis	Pteropus insularis	Pteropus insularis	Pteropus insularis	Pteropus insularis	Pteropus insularis	Pteropus pelagicus insularis	Pteropus pelagicus insularis	Pteropus pelagicus [synonym of]	Pteropus pelagicus insularis	Pteropus pelagicus insularis	Pteropus pelagicus [synonym of]	Pteropus pelagicus [synonym of]	 	Pteropus pelagicus insularis
https://linker.bio/line:hash://sha256/8b20b8ebd7b5bd963ba9f45ca371e7167e7d48b61e72aa14471a3e496be15a50!/L1,L1298.tsv	Pteropus phaeocephalus	Pteropus phaeocephalus	Pteropus phaeocephalus	N/A	Pteropus phaeocephalus	Pteropus pelagicus phaeocephalus	Pteropus pelagicus [synonym of]	Pteropus pelagicus pelagicus [synonym of]	Pteropus pelagicus [synonym of]	Pteropus pelagicus [synonym of]	Pteropus pelagicus pelagicus [synonym of]	Pteropus pelagicus [synonym of]	Pteropus pelagicus [synonym of]	 	Pteropus pelagicus pelagicus [synonym of]
https://linker.bio/line:hash://sha256/8b20b8ebd7b5bd963ba9f45ca371e7167e7d48b61e72aa14471a3e496be15a50!/L1,L1299.tsv	Pteropus pelewensis	Pteropus mariannus [synonym of]	N/A	N/A	Pteropus mariannus pelewensis	Pteropus pelewensis	Pteropus pelewensis	Pteropus pelewensis	Pteropus pelewensis	Pteropus pelewensis	Pteropus pelewensis	Pteropus pelewensis	Pteropus pelewensis	Pteropus pelewensis	Pteropus pelewensis
https://linker.bio/line:hash://sha256/8b20b8ebd7b5bd963ba9f45ca371e7167e7d48b61e72aa14471a3e496be15a50!/L1,L1300.tsv	Pteropus yapensis	Pteropus mariannus [synonym of]	N/A	Pteropus mariannus [synonym of]	Pteropus mariannus yapensis	Pteropus yapensis	Pteropus pelewensis yapensis	Pteropus pelewensis yapensis	Pteropus pelewensis [synonym of]	Pteropus pelewensis [synonym of]	Pteropus pelewensis yapensis	Pteropus pelewensis [synonym of]	Pteropus pelewensis [synonym of]	 	Pteropus pelewensis yapensis
https://linker.bio/line:hash://sha256/8b20b8ebd7b5bd963ba9f45ca371e7167e7d48b61e72aa14471a3e496be15a50!/L1,L1301.tsv	Pteropus personatus	Pteropus personatus	Pteropus personatus	Pteropus personatus	Pteropus personatus	Pteropus personatus	Pteropus personatus	Pteropus personatus	Pteropus personatus	Pteropus personatus	Pteropus personatus	Pteropus personatus	Pteropus personatus	Pteropus personatus	Pteropus personatus
https://linker.bio/line:hash://sha256/8b20b8ebd7b5bd963ba9f45ca371e7167e7d48b61e72aa14471a3e496be15a50!/L1,L1302.tsv	Pteropus pilosus	Pteropus pilosus	Pteropus pilosus	Pteropus pilosus	Pteropus pilosus	Pteropus pilosus	N/A	Pteropus pilosus	Pteropus pilosus	Pteropus pilosus	Pteropus pilosus	Pteropus pilosus	Pteropus pilosus	Pteropus pilosus	Pteropus pilosus
https://linker.bio/line:hash://sha256/8b20b8ebd7b5bd963ba9f45ca371e7167e7d48b61e72aa14471a3e496be15a50!/L1,L1303.tsv	Pteropus pohlei	Pteropus pohlei	Pteropus macrotis [synonym of]	Pteropus pohlei	Pteropus pohlei	Pteropus pohlei	Pteropus pohlei	Pteropus pohlei	Pteropus pohlei	Pteropus pohlei	Pteropus pohlei	Pteropus pohlei	Pteropus pohlei	Pteropus pohlei	Pteropus pohlei
https://linker.bio/line:hash://sha256/8b20b8ebd7b5bd963ba9f45ca371e7167e7d48b61e72aa14471a3e496be15a50!/L1,L1304.tsv	Pteropus poliocephalus	Pteropus poliocephalus	Pteropus poliocephalus	Pteropus poliocephalus	Pteropus poliocephalus	Pteropus poliocephalus	Pteropus poliocephalus	Pteropus poliocephalus	Pteropus poliocephalus	Pteropus poliocephalus	Pteropus poliocephalus	Pteropus poliocephalus	Pteropus poliocephalus	Pteropus poliocephalus	Pteropus poliocephalus
https://linker.bio/line:hash://sha256/8b20b8ebd7b5bd963ba9f45ca371e7167e7d48b61e72aa14471a3e496be15a50!/L1,L1305.tsv	Pteropus pselaphon	Pteropus pselaphon	Pteropus pselaphon	Pteropus pselaphon	Pteropus pselaphon	Pteropus pselaphon	Pteropus pselaphon	Pteropus pselaphon	Pteropus pselaphon	Pteropus pselaphon	Pteropus pselaphon	Pteropus pselaphon	Pteropus pselaphon	Pteropus pselaphon	Pteropus pselaphon
https://linker.bio/line:hash://sha256/8b20b8ebd7b5bd963ba9f45ca371e7167e7d48b61e72aa14471a3e496be15a50!/L1,L1306.tsv	Pteropus pumilus	Pteropus pumilus	Pteropus pumilus	Pteropus pumilus	Pteropus pumilus	Pteropus pumilus	Pteropus pumilus	Pteropus pumilus	Pteropus pumilus	Pteropus pumilus	Pteropus pumilus	Pteropus pumilus	Pteropus pumilus	Pteropus pumilus	Pteropus pumilus
https://linker.bio/line:hash://sha256/8b20b8ebd7b5bd963ba9f45ca371e7167e7d48b61e72aa14471a3e496be15a50!/L1,L1307.tsv	Pteropus balutus	Pteropus balutus	Pteropus pumilus [synonym of]	Pteropus pumilus [synonym of]	N/A	Pteropus pumilus [synonym of]	N/A	Pteropus pumilus pumilus [synonym of]	Pteropus pumilus [synonym of]	N/A	Pteropus pumilus pumilus [synonym of]	Pteropus pumilus [synonym of]	Pteropus pumilus [synonym of]	 	Pteropus pumilus [synonym of]
https://linker.bio/line:hash://sha256/8b20b8ebd7b5bd963ba9f45ca371e7167e7d48b61e72aa14471a3e496be15a50!/L1,L1308.tsv	Pteropus tablasi	Pteropus tablasi	Pteropus pumilus [synonym of]	Pteropus pumilus [synonym of]	N/A	Pteropus pumilus [synonym of]	N/A	Pteropus pumilus pumilus [synonym of]	Pteropus pumilus [synonym of]	N/A	Pteropus pumilus pumilus [synonym of]	Pteropus pumilus [synonym of]	Pteropus pumilus [synonym of]	 	Pteropus pumilus [synonym of]
https://linker.bio/line:hash://sha256/8b20b8ebd7b5bd963ba9f45ca371e7167e7d48b61e72aa14471a3e496be15a50!/L1,L1309.tsv	Pteropus rayneri	Pteropus rayneri	Pteropus rayneri	Pteropus rayneri	Pteropus rayneri	Pteropus rayneri	Pteropus rayneri	Pteropus rayneri	Pteropus rayneri	Pteropus rayneri	Pteropus rayneri	Pteropus rayneri	Pteropus rayneri	Pteropus rayneri	Pteropus rayneri
https://linker.bio/line:hash://sha256/8b20b8ebd7b5bd963ba9f45ca371e7167e7d48b61e72aa14471a3e496be15a50!/L1,L1310.tsv	N/A	N/A	N/A	Pteropus rayneri [synonym of]	Pteropus rayneri rennelli	Pteropus rennelli	Pteropus rennelli	Pteropus rennelli	Pteropus rennelli	Pteropus rennelli	Pteropus rennelli	Pteropus rennelli	Pteropus rennelli	Pteropus rennelli	Pteropus rennelli
https://linker.bio/line:hash://sha256/8b20b8ebd7b5bd963ba9f45ca371e7167e7d48b61e72aa14471a3e496be15a50!/L1,L1311.tsv	Pteropus rodricensis	Pteropus rodricensis	Pteropus rodricensis	Pteropus rodricensis	Pteropus rodricensis	Pteropus rodricensis	Pteropus rodricensis	Pteropus rodricensis	Pteropus rodricensis	Pteropus rodricensis	Pteropus rodricensis	Pteropus rodricensis	Pteropus rodricensis	Pteropus rodricensis	Pteropus rodricensis
https://linker.bio/line:hash://sha256/8b20b8ebd7b5bd963ba9f45ca371e7167e7d48b61e72aa14471a3e496be15a50!/L1,L1312.tsv	Pteropus rufus	Pteropus rufus	Pteropus rufus	N/A	Pteropus rufus	Pteropus rufus	Pteropus rufus	Pteropus rufus	Pteropus rufus	Pteropus rufus	Pteropus rufus	Pteropus rufus	Pteropus rufus	Pteropus rufus	Pteropus rufus
https://linker.bio/line:hash://sha256/8b20b8ebd7b5bd963ba9f45ca371e7167e7d48b61e72aa14471a3e496be15a50!/L1,L1313.tsv	Pteropus samoensis	Pteropus samoensis	Pteropus samoensis	Pteropus samoensis	Pteropus samoensis	Pteropus samoensis	Pteropus samoensis	Pteropus samoensis	Pteropus samoensis	Pteropus samoensis	Pteropus samoensis	Pteropus samoensis	Pteropus samoensis	Pteropus samoensis	Pteropus samoensis
https://linker.bio/line:hash://sha256/8b20b8ebd7b5bd963ba9f45ca371e7167e7d48b61e72aa14471a3e496be15a50!/L1,L1314.tsv	Pteropus scapulatus	Pteropus scapulatus	Pteropus scapulatus	Pteropus scapulatus	Pteropus scapulatus	Pteropus scapulatus	Pteropus scapulatus	Pteropus scapulatus	Pteropus scapulatus	Pteropus scapulatus	Pteropus scapulatus	Pteropus scapulatus	Pteropus scapulatus	Pteropus scapulatus	Pteropus scapulatus
https://linker.bio/line:hash://sha256/8b20b8ebd7b5bd963ba9f45ca371e7167e7d48b61e72aa14471a3e496be15a50!/L1,L1315.tsv	Pteropus seychellensis	Pteropus seychellensis	Pteropus seychellensis	Pteropus seychellensis	Pteropus seychellensis	Pteropus seychellensis	Pteropus seychellensis	Pteropus seychellensis	Pteropus seychellensis	Pteropus seychellensis	Pteropus seychellensis	Pteropus seychellensis	Pteropus seychellensis	Pteropus seychellensis	Pteropus seychellensis
https://linker.bio/line:hash://sha256/8b20b8ebd7b5bd963ba9f45ca371e7167e7d48b61e72aa14471a3e496be15a50!/L1,L1316.tsv	Pteropus speciosus	Pteropus speciosus	Pteropus speciosus	Pteropus speciosus	Pteropus speciosus	Pteropus speciosus	Pteropus speciosus	Pteropus speciosus	Pteropus speciosus	Pteropus speciosus	Pteropus speciosus	Pteropus speciosus	Pteropus speciosus	Pteropus speciosus	Pteropus speciosus
https://linker.bio/line:hash://sha256/8b20b8ebd7b5bd963ba9f45ca371e7167e7d48b61e72aa14471a3e496be15a50!/L1,L1317.tsv	Pteropus mearnsi	Pteropus mearnsi	N/A	Pteropus mearnsi	Pteropus mearnsi	Pteropus speciosus [synonym of]	N/A	Pteropus speciosus speciosus [synonym of]	Pteropus speciosus [synonym of]	N/A	Pteropus speciosus speciosus [synonym of]	Pteropus speciosus [synonym of]	Pteropus speciosus [synonym of]	 	Pteropus speciosus [synonym of]
https://linker.bio/line:hash://sha256/8b20b8ebd7b5bd963ba9f45ca371e7167e7d48b61e72aa14471a3e496be15a50!/L1,L1318.tsv	Pteropus subniger	Pteropus subniger	Pteropus subniger	Pteropus subniger	Pteropus subniger	Pteropus subniger	N/A	Pteropus subniger	Pteropus subniger	Pteropus subniger	Pteropus subniger	Pteropus subniger	Pteropus subniger	Pteropus subniger	Pteropus subniger
https://linker.bio/line:hash://sha256/8b20b8ebd7b5bd963ba9f45ca371e7167e7d48b61e72aa14471a3e496be15a50!/L1,L1319.tsv	N/A	N/A	N/A	N/A	Pteropus temmincki	Pteropus temminckii	Pteropus temminckii	Pteropus temminckii	Pteropus temminckii	Pteropus temminckii	Pteropus temminckii	Pteropus temminckii	Pteropus temminckii	Pteropus temminckii	Pteropus temminckii
https://linker.bio/line:hash://sha256/8b20b8ebd7b5bd963ba9f45ca371e7167e7d48b61e72aa14471a3e496be15a50!/L1,L1320.tsv	Pteropus temmincki	Pteropus temmincki	Pteropus temmincki	N/A	N/A	Pteropus lombocensis [synonym of]	N/A	Pteropus lombocensis lombocensis [synonym of]	Pteropus lombocensis [synonym of]	N/A	Pteropus lombocensis lombocensis [synonym of]	Pteropus lombocensis [synonym of]	Pteropus lombocensis [synonym of]	 	Pteropus temminckii and Pteropus lombocensis lombocensis [synonym of]
https://linker.bio/line:hash://sha256/8b20b8ebd7b5bd963ba9f45ca371e7167e7d48b61e72aa14471a3e496be15a50!/L1,L1321.tsv	Pteropus tokudae	Pteropus tokudae	Pteropus tokudae	Pteropus tokudae	Pteropus tokudae	Pteropus tokudae	N/A	Pteropus tokudae	Pteropus tokudae	Pteropus tokudae	Pteropus tokudae	Pteropus tokudae	Pteropus tokudae	Pteropus tokudae	Pteropus tokudae
https://linker.bio/line:hash://sha256/8b20b8ebd7b5bd963ba9f45ca371e7167e7d48b61e72aa14471a3e496be15a50!/L1,L1322.tsv	Pteropus tonganus	Pteropus tonganus	Pteropus tonganus	Pteropus tonganus	Pteropus tonganus	Pteropus tonganus	Pteropus tonganus	Pteropus tonganus	Pteropus tonganus	Pteropus tonganus	Pteropus tonganus	Pteropus tonganus	Pteropus tonganus	Pteropus tonganus	Pteropus tonganus
https://linker.bio/line:hash://sha256/8b20b8ebd7b5bd963ba9f45ca371e7167e7d48b61e72aa14471a3e496be15a50!/L1,L1323.tsv	Pteropus tuberculatus	Pteropus tuberculatus	Pteropus tuberculatus	Pteropus tuberculatus	Pteropus tuberculatus	Pteropus tuberculatus	Pteropus tuberculatus	Pteropus tuberculatus	Pteropus tuberculatus	Pteropus tuberculatus	Pteropus tuberculatus	Pteropus tuberculatus	Pteropus tuberculatus	Pteropus tuberculatus	Pteropus tuberculatus
https://linker.bio/line:hash://sha256/8b20b8ebd7b5bd963ba9f45ca371e7167e7d48b61e72aa14471a3e496be15a50!/L1,L1324.tsv	Pteropus ualanus	Pteropus mariannus [synonym of]	N/A	Pteropus mariannus [synonym of]	Pteropus mariannus ualanus	Pteropus ualanus	Pteropus ualanus	Pteropus ualanus	Pteropus ualanus	Pteropus ualanus	Pteropus ualanus	Pteropus ualanus	Pteropus ualanus	Pteropus ualanus	Pteropus ualanus
https://linker.bio/line:hash://sha256/8b20b8ebd7b5bd963ba9f45ca371e7167e7d48b61e72aa14471a3e496be15a50!/L1,L1325.tsv	Pteropus vampyrus	Pteropus vampyrus	Pteropus vampyrus	Pteropus vampyrus	Pteropus vampyrus	Pteropus vampyrus	Pteropus vampyrus	Pteropus vampyrus	Pteropus vampyrus	Pteropus vampyrus	Pteropus vampyrus	Pteropus vampyrus	Pteropus vampyrus	Pteropus vampyrus	Pteropus vampyrus
https://linker.bio/line:hash://sha256/8b20b8ebd7b5bd963ba9f45ca371e7167e7d48b61e72aa14471a3e496be15a50!/L1,L1326.tsv	Pteropus giganteus	Pteropus giganteus	Pteropus giganteus	Pteropus giganteus	Pteropus giganteus	Pteropus giganteus	Pteropus medius [synonym of]	Pteropus vampyrus vampyrus [synonym of]	Pteropus vampyrus [synonym of]	Pteropus giganteus	Pteropus vampyrus vampyrus [synonym of]	Pteropus vampyrus [synonym of]	Pteropus vampyrus [synonym of]	 	Pteropus vampyrus vampyrus [synonym of]
https://linker.bio/line:hash://sha256/8b20b8ebd7b5bd963ba9f45ca371e7167e7d48b61e72aa14471a3e496be15a50!/L1,L1327.tsv	Pteropus vetulus	Pteropus vetulus	Pteropus vetulus	Pteropus vetulus	Pteropus vetulus	Pteropus vetulus	Pteropus vetula	Pteropus vetula	Pteropus vetula	Pteropus vetulus	Pteropus vetula	Pteropus vetulus	Pteropus vetulus	Pteropus vetulus	Pteropus vetulus
https://linker.bio/line:hash://sha256/8b20b8ebd7b5bd963ba9f45ca371e7167e7d48b61e72aa14471a3e496be15a50!/L1,L1328.tsv	Pteropus voeltzkowi	Pteropus voeltzkowi	Pteropus voeltzkowi	Pteropus voeltzkowi	Pteropus voeltzkowi	Pteropus voeltzkowi	Pteropus voeltzkowi	Pteropus voeltzkowi	Pteropus voeltzkowi	Pteropus voeltzkowi	Pteropus voeltzkowi	Pteropus voeltzkowi	Pteropus voeltzkowi	Pteropus voeltzkowi	Pteropus voeltzkowi
https://linker.bio/line:hash://sha256/8b20b8ebd7b5bd963ba9f45ca371e7167e7d48b61e72aa14471a3e496be15a50!/L1,L1329.tsv	Pteropus woodfordi	Pteropus woodfordi	Pteropus woodfordi	Pteropus woodfordi	Pteropus woodfordi	Pteropus woodfordi	Pteropus woodfordi	Pteropus woodfordi	Pteropus woodfordi	Pteropus woodfordi	Pteropus woodfordi	Pteropus woodfordi	Pteropus woodfordi	Pteropus woodfordi	Pteropus woodfordi
https://linker.bio/line:hash://sha256/8b20b8ebd7b5bd963ba9f45ca371e7167e7d48b61e72aa14471a3e496be15a50!/L1,L1330.tsv	Pygoderma bilabiatum	Pygoderma bilabiatum	Pygoderma bilabiatum	Pygoderma bilabiatum	Pygoderma bilabiatum	Pygoderma bilabiatum	Pygoderma bilabiatum	Pygoderma bilabiatum	Pygoderma bilabiatum	Pygoderma bilabiatum	Pygoderma bilabiatum	Pygoderma bilabiatum	Pygoderma bilabiatum	Pygoderma bilabiatum	Pygoderma bilabiatum
https://linker.bio/line:hash://sha256/8b20b8ebd7b5bd963ba9f45ca371e7167e7d48b61e72aa14471a3e496be15a50!/L1,L1331.tsv	N/A	N/A	N/A	Rhinolophus philippinensis [synonym of]	Rhinolophus philippinensis achilles	Rhinolophus philippinensis achilles	Rhinolophus achilles	Rhinolophus philippinensis achilles	Rhinolophus achilles	N/A	Rhinolophus achilles	Rhinolophus achilles	Rhinolophus achilles	Rhinolophus achilles	Rhinolophus achilles
https://linker.bio/line:hash://sha256/8b20b8ebd7b5bd963ba9f45ca371e7167e7d48b61e72aa14471a3e496be15a50!/L1,L1332.tsv	N/A	N/A	N/A	Rhinolophus clivosus [synonym of]	Rhinolophus clivosus acrotis	Rhinolophus clivosus acrotis	Rhinolophus clivosus acrotis	Rhinolophus clivosus acrotis	Rhinolophus clivosus [synonym of]	N/A	Rhinolophus clivosus acrotis	Rhinolophus clivosus [synonym of]	Rhinolophus acrotis	Rhinolophus acrotis	Rhinolophus acrotis
https://linker.bio/line:hash://sha256/8b20b8ebd7b5bd963ba9f45ca371e7167e7d48b61e72aa14471a3e496be15a50!/L1,L1333.tsv	Rhinolophus acuminatus	Rhinolophus acuminatus	Rhinolophus acuminatus	Rhinolophus acuminatus	Rhinolophus acuminatus	Rhinolophus acuminatus	Rhinolophus acuminatus	Rhinolophus acuminatus	Rhinolophus acuminatus	Rhinolophus acuminatus	Rhinolophus acuminatus	Rhinolophus acuminatus	Rhinolophus acuminatus	Rhinolophus acuminatus	Rhinolophus acuminatus
https://linker.bio/line:hash://sha256/8b20b8ebd7b5bd963ba9f45ca371e7167e7d48b61e72aa14471a3e496be15a50!/L1,L1334.tsv	Rhinolophus adami	Rhinolophus adami	Rhinolophus adami	Rhinolophus adami	Rhinolophus adami	Rhinolophus adami	Rhinolophus odami	Rhinolophus adami	Rhinolophus adami	Rhinolophus adami	Rhinolophus adami	Rhinolophus adami	Rhinolophus adami	Rhinolophus adami	Rhinolophus adami
https://linker.bio/line:hash://sha256/8b20b8ebd7b5bd963ba9f45ca371e7167e7d48b61e72aa14471a3e496be15a50!/L1,L1335.tsv	Rhinolophus affinis	Rhinolophus affinis	Rhinolophus affinis	Rhinolophus affinis	Rhinolophus affinis	Rhinolophus affinis	Rhinolophus affinis	Rhinolophus affinis	Rhinolophus affinis	Rhinolophus affinis	Rhinolophus affinis	Rhinolophus affinis	Rhinolophus affinis	Rhinolophus affinis	Rhinolophus affinis
https://linker.bio/line:hash://sha256/8b20b8ebd7b5bd963ba9f45ca371e7167e7d48b61e72aa14471a3e496be15a50!/L1,L1336.tsv	Rhinolophus alcyone	Rhinolophus alcyone	Rhinolophus alcyone	Rhinolophus alcyone	Rhinolophus alcyone	Rhinolophus alcyone	Rhinolophus alcyone	Rhinolophus alcyone	Rhinolophus alcyone	Rhinolophus alcyone	Rhinolophus alcyone	Rhinolophus alcyone	Rhinolophus alcyone	Rhinolophus alcyone	Rhinolophus alcyone
https://linker.bio/line:hash://sha256/8b20b8ebd7b5bd963ba9f45ca371e7167e7d48b61e72aa14471a3e496be15a50!/L1,L1337.tsv	N/A	Rhinolophus simulator [synonym of]	N/A	Rhinolophus simulator [synonym of]	Rhinolophus simulator alticolus	Rhinolophus simulator [synonym of]	Rhinolophus alticolus	Rhinolophus simulator	Rhinolophus alticolus	N/A	Rhinolophus alticolus	Rhinolophus alticolus	Rhinolophus alticolus	Rhinolophus alticolus	Rhinolophus alticolus
https://linker.bio/line:hash://sha256/8b20b8ebd7b5bd963ba9f45ca371e7167e7d48b61e72aa14471a3e496be15a50!/L1,L1338.tsv	N/A	Rhinolophus affinis [synonym of]	N/A	Rhinolophus affinis [synonym of]	Rhinolophus affinis andamanensis	Rhinolophus affinis andamanensis	Rhinolophus andamanensis	Rhinolophus andamanensis	Rhinolophus andamanensis	N/A	Rhinolophus andamanensis	Rhinolophus andamanensis	Rhinolophus andamanensis	Rhinolophus andamanensis	Rhinolophus andamanensis
https://linker.bio/line:hash://sha256/8b20b8ebd7b5bd963ba9f45ca371e7167e7d48b61e72aa14471a3e496be15a50!/L1,L1339.tsv	Rhinolophus arcuatus	Rhinolophus arcuatus	Rhinolophus arcuatus	Rhinolophus arcuatus	Rhinolophus arcuatus	Rhinolophus arcuatus	Rhinolophus arcuatus	Rhinolophus arcuatus	Rhinolophus arcuatus	Rhinolophus arcuatus	Rhinolophus arcuatus	Rhinolophus arcuatus	Rhinolophus arcuatus	Rhinolophus arcuatus	Rhinolophus arcuatus
https://linker.bio/line:hash://sha256/8b20b8ebd7b5bd963ba9f45ca371e7167e7d48b61e72aa14471a3e496be15a50!/L1,L1340.tsv	Rhinolophus anderseni	Rhinolophus anderseni	Rhinolophus anderseni	N/A	Rhinolophus anderseni	Rhinolophus arcuatus [synonym of]	N/A	Rhinolophus arcuatus arcuatus [synonym of]	Rhinolophus arcuatus [synonym of]	Rhinolophus arcuatus [synonym of]	Rhinolophus arcuatus arcuatus [synonym of]	Rhinolophus arcuatus [synonym of]	Rhinolophus arcuatus [synonym of]	 	Rhinolophus arcuatus arcuatus [synonym of]
https://linker.bio/line:hash://sha256/8b20b8ebd7b5bd963ba9f45ca371e7167e7d48b61e72aa14471a3e496be15a50!/L1,L1341.tsv	Rhinolophus toxopeusi	Rhinolophus toxopeusi	Rhinolophus arcuatus [synonym of, as toxopei]	Rhinolophus arcuatus [synonym of]	Rhinolophus arcuatus toxopeusi	Rhinolophus arcuatus toxopeusi	Rhinolophus arcuatus toxopeusi	Rhinolophus arcuatus toxopeusi	Rhinolophus arcuatus [synonym of]	N/A	Rhinolophus arcuatus toxopeusi	Rhinolophus arcuatus [synonym of]	Rhinolophus arcuatus [synonym of]	 	Rhinolophus arcuatus toxopei? Rhinolophus arcuatus [synonym of]?
https://linker.bio/line:hash://sha256/8b20b8ebd7b5bd963ba9f45ca371e7167e7d48b61e72aa14471a3e496be15a50!/L1,L1342.tsv				Rhinolophus landeri [synonym of]		Rhinolophus landeri lobatus [synonym of]		Rhinolophus landeri axillaris	Rhinolophus landeri [synonym of]	Rhinolophus landeri [synonym of]	Rhinolophus landeri angolensis [synonym of]	Rhinolophus landeri [synonym of]	Rhinolophus landeri [synonym of]	Rhinolophus axillaris	Rhinolophus axillaris
https://linker.bio/line:hash://sha256/8b20b8ebd7b5bd963ba9f45ca371e7167e7d48b61e72aa14471a3e496be15a50!/L1,L1343.tsv	N/A	N/A	N/A	Rhinolophus luctus [synonym of]	Rhinolophus luctus beddomei	Rhinolophus beddomei	Rhinolophus beddomei	Rhinolophus beddomei	Rhinolophus beddomei	Rhinolophus beddomei	Rhinolophus beddomei	Rhinolophus beddomei	Rhinolophus beddomei	Rhinolophus beddomei	Rhinolophus beddomei
https://linker.bio/line:hash://sha256/8b20b8ebd7b5bd963ba9f45ca371e7167e7d48b61e72aa14471a3e496be15a50!/L1,L1344.tsv	N/A	N/A	N/A	N/A	N/A	N/A	Rhinolophus belligerator	Rhinolophus belligerator	Rhinolophus belligerator	Rhinolophus belligerator	Rhinolophus belligerator	Rhinolophus belligerator	Rhinolophus belligerator	Rhinolophus belligerator	Rhinolophus belligerator
https://linker.bio/line:hash://sha256/8b20b8ebd7b5bd963ba9f45ca371e7167e7d48b61e72aa14471a3e496be15a50!/L1,L1345.tsv	Rhinolophus blasii	Rhinolophus blasii	Rhinolophus blasii	Rhinolophus blasii	Rhinolophus blasii	Rhinolophus blasii	Rhinolophus blasii	Rhinolophus blasii	Rhinolophus blasii	Rhinolophus blasii	Rhinolophus blasii	Rhinolophus blasii	Rhinolophus blasii	Rhinolophus blasii	Rhinolophus blasii
https://linker.bio/line:hash://sha256/8b20b8ebd7b5bd963ba9f45ca371e7167e7d48b61e72aa14471a3e496be15a50!/L1,L1346.tsv	N/A	Rhinolophus clivosus [synonym of]	Rhinolophus bocharicus [synonym of]	Rhinolophus clivosus [synonym of]	Rhinolophus clivosus bocharicus	Rhinolophus bocharicus	Rhinolophus bocharicus	Rhinolophus bocharicus	Rhinolophus bocharicus	Rhinolophus bocharicus	Rhinolophus bocharicus	Rhinolophus bocharicus	Rhinolophus bocharicus	Rhinolophus bocharicus	Rhinolophus bocharicus
https://linker.bio/line:hash://sha256/8b20b8ebd7b5bd963ba9f45ca371e7167e7d48b61e72aa14471a3e496be15a50!/L1,L1347.tsv	Rhinolophus borneensis	Rhinolophus borneensis	Rhinolophus borneensis	Rhinolophus borneensis	Rhinolophus borneensis	Rhinolophus borneensis	Rhinolophus borneensis	Rhinolophus borneensis	Rhinolophus borneensis	Rhinolophus borneensis	Rhinolophus borneensis	Rhinolophus borneensis	Rhinolophus borneensis	Rhinolophus borneensis	Rhinolophus borneensis
https://linker.bio/line:hash://sha256/8b20b8ebd7b5bd963ba9f45ca371e7167e7d48b61e72aa14471a3e496be15a50!/L1,L1348.tsv	Rhinolophus importunus	Rhinolophus importunus	Rhinolophus borneensis [synonym of]	Rhinolophus borneensis [synonym of]	Rhinolophus borneensis importunus	Rhinolophus borneensis importunus	Rhinolophus borneensis importunus	Rhinolophus borneensis importunus	Rhinolophus borneensis [synonym of]	N/A	Rhinolophus borneensis importunus	Rhinolophus borneensis [synonym of]	Rhinolophus borneensis [synonym of]	 	Rhinolophus borneensis importunus
https://linker.bio/line:hash://sha256/8b20b8ebd7b5bd963ba9f45ca371e7167e7d48b61e72aa14471a3e496be15a50!/L1,L1349.tsv	N/A	Rhinolophus creaghi [synonym of]	Rhinolophus canuti	Rhinolophus canuti	Rhinolophus canuti	Rhinolophus canuti	Rhinolophus canuti	Rhinolophus canuti	Rhinolophus canuti	Rhinolophus canuti	Rhinolophus canuti	Rhinolophus canuti	Rhinolophus canuti	Rhinolophus canuti	Rhinolophus canuti
https://linker.bio/line:hash://sha256/8b20b8ebd7b5bd963ba9f45ca371e7167e7d48b61e72aa14471a3e496be15a50!/L1,L1350.tsv	Rhinolophus capensis	Rhinolophus capensis	Rhinolophus capensis	Rhinolophus capensis	Rhinolophus capensis	Rhinolophus capensis	Rhinolophus capensis	Rhinolophus capensis	Rhinolophus capensis	Rhinolophus capensis	Rhinolophus capensis	Rhinolophus capensis	Rhinolophus capensis	Rhinolophus capensis	Rhinolophus capensis
https://linker.bio/line:hash://sha256/8b20b8ebd7b5bd963ba9f45ca371e7167e7d48b61e72aa14471a3e496be15a50!/L1,L1351.tsv	Rhinolophus celebensis	Rhinolophus borneensis [synonym of]	Rhinolophus celebensis	Rhinolophus celebensis	Rhinolophus celebensis	Rhinolophus celebensis	Rhinolophus celebensis	Rhinolophus celebensis	Rhinolophus celebensis	Rhinolophus celebensis	Rhinolophus celebensis	Rhinolophus celebensis	Rhinolophus celebensis	Rhinolophus celebensis	Rhinolophus celebensis
https://linker.bio/line:hash://sha256/8b20b8ebd7b5bd963ba9f45ca371e7167e7d48b61e72aa14471a3e496be15a50!/L1,L1352.tsv	Rhinolophus javanicus	Rhinolophus borneensis [synonym of]	Rhinolophus celebensis [synonym of]	Rhinolophus celebensis [synonym of]	Rhinolophus celebensis javanicus	Rhinolophus celebensis javanicus	Rhinolophus celebensis javanicus	Rhinolophus celebensis javanicus	Rhinolophus celebensis [synonym of]	N/A	Rhinolophus celebensis javanicus	Rhinolophus celebensis [synonym of]	Rhinolophus celebensis [synonym of]	 	Rhinolophus celebensis javanicus
https://linker.bio/line:hash://sha256/8b20b8ebd7b5bd963ba9f45ca371e7167e7d48b61e72aa14471a3e496be15a50!/L1,L1353.tsv	N/A	N/A	N/A	N/A	N/A	N/A	N/A	N/A	N/A	N/A	N/A	N/A	Rhinolophus cervenyi	Rhinolophus cervenyi	Rhinolophus cervenyi
https://linker.bio/line:hash://sha256/8b20b8ebd7b5bd963ba9f45ca371e7167e7d48b61e72aa14471a3e496be15a50!/L1,L1354.tsv	N/A	Rhinolophus borneensis [synonym of]	N/A	Rhinolophus borneensis	Rhinolophus borneensis chaseni	Rhinolophus borneensis chaseni	Rhinolophus chaseni	Rhinolophus chaseni	Rhinolophus chaseni	N/A	Rhinolophus chaseni	Rhinolophus chaseni	Rhinolophus chaseni	Rhinolophus chaseni	Rhinolophus chaseni
https://linker.bio/line:hash://sha256/8b20b8ebd7b5bd963ba9f45ca371e7167e7d48b61e72aa14471a3e496be15a50!/L1,L1355.tsv	N/A	N/A	N/A	N/A	N/A	N/A	Rhinolophus chiewkweeae	Rhinolophus chiewkweeae	Rhinolophus chiewkweeae	Rhinolophus chiewkweeae	Rhinolophus chiewkweeae	Rhinolophus chiewkweeae	Rhinolophus chiewkweeae	Rhinolophus chiewkweeae	Rhinolophus chiewkweeae
https://linker.bio/line:hash://sha256/8b20b8ebd7b5bd963ba9f45ca371e7167e7d48b61e72aa14471a3e496be15a50!/L1,L1356.tsv	N/A	N/A	N/A	N/A	N/A	N/A	N/A	Rhinolophus chutamasae	N/A	N/A	Rhinolophus chutamasae	Rhinolophus chutamasae	Rhinolophus chutamasae	Rhinolophus chutamasae	Rhinolophus chutamasae
https://linker.bio/line:hash://sha256/8b20b8ebd7b5bd963ba9f45ca371e7167e7d48b61e72aa14471a3e496be15a50!/L1,L1357.tsv	N/A	N/A	N/A	N/A	N/A	N/A	Rhinolophus monticolus	N/A	Rhinolophus monticolus	N/A	Rhinolophus chutamasae chutamasae [synonym of]	Rhinolophus chutamasae [synonym of]	Rhinolophus chutamasae [synonym of]	 	Rhinolophus chutamasae [synonym of]
https://linker.bio/line:hash://sha256/8b20b8ebd7b5bd963ba9f45ca371e7167e7d48b61e72aa14471a3e496be15a50!/L1,L1358.tsv	Rhinolophus clivosus	Rhinolophus clivosus	Rhinolophus clivosus	Rhinolophus clivosus	Rhinolophus clivosus	Rhinolophus clivosus	Rhinolophus clivosus	Rhinolophus clivosus	Rhinolophus clivosus	Rhinolophus clivosus	Rhinolophus clivosus	Rhinolophus clivosus	Rhinolophus clivosus	Rhinolophus clivosus	Rhinolophus clivosus
https://linker.bio/line:hash://sha256/8b20b8ebd7b5bd963ba9f45ca371e7167e7d48b61e72aa14471a3e496be15a50!/L1,L1359.tsv	Rhinolophus coelophyllus	Rhinolophus coelophyllus	Rhinolophus coelophyllus	Rhinolophus coelophyllus	Rhinolophus coelophyllus	Rhinolophus coelophyllus	Rhinolophus coelophyllus	Rhinolophus coelophyllus	Rhinolophus coelophyllus	Rhinolophus coelophyllus	Rhinolophus coelophyllus	Rhinolophus coelophyllus	Rhinolophus coelophyllus	Rhinolophus coelophyllus	Rhinolophus coelophyllus
https://linker.bio/line:hash://sha256/8b20b8ebd7b5bd963ba9f45ca371e7167e7d48b61e72aa14471a3e496be15a50!/L1,L1360.tsv	Rhinolophus cognatus	Rhinolophus cognatus	Rhinolophus cognatus	Rhinolophus cognatus	Rhinolophus cognatus	Rhinolophus cognatus	Rhinolophus cognatus	Rhinolophus cognatus	Rhinolophus cognatus	Rhinolophus cognatus	Rhinolophus cognatus	Rhinolophus cognatus	Rhinolophus cognatus	Rhinolophus cognatus	Rhinolophus cognatus
https://linker.bio/line:hash://sha256/8b20b8ebd7b5bd963ba9f45ca371e7167e7d48b61e72aa14471a3e496be15a50!/L1,L1361.tsv	N/A	N/A	N/A	N/A	N/A	N/A	Rhinolophus cohenae	Rhinolophus cohenae	Rhinolophus hildebrandtii [synonym of]	Rhinolophus cohenae	Rhinolophus cohenae	Rhinolophus cohenae	Rhinolophus cohenae	Rhinolophus cohenae	Rhinolophus cohenae
https://linker.bio/line:hash://sha256/8b20b8ebd7b5bd963ba9f45ca371e7167e7d48b61e72aa14471a3e496be15a50!/L1,L1362.tsv	N/A	N/A	N/A	N/A	N/A	Rhinolophus convexus	Rhinolophus convexus	Rhinolophus convexus	Rhinolophus convexus	Rhinolophus convexus	Rhinolophus convexus	Rhinolophus convexus	Rhinolophus convexus	Rhinolophus convexus	Rhinolophus convexus
https://linker.bio/line:hash://sha256/8b20b8ebd7b5bd963ba9f45ca371e7167e7d48b61e72aa14471a3e496be15a50!/L1,L1363.tsv	Rhinolophus cornutus	Rhinolophus cornutus	Rhinolophus cornutus	Rhinolophus cornutus	Rhinolophus cornutus	Rhinolophus cornutus	Rhinolophus cornutus	Rhinolophus cornutus	Rhinolophus cornutus	Rhinolophus cornutus	Rhinolophus cornutus	Rhinolophus cornutus	Rhinolophus cornutus	Rhinolophus cornutus	Rhinolophus cornutus
https://linker.bio/line:hash://sha256/8b20b8ebd7b5bd963ba9f45ca371e7167e7d48b61e72aa14471a3e496be15a50!/L1,L1364.tsv	Rhinolophus creaghi	Rhinolophus creaghi	Rhinolophus creaghi	Rhinolophus creaghi	Rhinolophus creaghi	Rhinolophus creaghi	Rhinolophus creaghi	Rhinolophus creaghi	Rhinolophus creaghi	Rhinolophus creaghi	Rhinolophus creaghi	Rhinolophus creaghi	Rhinolophus creaghi	Rhinolophus creaghi	Rhinolophus creaghi
https://linker.bio/line:hash://sha256/8b20b8ebd7b5bd963ba9f45ca371e7167e7d48b61e72aa14471a3e496be15a50!/L1,L1365.tsv	N/A	N/A	N/A	Rhinolophus darlingi [synonym of]	Rhinolophus darlingi damarensis	Rhinolophus darlingi damarensis	Rhinolophus damarensis	Rhinolophus damarensis	Rhinolophus damarensis	Rhinolophus damarensis	Rhinolophus damarensis	Rhinolophus damarensis	Rhinolophus damarensis	Rhinolophus damarensis	Rhinolophus damarensis
https://linker.bio/line:hash://sha256/8b20b8ebd7b5bd963ba9f45ca371e7167e7d48b61e72aa14471a3e496be15a50!/L1,L1366.tsv	Rhinolophus darlingi	Rhinolophus darlingi	Rhinolophus darlingi	Rhinolophus darlingi	Rhinolophus darlingi	Rhinolophus darlingi	Rhinolophus darlingi	Rhinolophus darlingi	Rhinolophus darlingi	Rhinolophus darlingi	Rhinolophus darlingi	Rhinolophus darlingi	Rhinolophus darlingi	Rhinolophus darlingi	Rhinolophus darlingi
https://linker.bio/line:hash://sha256/8b20b8ebd7b5bd963ba9f45ca371e7167e7d48b61e72aa14471a3e496be15a50!/L1,L1367.tsv	N/A	Rhinolophus deckenii	Rhinolophus deckenii	Rhinolophus deckenii	Rhinolophus deckeni	Rhinolophus deckenii	Rhinolophus deckenii	Rhinolophus deckenii	Rhinolophus deckenii	Rhinolophus deckenii	Rhinolophus deckenii	Rhinolophus deckenii	Rhinolophus deckenii	Rhinolophus deckenii	Rhinolophus deckenii
https://linker.bio/line:hash://sha256/8b20b8ebd7b5bd963ba9f45ca371e7167e7d48b61e72aa14471a3e496be15a50!/L1,L1368.tsv	Rhinolophus denti	Rhinolophus denti	Rhinolophus denti	Rhinolophus denti	Rhinolophus denti	Rhinolophus denti	Rhinolophus denti	Rhinolophus denti	Rhinolophus denti	Rhinolophus denti	Rhinolophus denti	Rhinolophus denti	Rhinolophus denti	Rhinolophus denti	Rhinolophus denti
https://linker.bio/line:hash://sha256/8b20b8ebd7b5bd963ba9f45ca371e7167e7d48b61e72aa14471a3e496be15a50!/L1,L1369.tsv		Rhinolophus landeri [synonym of]	N/A	Rhinolophus landeri [synonym of]	N/A	Rhinolophus landeri lobatus [synonym of]	N/A	Rhinolophus landeri axillaris [synonym of]	Rhinolophus landeri [synonym of]	Rhinolophus landeri [synonym of]	Rhinolophus landeri angolensis [synonym of]	Rhinolophus landeri [synonym of]	Rhinolophus landeri [synonym of]	Rhinolophus dobsoni	Rhinolophus dobsoni
https://linker.bio/line:hash://sha256/8b20b8ebd7b5bd963ba9f45ca371e7167e7d48b61e72aa14471a3e496be15a50!/L1,L1370.tsv	Rhinolophus eloquens	Rhinolophus eloquens	Rhinolophus eloquens	Rhinolophus eloquens	Rhinolophus eloquens	Rhinolophus eloquens	Rhinolophus eloquens	Rhinolophus eloquens	Rhinolophus eloquens	Rhinolophus eloquens	Rhinolophus eloquens	Rhinolophus eloquens	Rhinolophus eloquens	Rhinolophus eloquens	Rhinolophus eloquens
https://linker.bio/line:hash://sha256/8b20b8ebd7b5bd963ba9f45ca371e7167e7d48b61e72aa14471a3e496be15a50!/L1,L1371.tsv	N/A	Rhinolophus macrotis [synonym of]	N/A	Rhinolophus macrotis [synonym of]	Rhinolophus macrotis episcopus	Rhinolophus macrotis episcopus	Rhinolophus episcopus	Rhinolophus episcopus	Rhinolophus episcopus	Rhinolophus macrotis episcopus	Rhinolophus episcopus	Rhinolophus episcopus	Rhinolophus episcopus	Rhinolophus episcopus	Rhinolophus episcopus
https://linker.bio/line:hash://sha256/8b20b8ebd7b5bd963ba9f45ca371e7167e7d48b61e72aa14471a3e496be15a50!/L1,L1372.tsv	Rhinolophus euryale	Rhinolophus euryale	Rhinolophus euryale	Rhinolophus euryale	Rhinolophus euryale	Rhinolophus euryale	Rhinolophus euryale	Rhinolophus euryale	Rhinolophus euryale	Rhinolophus euryale	Rhinolophus euryale	Rhinolophus euryale	Rhinolophus euryale	Rhinolophus euryale	Rhinolophus euryale
https://linker.bio/line:hash://sha256/8b20b8ebd7b5bd963ba9f45ca371e7167e7d48b61e72aa14471a3e496be15a50!/L1,L1373.tsv	Rhinolophus euryotis	Rhinolophus euryotis	Rhinolophus euryotis	Rhinolophus euryotis	Rhinolophus euryotis	Rhinolophus euryotis	Rhinolophus euryotis	Rhinolophus euryotis	Rhinolophus euryotis	Rhinolophus euryotis	Rhinolophus euryotis	Rhinolophus euryotis	Rhinolophus euryotis	Rhinolophus euryotis	Rhinolophus euryotis
https://linker.bio/line:hash://sha256/8b20b8ebd7b5bd963ba9f45ca371e7167e7d48b61e72aa14471a3e496be15a50!/L1,L1374.tsv	Rhinolophus ferrumequinum	Rhinolophus ferrumequinum	Rhinolophus ferrumequinum	Rhinolophus ferrumequinum	Rhinolophus ferrumequinum	Rhinolophus ferrumequinum	Rhinolophus ferrumequinum	Rhinolophus ferrumequinum	Rhinolophus ferrumequinum	Rhinolophus ferrumequinum	Rhinolophus ferrumequinum	Rhinolophus ferrumequinum	Rhinolophus ferrumequinum	Rhinolophus ferrumequinum	Rhinolophus ferrumequinum
https://linker.bio/line:hash://sha256/8b20b8ebd7b5bd963ba9f45ca371e7167e7d48b61e72aa14471a3e496be15a50!/L1,L1375.tsv	N/A	N/A	N/A	Rhinolophus luctus [synonym of]	Rhinolophus luctus foetidus	Rhinolophus luctus foetidus	Rhinolophus luctus foetidus	Rhinolophus foetidus	Rhinolophus foetidus	N/A	Rhinolophus foetidus	Rhinolophus foetidus	Rhinolophus foetidus	Rhinolophus foetidus	Rhinolophus foetidus
https://linker.bio/line:hash://sha256/8b20b8ebd7b5bd963ba9f45ca371e7167e7d48b61e72aa14471a3e496be15a50!/L1,L1376.tsv	N/A	N/A	N/A	Rhinolophus luctus [synonym of]	Rhinolophus luctus formosae	Rhinolophus formosae	Rhinolophus formosae	Rhinolophus formosae	Rhinolophus formosae	Rhinolophus formosae	Rhinolophus formosae	Rhinolophus formosae	Rhinolophus formosae	Rhinolophus formosae	Rhinolophus formosae
https://linker.bio/line:hash://sha256/8b20b8ebd7b5bd963ba9f45ca371e7167e7d48b61e72aa14471a3e496be15a50!/L1,L1377.tsv	N/A	N/A	N/A	N/A	N/A	N/A	Rhinolophus francisi	Rhinolophus francisi	Rhinolophus francisi	N/A	Rhinolophus francisi	Rhinolophus francisi	Rhinolophus francisi	Rhinolophus francisi	Rhinolophus francisi
https://linker.bio/line:hash://sha256/8b20b8ebd7b5bd963ba9f45ca371e7167e7d48b61e72aa14471a3e496be15a50!/L1,L1378.tsv	Rhinolophus fumigatus	Rhinolophus fumigatus	Rhinolophus fumigatus	Rhinolophus fumigatus	Rhinolophus fumigatus	Rhinolophus fumigatus	Rhinolophus fumigatus	Rhinolophus fumigatus	Rhinolophus fumigatus	Rhinolophus fumigatus	Rhinolophus fumigatus	Rhinolophus fumigatus	Rhinolophus fumigatus	Rhinolophus fumigatus	Rhinolophus fumigatus
https://linker.bio/line:hash://sha256/8b20b8ebd7b5bd963ba9f45ca371e7167e7d48b61e72aa14471a3e496be15a50!/L1,L1379.tsv	N/A	Rhinolophus landeri [synonym of]	Rhinolophus guineensis	Rhinolophus guineensis	Rhinolophus guineensis	Rhinolophus guineensis	Rhinolophus guineensis	Rhinolophus guineensis	Rhinolophus guineensis	Rhinolophus guineensis	Rhinolophus guineensis	Rhinolophus guineensis	Rhinolophus guineensis	Rhinolophus guineensis	Rhinolophus guineensis
https://linker.bio/line:hash://sha256/8b20b8ebd7b5bd963ba9f45ca371e7167e7d48b61e72aa14471a3e496be15a50!/L1,L1380.tsv	Rhinolophus hildebrandti	Rhinolophus hildebrandti	Rhinolophus hildebrandtii	Rhinolophus hildebrandti	Rhinolophus hildebrandti	Rhinolophus hildebrandtii	Rhinolophus hildebrandtii	Rhinolophus hildebrandtii	Rhinolophus hildebrandtii	Rhinolophus hildebrandtii	Rhinolophus hildebrandtii	Rhinolophus hildebrandtii	Rhinolophus hildebrandtii	Rhinolophus hildebrandtii	Rhinolophus hildebrandtii
https://linker.bio/line:hash://sha256/8b20b8ebd7b5bd963ba9f45ca371e7167e7d48b61e72aa14471a3e496be15a50!/L1,L1381.tsv	Rhinolophus maclaudi [synonym of]	Rhinolophus maclaudi [synonym of]	Rhinolophus maclaudi [synonym of]	Rhinolophus maclaudi [synonym of]	N/A	Rhinolophus hilli	Rhinolophus hilli	Rhinolophus hilli	Rhinolophus hilli	Rhinolophus hilli	Rhinolophus hilli	Rhinolophus hilli	Rhinolophus hilli	Rhinolophus hilli	Rhinolophus hilli
https://linker.bio/line:hash://sha256/8b20b8ebd7b5bd963ba9f45ca371e7167e7d48b61e72aa14471a3e496be15a50!/L1,L1382.tsv	N/A	N/A	N/A	Rhinolophus clivosus [synonym of]	N/A	Rhinolophus hillorum	Rhinolophus hillorum	Rhinolophus hillorum	Rhinolophus hillorum	Rhinolophus hillorum	Rhinolophus hillorum	Rhinolophus hillorum	Rhinolophus hillorum	Rhinolophus hillorum	Rhinolophus hillorum
https://linker.bio/line:hash://sha256/8b20b8ebd7b5bd963ba9f45ca371e7167e7d48b61e72aa14471a3e496be15a50!/L1,L1383.tsv	Rhinolophus hipposideros	Rhinolophus hipposideros	Rhinolophus hipposideros	Rhinolophus hipposideros	Rhinolophus hipposideros	Rhinolophus hipposideros	Rhinolophus hipposideros	Rhinolophus hipposideros	Rhinolophus hipposideros	Rhinolophus hipposideros	Rhinolophus hipposideros	Rhinolophus hipposideros	Rhinolophus hipposideros	Rhinolophus hipposideros	Rhinolophus hipposideros
https://linker.bio/line:hash://sha256/8b20b8ebd7b5bd963ba9f45ca371e7167e7d48b61e72aa14471a3e496be15a50!/L1,L1384.tsv	Rhinolophus hirsutus	Rhinolophus macrotis [synonym of]	Rhinolophus macrotis [synonym of]	Rhinolophus macrotis [synonym of]	Rhinolophus macrotis hirsutus	Rhinolophus macrotis hirsutus	Rhinolophus macrotis hirsutus	Rhinolophus hirsutus	Rhinolophus hirsutus	Rhinolophus macrotis [synonym of]	Rhinolophus maclaudi	Rhinolophus hirsutus	Rhinolophus hirsutus	Rhinolophus hirsutus	Rhinolophus hirsutus
https://linker.bio/line:hash://sha256/8b20b8ebd7b5bd963ba9f45ca371e7167e7d48b61e72aa14471a3e496be15a50!/L1,L1385.tsv	N/A	N/A	N/A	N/A	N/A	N/A	Rhinolophus horaceki	Rhinolophus horaceki	Rhinolophus horaceki	N/A	Rhinolophus horaceki	Rhinolophus horaceki	Rhinolophus horaceki	Rhinolophus horaceki	Rhinolophus horaceki
https://linker.bio/line:hash://sha256/8b20b8ebd7b5bd963ba9f45ca371e7167e7d48b61e72aa14471a3e496be15a50!/L1,L1386.tsv	N/A	Rhinolophus imaizumii	Rhinolophus imaizumii	Rhinolophus imaizumii	Rhinolophus imaizumii	Rhinolophus_imaizumii?	Rhinolophus perditus imaizumii	Rhinolophus imaizumii	Rhinolophus imaizumii	N/A	Rhinolophus imaizumii	Rhinolophus imaizumii	Rhinolophus imaizumii	Rhinolophus imaizumii	Rhinolophus imaizumii
https://linker.bio/line:hash://sha256/8b20b8ebd7b5bd963ba9f45ca371e7167e7d48b61e72aa14471a3e496be15a50!/L1,L1387.tsv	Rhinolophus inops	Rhinolophus inops	Rhinolophus inops	Rhinolophus inops	Rhinolophus inops	Rhinolophus inops	Rhinolophus inops	Rhinolophus inops	Rhinolophus inops	Rhinolophus inops	Rhinolophus inops	Rhinolophus inops	Rhinolophus inops	Rhinolophus inops	Rhinolophus inops
https://linker.bio/line:hash://sha256/8b20b8ebd7b5bd963ba9f45ca371e7167e7d48b61e72aa14471a3e496be15a50!/L1,L1388.tsv	Rhinolophus keyensis	Rhinolophus keyensis	Rhinolophus keyensis	Rhinolophus keyensis	Rhinolophus keyensis	Rhinolophus keyensis	Rhinolophus keyensis	Rhinolophus keyensis	Rhinolophus keyensis	Rhinolophus keyensis	Rhinolophus keyensis	Rhinolophus keyensis	Rhinolophus keyensis	Rhinolophus keyensis	Rhinolophus keyensis
https://linker.bio/line:hash://sha256/8b20b8ebd7b5bd963ba9f45ca371e7167e7d48b61e72aa14471a3e496be15a50!/L1,L1389.tsv	Rhinolophus simplex	Rhinolophus simplex	Rhinolophus simplex	N/A	Rhinolophus simplex	Rhinolophus keyensis simplex	Rhinolophus keyensis simplex	Rhinolophus keyensis simplex	Rhinolophus keyensis [synonym of]	Rhinolophus keyensis [synonym of]	Rhinolophus keyensis simplex	Rhinolophus keyensis [synonym of]	Rhinolophus keyensis [synonym of]	 	Rhinolophus keyensis simplex
https://linker.bio/line:hash://sha256/8b20b8ebd7b5bd963ba9f45ca371e7167e7d48b61e72aa14471a3e496be15a50!/L1,L1390.tsv	N/A	N/A	N/A	N/A	N/A	N/A	N/A	N/A	N/A	N/A	N/A	N/A	N/A	Rhinolophus kirghisorum	Rhinolophus kirghisorum
https://linker.bio/line:hash://sha256/8b20b8ebd7b5bd963ba9f45ca371e7167e7d48b61e72aa14471a3e496be15a50!/L1,L1391.tsv	Rhinolophus landeri	Rhinolophus landeri	Rhinolophus landeri	Rhinolophus landeri	Rhinolophus landeri	Rhinolophus landeri	Rhinolophus landeri	Rhinolophus landeri	Rhinolophus landeri	Rhinolophus landeri	Rhinolophus landeri	Rhinolophus landeri	Rhinolophus landeri	Rhinolophus landeri	Rhinolophus landeri
https://linker.bio/line:hash://sha256/8b20b8ebd7b5bd963ba9f45ca371e7167e7d48b61e72aa14471a3e496be15a50!/L1,L1392.tsv	Rhinolophus lepidus	Rhinolophus lepidus	Rhinolophus lepidus	Rhinolophus lepidus	Rhinolophus lepidus	Rhinolophus lepidus	Rhinolophus lepidus	Rhinolophus lepidus	Rhinolophus lepidus	Rhinolophus lepidus	Rhinolophus lepidus	Rhinolophus lepidus	Rhinolophus lepidus	Rhinolophus lepidus	Rhinolophus lepidus
https://linker.bio/line:hash://sha256/8b20b8ebd7b5bd963ba9f45ca371e7167e7d48b61e72aa14471a3e496be15a50!/L1,L1393.tsv	Rhinolophus feae	Rhinolophus feae	Rhinolophus lepidus [synonym of]	Rhinolophus lepidus [synonym of]	Rhinolophus lepidus feae	Rhinolophus lepidus feae	Rhinolophus lepidus feae	Rhinolophus lepidus feae	Rhinolophus lepidus [synonym of]	N/A	Rhinolophus lepidus feae	Rhinolophus lepidus [synonym of]	Rhinolophus lepidus [synonym of]	 	Rhinolophus lepidus feae
https://linker.bio/line:hash://sha256/8b20b8ebd7b5bd963ba9f45ca371e7167e7d48b61e72aa14471a3e496be15a50!/L1,L1394.tsv	N/A	N/A	N/A	Rhinolophus landeri [synonym of]	Rhinolophus landeri lobatus	Rhinolophus landeri lobatus	Rhinolophus lobatus	Rhinolophus lobatus	Rhinolophus lobatus	N/A	Rhinolophus landeri	Rhinolophus lobatus	Rhinolophus lobatus	Rhinolophus lobatus	Rhinolophus lobatus
https://linker.bio/line:hash://sha256/8b20b8ebd7b5bd963ba9f45ca371e7167e7d48b61e72aa14471a3e496be15a50!/L1,L1395.tsv	N/A	N/A	N/A	N/A	N/A	N/A	Rhinolophus luctoides	Rhinolophus luctoides	Rhinolophus luctoides	N/A	Rhinolophus luctoides	Rhinolophus luctoides	Rhinolophus luctoides	Rhinolophus luctoides	Rhinolophus luctoides
https://linker.bio/line:hash://sha256/8b20b8ebd7b5bd963ba9f45ca371e7167e7d48b61e72aa14471a3e496be15a50!/L1,L1396.tsv	Rhinolophus luctus	Rhinolophus luctus	Rhinolophus luctus	Rhinolophus luctus	Rhinolophus luctus	Rhinolophus luctus	Rhinolophus luctus	Rhinolophus luctus	Rhinolophus luctus	Rhinolophus luctus	Rhinolophus luctus	Rhinolophus luctus	Rhinolophus luctus	Rhinolophus luctus	Rhinolophus luctus
https://linker.bio/line:hash://sha256/8b20b8ebd7b5bd963ba9f45ca371e7167e7d48b61e72aa14471a3e496be15a50!/L1,L1397.tsv	N/A	N/A	N/A	N/A	N/A	N/A	Rhinolophus mabuensis	Rhinolophus mabuensis	Rhinolophus hildebrandtii	Rhinolophus mabuensis	Rhinolophus mabuensis	Rhinolophus mabuensis	Rhinolophus mabuensis	Rhinolophus mabuensis	Rhinolophus mabuensis
https://linker.bio/line:hash://sha256/8b20b8ebd7b5bd963ba9f45ca371e7167e7d48b61e72aa14471a3e496be15a50!/L1,L1398.tsv	Rhinolophus maclaudi	Rhinolophus maclaudi	Rhinolophus maclaudi	Rhinolophus maclaudi	Rhinolophus maclaudi	Rhinolophus maclaudi	Rhinolophus maclaudi	Rhinolophus maclaudi	Rhinolophus maclaudi	Rhinolophus maclaudi	Rhinolophus maclaudi	Rhinolophus maclaudi	Rhinolophus maclaudi	Rhinolophus maclaudi	Rhinolophus maclaudi
https://linker.bio/line:hash://sha256/8b20b8ebd7b5bd963ba9f45ca371e7167e7d48b61e72aa14471a3e496be15a50!/L1,L1399.tsv	Rhinolophus macrotis	Rhinolophus macrotis	Rhinolophus macrotis	Rhinolophus macrotis	Rhinolophus macrotis	Rhinolophus macrotis	Rhinolophus macrotis	Rhinolophus macrotis	Rhinolophus macrotis	Rhinolophus macrotis	Rhinolophus macrotis	Rhinolophus macrotis	Rhinolophus macrotis	Rhinolophus macrotis	Rhinolophus macrotis
https://linker.bio/line:hash://sha256/8b20b8ebd7b5bd963ba9f45ca371e7167e7d48b61e72aa14471a3e496be15a50!/L1,L1400.tsv	Rhinolophus madurensis	Rhinolophus madurensis	Rhinolophus celebensis [synonym of]	Rhinolophus celebensis [synonym of]	Rhinolophus celebensis madurensis	Rhinolophus madurensis	Rhinolophus madurensis	Rhinolophus madurensis	Rhinolophus madurensis	Rhinolophus madurensis	Rhinolophus madurensis	Rhinolophus madurensis	Rhinolophus madurensis	Rhinolophus madurensis	Rhinolophus madurensis
https://linker.bio/line:hash://sha256/8b20b8ebd7b5bd963ba9f45ca371e7167e7d48b61e72aa14471a3e496be15a50!/L1,L1401.tsv	N/A	N/A	N/A	N/A	N/A	Rhinolophus maendeleo	Rhinolophus maendeleo	Rhinolophus maendeleo	Rhinolophus maendeleo	Rhinolophus maendeleo	Rhinolophus maendeleo	Rhinolophus maendeleo	Rhinolophus maendeleo	Rhinolophus maendeleo	Rhinolophus maendeleo
https://linker.bio/line:hash://sha256/8b20b8ebd7b5bd963ba9f45ca371e7167e7d48b61e72aa14471a3e496be15a50!/L1,L1402.tsv	Rhinolophus malayanus	Rhinolophus malayanus	Rhinolophus malayanus	Rhinolophus malayanus	Rhinolophus malayanus	Rhinolophus malayanus	Rhinolophus malayanus	Rhinolophus malayanus	Rhinolophus malayanus	Rhinolophus malayanus	Rhinolophus malayanus	Rhinolophus malayanus	Rhinolophus malayanus	Rhinolophus malayanus	Rhinolophus malayanus
https://linker.bio/line:hash://sha256/8b20b8ebd7b5bd963ba9f45ca371e7167e7d48b61e72aa14471a3e496be15a50!/L1,L1403.tsv	Rhinolophus marshalli	Rhinolophus marshalli	Rhinolophus marshalli	Rhinolophus marshalli	Rhinolophus marshalli	Rhinolophus marshalli	Rhinolophus marshalli	Rhinolophus marshalli	Rhinolophus marshalli	Rhinolophus marshalli	Rhinolophus marshalli	Rhinolophus marshalli	Rhinolophus marshalli	Rhinolophus marshalli	Rhinolophus marshalli
https://linker.bio/line:hash://sha256/8b20b8ebd7b5bd963ba9f45ca371e7167e7d48b61e72aa14471a3e496be15a50!/L1,L1404.tsv	N/A	N/A	N/A	Rhinolophus arcuates [synonym of]	Rhinolophus arcuates mcintyrei	Rhinolophus arcuates mcintyrei	Rhinolophus mcintyrei	Rhinolophus mcintyrei	Rhinolophus mcintyrei	Rhinolophus mcintyrei	Rhinolophus mcintyrei	Rhinolophus mcintyrei	Rhinolophus mcintyrei	Rhinolophus mcintyrei	Rhinolophus mcintyrei
https://linker.bio/line:hash://sha256/8b20b8ebd7b5bd963ba9f45ca371e7167e7d48b61e72aa14471a3e496be15a50!/L1,L1405.tsv	Rhinolophus megaphyllus	Rhinolophus megaphyllus	Rhinolophus megaphyllus	Rhinolophus megaphyllus	Rhinolophus megaphyllus	Rhinolophus megaphyllus	Rhinolophus megaphyllus	Rhinolophus megaphyllus	Rhinolophus megaphyllus	Rhinolophus megaphyllus	Rhinolophus megaphyllus	Rhinolophus megaphyllus	Rhinolophus megaphyllus	Rhinolophus megaphyllus	Rhinolophus megaphyllus
https://linker.bio/line:hash://sha256/8b20b8ebd7b5bd963ba9f45ca371e7167e7d48b61e72aa14471a3e496be15a50!/L1,L1406.tsv	Rhinolophus mehelyi	Rhinolophus mehelyi	Rhinolophus mehelyi	Rhinolophus mehelyi	Rhinolophus mehelyi	Rhinolophus mehelyi	Rhinolophus mehelyi	Rhinolophus mehelyi	Rhinolophus mehelyi	Rhinolophus mehelyi	Rhinolophus mehelyi	Rhinolophus mehelyi	Rhinolophus mehelyi	Rhinolophus mehelyi	Rhinolophus mehelyi
https://linker.bio/line:hash://sha256/8b20b8ebd7b5bd963ba9f45ca371e7167e7d48b61e72aa14471a3e496be15a50!/L1,L1407.tsv	N/A	N/A	N/A	N/A	N/A	Rhinolophus stheno microglobosus	Rhinolophus microglobosus	Rhinolophus microglobosus	Rhinolophus microglobosus	Rhinolophus microglobosus	Rhinolophus microglobosus	Rhinolophus microglobosus	Rhinolophus microglobosus	Rhinolophus microglobosus	Rhinolophus microglobosus
https://linker.bio/line:hash://sha256/8b20b8ebd7b5bd963ba9f45ca371e7167e7d48b61e72aa14471a3e496be15a50!/L1,L1408.tsv	N/A	N/A	N/A	Rhinolophus hipposideros [synonym of]	Rhinolophus hipposideros midas	Rhinolophus hipposideros?	Rhinolophus hipposideros midas	Rhinolophus hipposideros midas	Rhinolophus hipposideros	N/A	Rhinolophus midas	Rhinolophus midas	Rhinolophus midas	Rhinolophus midas	Rhinolophus midas
https://linker.bio/line:hash://sha256/8b20b8ebd7b5bd963ba9f45ca371e7167e7d48b61e72aa14471a3e496be15a50!/L1,L1409.tsv	Rhinolophus mitratus	Rhinolophus mitratus	Rhinolophus mitratus	Rhinolophus mitratus	Rhinolophus mitratus	Rhinolophus mitratus	Rhinolophus mitratus	Rhinolophus mitratus	Rhinolophus mitratus	Rhinolophus mitratus	Rhinolophus mitratus	Rhinolophus mitratus	Rhinolophus mitratus	Rhinolophus mitratus	Rhinolophus mitratus
https://linker.bio/line:hash://sha256/8b20b8ebd7b5bd963ba9f45ca371e7167e7d48b61e72aa14471a3e496be15a50!/L1,L1410.tsv	Rhinolophus monoceros	Rhinolophus monoceros	Rhinolophus monoceros	Rhinolophus monoceros	Rhinolophus monoceros	Rhinolophus monoceros	Rhinolophus monoceros	Rhinolophus monoceros	Rhinolophus monoceros		Rhinolophus monoceros	Rhinolophus monoceros	Rhinolophus monoceros	Rhinolophus monoceros	Rhinolophus monoceros
https://linker.bio/line:hash://sha256/8b20b8ebd7b5bd963ba9f45ca371e7167e7d48b61e72aa14471a3e496be15a50!/L1,L1411.tsv	N/A	N/A	N/A	Rhinolophus philippinensis [synonym of]	Rhinolophus philippinensis montanus	Rhinolophus montanus	Rhinolophus montanus	Rhinolophus montanus	Rhinolophus montanus	Rhinolophus montanus	Rhinolophus montanus	Rhinolophus montanus	Rhinolophus montanus	Rhinolophus montanus	Rhinolophus montanus
https://linker.bio/line:hash://sha256/8b20b8ebd7b5bd963ba9f45ca371e7167e7d48b61e72aa14471a3e496be15a50!/L1,L1412.tsv	N/A	N/A	N/A	Rhinolophus luctus [synonym of]	Rhinolophus luctus morio	Rhinolophus luctus morio	Rhinolophus morio	Rhinolophus morio	Rhinolophus morio	N/A	Rhinolophus morio	Rhinolophus morio	Rhinolophus morio	Rhinolophus morio	Rhinolophus morio
https://linker.bio/line:hash://sha256/8b20b8ebd7b5bd963ba9f45ca371e7167e7d48b61e72aa14471a3e496be15a50!/L1,L1413.tsv	N/A	N/A	N/A	N/A	N/A	N/A	Rhinolophus mossambicus	Rhinolophus mossambicus	Rhinolophus mossambicus	Rhinolophus mossambicus	Rhinolophus mossambicus	Rhinolophus mossambicus	Rhinolophus mossambicus	Rhinolophus mossambicus	Rhinolophus mossambicus
https://linker.bio/line:hash://sha256/8b20b8ebd7b5bd963ba9f45ca371e7167e7d48b61e72aa14471a3e496be15a50!/L1,L1414.tsv	N/A	N/A	N/A	N/A	N/A	N/A	N/A	N/A	N/A	N/A	Rhinolophus namuli	Rhinolophus namuli	Rhinolophus namuli	Rhinolophus namuli	Rhinolophus namuli
https://linker.bio/line:hash://sha256/8b20b8ebd7b5bd963ba9f45ca371e7167e7d48b61e72aa14471a3e496be15a50!/L1,L1415.tsv	Rhinolophus nereis	Rhinolophus nereis	Rhinolophus nereis	Rhinolophus nereis	Rhinolophus nereis	Rhinolophus nereis	Rhinolophus nereis	Rhinolophus nereis	Rhinolophus nereis	Rhinolophus nereis	Rhinolophus nereis	Rhinolophus nereis	Rhinolophus nereis	Rhinolophus nereis	Rhinolophus nereis
https://linker.bio/line:hash://sha256/8b20b8ebd7b5bd963ba9f45ca371e7167e7d48b61e72aa14471a3e496be15a50!/L1,L1416.tsv	N/A	N/A	N/A	Rhinolophus ferrumequinum [synonym of]	Rhinolophus ferrumequinum nippon	Rhinolophus ferrumequinum nippon	Rhinolophus nippon	Rhinolophus nippon and Rhinolophus ferrumequinum nippon	Rhinolophus nippon	Rhinolophus ferrumequinum [synonym of]	Rhinolophus nippon	Rhinolophus nippon	Rhinolophus nippon	Rhinolophus nippon	Rhinolophus nippon
https://linker.bio/line:hash://sha256/8b20b8ebd7b5bd963ba9f45ca371e7167e7d48b61e72aa14471a3e496be15a50!/L1,L1417.tsv	Rhinolophus osgoodi	Rhinolophus osgoodi	Rhinolophus lepidus [synonym of]	Rhinolophus osgoodi	Rhinolophus osgoodi	Rhinolophus osgoodi	Rhinolophus osgoodi	Rhinolophus osgoodi	Rhinolophus osgoodi	Rhinolophus osgoodi	Rhinolophus osgoodi	Rhinolophus osgoodi	Rhinolophus osgoodi	Rhinolophus osgoodi	Rhinolophus osgoodi
https://linker.bio/line:hash://sha256/8b20b8ebd7b5bd963ba9f45ca371e7167e7d48b61e72aa14471a3e496be15a50!/L1,L1418.tsv	Rhinolophus pearsoni	Rhinolophus pearsoni	Rhinolophus pearsonii	Rhinolophus pearsoni	Rhinolophus pearsoni	Rhinolophus pearsonii	Rhinolophus pearsonii	Rhinolophus pearsonii	Rhinolophus pearsonii	Rhinolophus pearsonii	Rhinolophus pearsonii	Rhinolophus pearsonii	Rhinolophus pearsonii	Rhinolophus pearsonii	Rhinolophus pearsonii
https://linker.bio/line:hash://sha256/8b20b8ebd7b5bd963ba9f45ca371e7167e7d48b61e72aa14471a3e496be15a50!/L1,L1419.tsv	N/A	N/A	N/A	Rhinolophus cornutus [synonym of]	N/A	Rhinolophus imaizumii?	Rhinolophus perditus	Rhinolophus perditus	Rhinolophus perditus	Rhinolophus perditus	Rhinolophus perditus	Rhinolophus perditus	Rhinolophus perditus	Rhinolophus perditus	Rhinolophus perditus
https://linker.bio/line:hash://sha256/8b20b8ebd7b5bd963ba9f45ca371e7167e7d48b61e72aa14471a3e496be15a50!/L1,L1420.tsv	N/A	N/A	N/A	Rhinolophus luctus [synonym of]	Rhinolophus luctus perniger	Rhinolophus luctus perniger	Rhinolophus perniger	Rhinolophus luctus perniger	Rhinolophus perniger	Rhinolophus luctus [synonym of]	Rhinolophus luctus [synonym of]	Rhinolophus perniger	Rhinolophus perniger	Rhinolophus perniger	Rhinolophus perniger
https://linker.bio/line:hash://sha256/8b20b8ebd7b5bd963ba9f45ca371e7167e7d48b61e72aa14471a3e496be15a50!/L1,L1421.tsv	N/A	Rhinolophus luctus [synonym of]	N/A	Rhinolophus luctus [synonym of]	Rhinolophus luctus lanosus	Rhinolophus luctus lanosus	Rhinolophus perniger lanosus	Rhinolophus lanosus	Rhinolophus perniger [synonym of]	N/A	Rhinolophus lanosus	Rhinolophus perniger [synonym of]	Rhinolophus perniger [synonym of]	 	Rhinolophus perniger lanosus
https://linker.bio/line:hash://sha256/8b20b8ebd7b5bd963ba9f45ca371e7167e7d48b61e72aa14471a3e496be15a50!/L1,L1422.tsv	Rhinolophus philippinensis	Rhinolophus philippinensis	Rhinolophus philippinensis	Rhinolophus philippinensis	Rhinolophus philippinensis	Rhinolophus philippinensis	Rhinolophus philippinensis	Rhinolophus philippinensis	Rhinolophus philippinensis	Rhinolophus philippinensis	Rhinolophus philippinensis	Rhinolophus philippinensis	Rhinolophus philippinensis	Rhinolophus philippinensis	Rhinolophus philippinensis
https://linker.bio/line:hash://sha256/8b20b8ebd7b5bd963ba9f45ca371e7167e7d48b61e72aa14471a3e496be15a50!/L1,L1423.tsv	N/A	N/A	N/A	N/A	N/A	Rhinolophus arcuatus proconsulis	Rhinolophus proconsulis	Rhinolophus proconsulis	Rhinolophus proconsulis	Rhinolophus proconsulis	Rhinolophus proconsulis	Rhinolophus proconsulis	Rhinolophus proconsulis	Rhinolophus proconsulis	Rhinolophus proconsulis
https://linker.bio/line:hash://sha256/8b20b8ebd7b5bd963ba9f45ca371e7167e7d48b61e72aa14471a3e496be15a50!/L1,L1424.tsv	N/A	N/A	N/A	Rhinolophus cornutus [synonym of]	N/A	Rhinolophus cornutus pumilus	Rhinolophus pumilus	Rhinolophus pumilus	Rhinolophus pumilus	N/A	Rhinolophus pumilus	Rhinolophus pumilus	Rhinolophus pumilus	Rhinolophus pumilus	Rhinolophus pumilus
https://linker.bio/line:hash://sha256/8b20b8ebd7b5bd963ba9f45ca371e7167e7d48b61e72aa14471a3e496be15a50!/L1,L1425.tsv	Rhinolophus pusillus	Rhinolophus pusillus	Rhinolophus pusillus	Rhinolophus pusillus	Rhinolophus pusillus	Rhinolophus pusillus	Rhinolophus pusillus	Rhinolophus pusillus	Rhinolophus pusillus	Rhinolophus pusillus	Rhinolophus pusillus	Rhinolophus pusillus	Rhinolophus pusillus	Rhinolophus pusillus	Rhinolophus pusillus
https://linker.bio/line:hash://sha256/8b20b8ebd7b5bd963ba9f45ca371e7167e7d48b61e72aa14471a3e496be15a50!/L1,L1426.tsv	Rhinolophus gracilis	N/A	Rhinolophus pusillus [synonym of]	Rhinolophus pusillus [synonym of]	Rhinolophus pusillus gracilis	Rhinolophus pusillus gracilis	Rhinolophus pusillus gracilis	Rhinolophus pusillus gracilis	Rhinolophus pusillus [synonym of]	N/A	Rhinolophus pusillus gracilis	Rhinolophus pusillus [synonym of]	Rhinolophus pusillus [synonym of]	 	Rhinolophus pusillus gracilis
https://linker.bio/line:hash://sha256/8b20b8ebd7b5bd963ba9f45ca371e7167e7d48b61e72aa14471a3e496be15a50!/L1,L1427.tsv	Rhinolophus minutillus	Rhinolophus pusillus [synonym of]	Rhinolophus pusillus [synonym of]	Rhinolophus pusillus [synonym of]	Rhinolophus pusillus minutillus	Rhinolophus pusillus minutillus	Rhinolophus pusillus minutillus	Rhinolophus pusillus minutillus	Rhinolophus pusillus [synonym of]	N/A	Rhinolophus pusillus minutillus	Rhinolophus pusillus [synonym of]	Rhinolophus pusillus [synonym of]	 	Rhinolophus pusillus minutillus
https://linker.bio/line:hash://sha256/8b20b8ebd7b5bd963ba9f45ca371e7167e7d48b61e72aa14471a3e496be15a50!/L1,L1428.tsv	Rhinolophus refulgens	N/A	Rhinolophus lepidus [synonym of]	Rhinolophus lepidus [synonym of]	Rhinolophus lepidus refulgens	Rhinolophus lepidus refulgens	Rhinolophus refulgens	Rhinolophus refulgens	Rhinolophus refulgens	Rhinolophus lepidus refulgens	Rhinolophus refulgens	Rhinolophus refulgens	Rhinolophus refulgens	Rhinolophus refulgens	Rhinolophus refulgens
https://linker.bio/line:hash://sha256/8b20b8ebd7b5bd963ba9f45ca371e7167e7d48b61e72aa14471a3e496be15a50!/L1,L1429.tsv	Rhinolophus rex	Rhinolophus rex	Rhinolophus rex	Rhinolophus rex	Rhinolophus rex	Rhinolophus rex	Rhinolophus rex	Rhinolophus rex	Rhinolophus rex	Rhinolophus rex	Rhinolophus rex	Rhinolophus rex	Rhinolophus rex	Rhinolophus rex	Rhinolophus rex
https://linker.bio/line:hash://sha256/8b20b8ebd7b5bd963ba9f45ca371e7167e7d48b61e72aa14471a3e496be15a50!/L1,L1430.tsv	N/A	N/A	N/A	N/A	N/A	N/A	Rhinolophus schnitzleri	Rhinolophus schnitzleri	Rhinolophus schnitzleri	Rhinolophus schnitzleri	Rhinolophus schnitzleri and Rhinolophus rex rex [synonym of]	Rhinolophus schnitzleri	Rhinolophus rex [synonym of]	 	Rhinolophus rex [synonym of]
https://linker.bio/line:hash://sha256/8b20b8ebd7b5bd963ba9f45ca371e7167e7d48b61e72aa14471a3e496be15a50!/L1,L1431.tsv	Rhinolophus paradoxolophus	Rhinolophus paradoxolophus	Rhinolophus paradoxolophus	N/A	Rhinolophus paradoxolophus	Rhinolophus paradoxolophus	Rhinolophus rex paradoxolophus	Rhinolophus rex rex [synonym of]	Rhinolophus rex [synonym of]	Rhinolophus paradoxolophus	Rhinolophus rex rex [synonym of]	Rhinolophus rex [synonym of]	Rhinolophus rex [synonym of]	 	Rhinolophus rex [synonym of]
https://linker.bio/line:hash://sha256/8b20b8ebd7b5bd963ba9f45ca371e7167e7d48b61e72aa14471a3e496be15a50!/L1,L1432.tsv	Rhinolophus robinsoni	Rhinolophus robinsoni	Rhinolophus robinsoni	Rhinolophus robinsoni	Rhinolophus robinsoni	Rhinolophus robinsoni	Rhinolophus robinsoni	Rhinolophus robinsoni	Rhinolophus robinsoni	Rhinolophus robinsoni	Rhinolophus robinsoni	Rhinolophus robinsoni	Rhinolophus robinsoni	Rhinolophus robinsoni	Rhinolophus robinsoni
https://linker.bio/line:hash://sha256/8b20b8ebd7b5bd963ba9f45ca371e7167e7d48b61e72aa14471a3e496be15a50!/L1,L1433.tsv	Rhinolophus rouxi	Rhinolophus rouxi	Rhinolophus rouxii	Rhinolophus rouxi	Rhinolophus rouxi	Rhinolophus rouxii	Rhinolophus rouxii	Rhinolophus rouxii	Rhinolophus rouxii	Rhinolophus rouxii	Rhinolophus rouxii	Rhinolophus rouxii	Rhinolophus rouxii	Rhinolophus rouxii	Rhinolophus rouxii
https://linker.bio/line:hash://sha256/8b20b8ebd7b5bd963ba9f45ca371e7167e7d48b61e72aa14471a3e496be15a50!/L1,L1434.tsv	N/A	N/A	N/A	N/A	N/A	N/A	Rhinolophus rouxii [nomen nudum of]	Rhinolophus rouxii rouxii [synonym of]	Rhinolophus rouxii [synonym of]	Rhinolophus indorouxii	Rhinolophus rouxii rouxii [synonym of]	Rhinolophus rouxii [synonym of]	Rhinolophus rouxii [synonym of]	 	Rhinolophus rouxii [synonym of]
https://linker.bio/line:hash://sha256/8b20b8ebd7b5bd963ba9f45ca371e7167e7d48b61e72aa14471a3e496be15a50!/L1,L1435.tsv	Rhinolophus petersi	Rhinolophus rouxi [synonym of]	Rhinolophus rouxii [synonym of]	Rhinolophus rouxi [synonym of]	Rhinolophus rouxii petersi	N/A	N/A	Rhinolophus rouxii rouxii [synonym of]	Rhinolophus rouxii [synonym of]	Rhinolophus rouxii [synonym of]	Rhinolophus rouxii rouxii [synonym of]	Rhinolophus rouxii [synonym of]	Rhinolophus rouxii [synonym of]	 	Rhinolophus rouxii rouxii [synonym of]
https://linker.bio/line:hash://sha256/8b20b8ebd7b5bd963ba9f45ca371e7167e7d48b61e72aa14471a3e496be15a50!/L1,L1436.tsv	Rhinolophus rufus	Rhinolophus rufus	Rhinolophus rufus	Rhinolophus rufus	N/A	Rhinolophus rufus and Rhinolophus subrufus [synonym of]	Rhinolophus rufus	Rhinolophus rufus and Rhinolophus subrufus subrufus [synonym of]	Rhinolophus rufus and Rhinolophus subrufus [synonym of]	Rhinolophus rufus	Rhinolophus rufus and Rhinolophus subrufus subrufus [synonym of]	Rhinolophus rufus and Rhinolophus subrufus [synonym of]	Rhinolophus rufus and Rhinolophus subrufus [synonym of]	Rhinolophus rufus	Rhinolophus rufus
https://linker.bio/line:hash://sha256/8b20b8ebd7b5bd963ba9f45ca371e7167e7d48b61e72aa14471a3e496be15a50!/L1,L1437.tsv	N/A	N/A	N/A	N/A	Rhinolophus rufus	Rhinolophus subrufus [synonym of]	N/A	Rhinolophus subrufus subrufus [synonym of]	Rhinolophus subrufus [synonym of]	N/A	Rhinolophus subrufus subrufus [synonym of]	Rhinolophus subrufus [synonym of]	Rhinolophus subrufus [synonym of]	 	Rhinolophus rufus and Rhinolophus subrufus subrufus [synonym of]
https://linker.bio/line:hash://sha256/8b20b8ebd7b5bd963ba9f45ca371e7167e7d48b61e72aa14471a3e496be15a50!/L1,L1438.tsv	Rhinolophus maclaudi [synonym of]	Rhinolophus maclaudi [synonym of]	Rhinolophus maclaudi [synonym of]	Rhinolophus maclaudi [synonym of]	Rhinolophus maclaudi ruwenzorii	Rhinolophus ruwenzorii	Rhinolophus ruwenzorii	Rhinolophus ruwenzorii	Rhinolophus ruwenzorii	Rhinolophus ruwenzorii	Rhinolophus ruwenzorii	Rhinolophus ruwenzorii	Rhinolophus ruwenzorii	Rhinolophus ruwenzorii	Rhinolophus ruwenzorii
https://linker.bio/line:hash://sha256/8b20b8ebd7b5bd963ba9f45ca371e7167e7d48b61e72aa14471a3e496be15a50!/L1,L1439.tsv	N/A	N/A	N/A	N/A	N/A	N/A	Rhinolophus kahuzi	Rhinolophus ruwenzorii [synonym of]	Rhinolophus ruwenzorii [synonym of]	Rhinolophus kahuzi	Rhinolophus ruwenzorii ruwenzorii [synonym of]	Rhinolophus ruwenzorii [synonym of]	Rhinolophus ruwenzorii [synonym of]	 	Rhinolophus ruwenzorii [synonym of]
https://linker.bio/line:hash://sha256/8b20b8ebd7b5bd963ba9f45ca371e7167e7d48b61e72aa14471a3e496be15a50!/L1,L1440.tsv	N/A	N/A	N/A	N/A	N/A	Rhinolophus sakejiensis	Rhinolophus sakejiensis	Rhinolophus sakejiensis	Rhinolophus sakejiensis	Rhinolophus sakejiensis	Rhinolophus sakejiensis	Rhinolophus sakejiensis	Rhinolophus sakejiensis	Rhinolophus sakejiensis	Rhinolophus sakejiensis
https://linker.bio/line:hash://sha256/8b20b8ebd7b5bd963ba9f45ca371e7167e7d48b61e72aa14471a3e496be15a50!/L1,L1441.tsv	Rhinolophus sedulus	Rhinolophus sedulus	Rhinolophus sedulus	Rhinolophus sedulus	Rhinolophus sedulus	Rhinolophus sedulus	Rhinolophus sedulus	Rhinolophus sedulus	Rhinolophus sedulus	Rhinolophus sedulus	Rhinolophus sedulus	Rhinolophus sedulus	Rhinolophus sedulus	Rhinolophus sedulus	Rhinolophus sedulus
https://linker.bio/line:hash://sha256/8b20b8ebd7b5bd963ba9f45ca371e7167e7d48b61e72aa14471a3e496be15a50!/L1,L1442.tsv	N/A	N/A	N/A	Rhinolophus thomasi [synonym of]	Rhinolophus thomasi septentrionalis	Rhinolophus sinicus septentrionalis	Rhinolophus sinicus septentrionalis	Rhinolophus septentrionalis	Rhinolophus sinicus [synonym of]	N/A	Rhinolophus septentrionalis	Rhinolophus septentrionalis	Rhinolophus septentrionalis	Rhinolophus septentrionalis	Rhinolophus septentrionalis
https://linker.bio/line:hash://sha256/8b20b8ebd7b5bd963ba9f45ca371e7167e7d48b61e72aa14471a3e496be15a50!/L1,L1443.tsv	Rhinolophus shameli	Rhinolophus shameli	Rhinolophus shameli	Rhinolophus shameli	Rhinolophus shameli	Rhinolophus shameli	Rhinolophus shameli	Rhinolophus shameli	Rhinolophus shameli	Rhinolophus shameli	Rhinolophus shameli	Rhinolophus shameli	Rhinolophus shameli	Rhinolophus shameli	Rhinolophus shameli
https://linker.bio/line:hash://sha256/8b20b8ebd7b5bd963ba9f45ca371e7167e7d48b61e72aa14471a3e496be15a50!/L1,L1444.tsv	N/A	N/A	N/A	Rhinolophus lepidus [synonym of]	Rhinolophus lepidus shortridgei	Rhinolophus shortridgei	Rhinolophus shortridgei	Rhinolophus shortridgei	Rhinolophus shortridgei	Rhinolophus shortridgei	Rhinolophus shortridgei	Rhinolophus shortridgei	Rhinolophus shortridgei	Rhinolophus shortridgei	Rhinolophus shortridgei
https://linker.bio/line:hash://sha256/8b20b8ebd7b5bd963ba9f45ca371e7167e7d48b61e72aa14471a3e496be15a50!/L1,L1445.tsv	N/A	N/A	N/A	Rhinolophus macrotis [synonym of]	Rhinolophus macrotis siamensis	Rhinolophus siamensis	Rhinolophus siamensis	Rhinolophus siamensis	Rhinolophus siamensis	Rhinolophus siamensis	Rhinolophus siamensis	Rhinolophus siamensis	Rhinolophus siamensis	Rhinolophus siamensis	Rhinolophus siamensis
https://linker.bio/line:hash://sha256/8b20b8ebd7b5bd963ba9f45ca371e7167e7d48b61e72aa14471a3e496be15a50!/L1,L1446.tsv	N/A	N/A	N/A	N/A	N/A	N/A	Rhinolophus siamensis [synonym of]	Rhinolophus siamensis siamensis [synonym of]	Rhinolophus siamensis [synonym of]	Rhinolophus huananus	Rhinolophus siamensis siamensis [synonym of]	Rhinolophus siamensis [synonym of]	Rhinolophus siamensis [synonym of]	 	Rhinolophus siamensis [synonym of]
https://linker.bio/line:hash://sha256/8b20b8ebd7b5bd963ba9f45ca371e7167e7d48b61e72aa14471a3e496be15a50!/L1,L1447.tsv	N/A	Rhinolophus silvestris	Rhinolophus silvestris	Rhinolophus silvestris	Rhinolophus silvestris	Rhinolophus silvestris	Rhinolophus silvestris	Rhinolophus silvestris	Rhinolophus silvestris	Rhinolophus silvestris	Rhinolophus silvestris	Rhinolophus silvestris	Rhinolophus silvestris	Rhinolophus silvestris	Rhinolophus silvestris
https://linker.bio/line:hash://sha256/8b20b8ebd7b5bd963ba9f45ca371e7167e7d48b61e72aa14471a3e496be15a50!/L1,L1448.tsv	Rhinolophus simulator	Rhinolophus simulator	Rhinolophus simulator	Rhinolophus simulator	Rhinolophus simulator	Rhinolophus simulator	Rhinolophus simulator	Rhinolophus simulator	Rhinolophus simulator	Rhinolophus simulator	Rhinolophus simulator	Rhinolophus simulator	Rhinolophus simulator	Rhinolophus simulator	Rhinolophus simulator
https://linker.bio/line:hash://sha256/8b20b8ebd7b5bd963ba9f45ca371e7167e7d48b61e72aa14471a3e496be15a50!/L1,L1449.tsv	N/A	N/A	N/A	N/A	N/A	N/A	Rhinolophus gorongosae	Rhinolophus simulator simulator [synonym of]	Rhinolophus simulator [synonym of]	N/A	Rhinolophus gorongosae and Rhinolophus simulator simulator [synonym of]	Rhinolophus gorongosae and Rhinolophus simulator [synonym of]	Rhinolophus simulator [synonym of]	 	Rhinolophus simulator [synonym of]
https://linker.bio/line:hash://sha256/8b20b8ebd7b5bd963ba9f45ca371e7167e7d48b61e72aa14471a3e496be15a50!/L1,L1450.tsv	N/A	N/A	N/A	Rhinolophus swinnyi [synonym of]	N/A	Rhinolophus swinnyi [synonym of]	Rhinolophus rhodesiae	Rhinolophus rhodesiae and Rhinolophus simulator simulator [synonym of]	Rhinolophus simulator [synonym of]	N/A	Rhinolophus rhodesiae and Rhinolophus simulator simulator [synonym of]	Rhinolophus rhodesiae	Rhinolophus simulator [synonym of]	 	Rhinolophus simulator [synonym of]
https://linker.bio/line:hash://sha256/8b20b8ebd7b5bd963ba9f45ca371e7167e7d48b61e72aa14471a3e496be15a50!/L1,L1451.tsv	N/A	N/A	N/A	Rhinolophus rouxi [synonym of]	Rhinolophus rouxi sinicus	Rhinolophus sinicus	Rhinolophus sinicus	Rhinolophus sinicus	Rhinolophus sinicus	Rhinolophus sinicus	Rhinolophus sinicus	Rhinolophus sinicus	Rhinolophus sinicus	Rhinolophus sinicus	Rhinolophus sinicus
https://linker.bio/line:hash://sha256/8b20b8ebd7b5bd963ba9f45ca371e7167e7d48b61e72aa14471a3e496be15a50!/L1,L1452.tsv	N/A	N/A	N/A	N/A	N/A	N/A	Rhinolophus smithersi	Rhinolophus smithersi	Rhinolophus hildebrandtii [synonym of]	Rhinolophus smithersi	Rhinolophus smithersi	Rhinolophus smithersi	Rhinolophus smithersi	Rhinolophus smithersi	Rhinolophus smithersi
https://linker.bio/line:hash://sha256/8b20b8ebd7b5bd963ba9f45ca371e7167e7d48b61e72aa14471a3e496be15a50!/L1,L1453.tsv	Rhinolophus stheno	Rhinolophus stheno	Rhinolophus stheno	Rhinolophus stheno	Rhinolophus stheno	Rhinolophus stheno	Rhinolophus stheno	Rhinolophus stheno	Rhinolophus stheno	Rhinolophus stheno	Rhinolophus stheno	Rhinolophus stheno	Rhinolophus stheno	Rhinolophus stheno	Rhinolophus stheno
https://linker.bio/line:hash://sha256/8b20b8ebd7b5bd963ba9f45ca371e7167e7d48b61e72aa14471a3e496be15a50!/L1,L1454.tsv	Rhinolophus subbadius	Rhinolophus subbadius	Rhinolophus subbadius	Rhinolophus subbadius	Rhinolophus subbadius	Rhinolophus subbadius	Rhinolophus subbadius	Rhinolophus subbadius	Rhinolophus subbadius	Rhinolophus subbadius	Rhinolophus subbadius	Rhinolophus subbadius	Rhinolophus subbadius	Rhinolophus subbadius	Rhinolophus subbadius
https://linker.bio/line:hash://sha256/8b20b8ebd7b5bd963ba9f45ca371e7167e7d48b61e72aa14471a3e496be15a50!/L1,L1455.tsv	Rhinolophus subrufus	Rhinolophus subrufus	Rhinolophus subrufus	Rhinolophus subrufus	Rhinolophus subrufus	Rhinolophus subrufus	Rhinolophus subrufus	Rhinolophus subrufus	Rhinolophus subrufus	Rhinolophus subrufus	Rhinolophus subrufus	Rhinolophus subrufus	Rhinolophus subrufus	Rhinolophus subrufus	Rhinolophus subrufus
https://linker.bio/line:hash://sha256/8b20b8ebd7b5bd963ba9f45ca371e7167e7d48b61e72aa14471a3e496be15a50!/L1,L1456.tsv	Rhinolophus swinnyi	Rhinolophus swinnyi	Rhinolophus swinnyi	Rhinolophus swinnyi	Rhinolophus swinnyi	Rhinolophus swinnyi	Rhinolophus swinnyi	Rhinolophus swinnyi	Rhinolophus swinnyi	Rhinolophus swinnyi	Rhinolophus swinnyi	Rhinolophus swinnyi	Rhinolophus swinnyi	Rhinolophus swinnyi	Rhinolophus swinnyi
https://linker.bio/line:hash://sha256/8b20b8ebd7b5bd963ba9f45ca371e7167e7d48b61e72aa14471a3e496be15a50!/L1,L1457.tsv	N/A	N/A	N/A	Rhinolophus euryotis [synonym of]	Rhinolophus euryotis tatar	Rhinolophus euryotis tatar	Rhinolophus tatar	Rhinolophus tatar	Rhinolophus tatar	Rhinolophus tatar	Rhinolophus tatar	Rhinolophus tatar	Rhinolophus tatar	Rhinolophus tatar	Rhinolophus tatar
https://linker.bio/line:hash://sha256/8b20b8ebd7b5bd963ba9f45ca371e7167e7d48b61e72aa14471a3e496be15a50!/L1,L1458.tsv	N/A	N/A	N/A	N/A	N/A	N/A	Rhinolophus thailandensis	Rhinolophus thailandensis	Rhinolophus thailandensis	Rhinolophus thailandensis	Rhinolophus thailandensis	Rhinolophus thailandensis	Rhinolophus thailandensis	Rhinolophus thailandensis	Rhinolophus thailandensis
https://linker.bio/line:hash://sha256/8b20b8ebd7b5bd963ba9f45ca371e7167e7d48b61e72aa14471a3e496be15a50!/L1,L1459.tsv	Rhinolophus thomasi	Rhinolophus thomasi	Rhinolophus thomasi	Rhinolophus thomasi	Rhinolophus thomasi	Rhinolophus thomasi	Rhinolophus thomasi	Rhinolophus thomasi	Rhinolophus thomasi	Rhinolophus thomasi	Rhinolophus thomasi	Rhinolophus thomasi	Rhinolophus thomasi	Rhinolophus thomasi	Rhinolophus thomasi
https://linker.bio/line:hash://sha256/8b20b8ebd7b5bd963ba9f45ca371e7167e7d48b61e72aa14471a3e496be15a50!/L1,L1460.tsv	Rhinolophus trifoliatus	Rhinolophus trifoliatus	Rhinolophus trifoliatus	Rhinolophus trifoliatus	Rhinolophus trifoliatus	Rhinolophus trifoliatus	Rhinolophus trifoliatus	Rhinolophus trifoliatus	Rhinolophus trifoliatus	Rhinolophus trifoliatus	Rhinolophus trifoliatus	Rhinolophus trifoliatus	Rhinolophus trifoliatus	Rhinolophus trifoliatus	Rhinolophus trifoliatus
https://linker.bio/line:hash://sha256/8b20b8ebd7b5bd963ba9f45ca371e7167e7d48b61e72aa14471a3e496be15a50!/L1,L1461.tsv	Rhinolophus virgo	Rhinolophus virgo	Rhinolophus virgo	Rhinolophus virgo	Rhinolophus virgo	Rhinolophus virgo	Rhinolophus virgo	Rhinolophus virgo	Rhinolophus virgo	Rhinolophus virgo	Rhinolophus virgo	Rhinolophus virgo	Rhinolophus virgo	Rhinolophus virgo	Rhinolophus virgo
https://linker.bio/line:hash://sha256/8b20b8ebd7b5bd963ba9f45ca371e7167e7d48b61e72aa14471a3e496be15a50!/L1,L1462.tsv	N/A	N/A	N/A	N/A	N/A	N/A	N/A	N/A	N/A	N/A	N/A	N/A	Rhinolophus webalai	Rhinolophus webalai	Rhinolophus webalai
https://linker.bio/line:hash://sha256/8b20b8ebd7b5bd963ba9f45ca371e7167e7d48b61e72aa14471a3e496be15a50!/L1,L1463.tsv	N/A	N/A	N/A	N/A	N/A	N/A	Rhinolophus willardi	Rhinolophus willardi	Rhinolophus willardi	Rhinolophus willardi	Rhinolophus willardi	Rhinolophus willardi	Rhinolophus willardi	Rhinolophus willardi	Rhinolophus willardi
https://linker.bio/line:hash://sha256/8b20b8ebd7b5bd963ba9f45ca371e7167e7d48b61e72aa14471a3e496be15a50!/L1,L1464.tsv	N/A	N/A	N/A	N/A	N/A	N/A	Rhinolophus xinanzhongguoensis	Rhinolophus xinanzhongguoensis	Rhinolophus xinanzhongguoensis	Rhinolophus xinanzhongguoensis	Rhinolophus xinanzhongguoensis	Rhinolophus xinanzhongguoensis	Rhinolophus xinanzhongguoensis	Rhinolophus xinanzhongguoensis	Rhinolophus xinanzhongguoensis
https://linker.bio/line:hash://sha256/8b20b8ebd7b5bd963ba9f45ca371e7167e7d48b61e72aa14471a3e496be15a50!/L1,L1465.tsv	N/A	N/A	N/A	N/A	N/A	N/A	N/A	Rhinolophus yonghoiseni	Rhinolophus yonghoiseni	N/A	Rhinolophus yonghoiseni	Rhinolophus yonghoiseni	Rhinolophus yonghoiseni	Rhinolophus yonghoiseni	Rhinolophus yonghoiseni
https://linker.bio/line:hash://sha256/8b20b8ebd7b5bd963ba9f45ca371e7167e7d48b61e72aa14471a3e496be15a50!/L1,L1466.tsv	Rhinolophus yunanensis	Rhinolophus yunanensis	Rhinolophus yunanensis	Rhinolophus yunanensis	Rhinolophus yunanensis	Rhinolophus yunanensis	Rhinolophus yunanensis	Rhinolophus yunanensis	Rhinolophus yunanensis	Rhinolophus yunanensis	Rhinolophus yunanensis	Rhinolophus yunanensis	Rhinolophus yunanensis	Rhinolophus yunanensis	Rhinolophus yunanensis
https://linker.bio/line:hash://sha256/8b20b8ebd7b5bd963ba9f45ca371e7167e7d48b61e72aa14471a3e496be15a50!/L1,L1467.tsv	N/A	N/A	N/A	N/A	N/A	Rhinolophus ziama	Rhinolophus ziama	Rhinolophus ziama	Rhinolophus ziama	Rhinolophus ziama	Rhinolophus ziama	Rhinolophus ziama	Rhinolophus ziama	Rhinolophus ziama	Rhinolophus ziama
https://linker.bio/line:hash://sha256/8b20b8ebd7b5bd963ba9f45ca371e7167e7d48b61e72aa14471a3e496be15a50!/L1,L1468.tsv	Rhinonycteris aurantius	Rhinonicteris aurantia	Rhinonycteris aurantius	Rhinonicteris aurantia	Rhinonycteris aurantius	Rhinonicteris aurantia	Rhinonicteris aurantia	Rhinonicteris aurantia	Rhinonicteris aurantia	Rhinonicteris aurantia	Rhinonicteris aurantia	Rhinonicteris aurantia	Rhinonicteris aurantia	Rhinonicteris aurantia	Rhinonicteris aurantia
https://linker.bio/line:hash://sha256/8b20b8ebd7b5bd963ba9f45ca371e7167e7d48b61e72aa14471a3e496be15a50!/L1,L1469.tsv	Rhinophylla alethina	Rhinophylla alethina	Rhinophylla alethina	Rhinophylla alethina	Rhinophylla alethina	Rhinophylla alethina	Rhinophylla alethina	Rhinophylla alethina	Rhinophylla alethina	Rhinophylla alethina	Rhinophylla alethina	Rhinophylla alethina	Rhinophylla alethina	Rhinophylla alethina	Rhinophylla alethina
https://linker.bio/line:hash://sha256/8b20b8ebd7b5bd963ba9f45ca371e7167e7d48b61e72aa14471a3e496be15a50!/L1,L1470.tsv	Rhinophylla fischerae	Rhinophylla fischerae	Rhinophylla fischerae	Rhinophylla fischerae	Rhinophylla fischerae	Rhinophylla fischerae	Rhinophylla fischerae	Rhinophylla fischerae	Rhinophylla fischerae	Rhinophylla fischerae	Rhinophylla fischerae	Rhinophylla fischerae	Rhinophylla fischerae	Rhinophylla fischerae	Rhinophylla fischerae
https://linker.bio/line:hash://sha256/8b20b8ebd7b5bd963ba9f45ca371e7167e7d48b61e72aa14471a3e496be15a50!/L1,L1471.tsv	Rhinophylla pumilio	Rhinophylla pumilio	Rhinophylla pumilio	Rhinophylla pumilio	Rhinophylla pumilio	Rhinophylla pumilio	Rhinophylla pumilio	Rhinophylla pumilio	Rhinophylla pumilio	Rhinophylla pumilio	Rhinophylla pumilio	Rhinophylla pumilio	Rhinophylla pumilio	Rhinophylla pumilio	Rhinophylla pumilio
https://linker.bio/line:hash://sha256/8b20b8ebd7b5bd963ba9f45ca371e7167e7d48b61e72aa14471a3e496be15a50!/L1,L1472.tsv	N/A	N/A	N/A	Rhinopoma hardwickei [synonym of]	Rhinopoma hardwickei cystops	Rhinopoma hardwickii cystops	Rhinopoma cystops	Rhinopoma cystops	Rhinopoma cystops	Rhinopoma cystops	Rhinopoma cystops	Rhinopoma cystops	Rhinopoma cystops	Rhinopoma cystops	Rhinopoma cystops
https://linker.bio/line:hash://sha256/8b20b8ebd7b5bd963ba9f45ca371e7167e7d48b61e72aa14471a3e496be15a50!/L1,L1473.tsv	N/A	N/A	N/A	N/A	N/A	N/A	Rhinopoma hadramauticum	Rhinopoma hadramauticum	Rhinopoma hadramauticum	Rhinopoma hadramauticum	Rhinopoma hadramauticum	Rhinopoma hadramauticum	Rhinopoma hadramauticum	Rhinopoma hadramauticum	Rhinopoma hadramauticum
https://linker.bio/line:hash://sha256/8b20b8ebd7b5bd963ba9f45ca371e7167e7d48b61e72aa14471a3e496be15a50!/L1,L1474.tsv	Rhinopoma hardwickei	Rhinopoma hardwickei	Rhinopoma hardwickii	Rhinopoma hardwickei	Rhinopoma hardwickei	Rhinopoma hardwickii	Rhinopoma hardwickii	Rhinopoma hardwickii	Rhinopoma hardwickii	Rhinopoma hardwickii	Rhinopoma hardwickii	Rhinopoma hardwickii	Rhinopoma hardwickii	Rhinopoma hardwickii	Rhinopoma hardwickii
https://linker.bio/line:hash://sha256/8b20b8ebd7b5bd963ba9f45ca371e7167e7d48b61e72aa14471a3e496be15a50!/L1,L1475.tsv	N/A	N/A	N/A	Rhinopoma hardwickei [synonym of]	N/A	Rhinopoma macinnesi	Rhinopoma macinnesi	Rhinopoma macinnesi	Rhinopoma macinnesi	Rhinopoma macinnesi	Rhinopoma macinnesi	Rhinopoma macinnesi	Rhinopoma macinnesi	Rhinopoma macinnesi	Rhinopoma macinnesi
https://linker.bio/line:hash://sha256/8b20b8ebd7b5bd963ba9f45ca371e7167e7d48b61e72aa14471a3e496be15a50!/L1,L1476.tsv	Rhinopoma microphyllum	Rhinopoma microphyllum	Rhinopoma microphyllum	Rhinopoma microphyllum	Rhinopoma microphyllum	Rhinopoma microphyllum	Rhinopoma microphyllum	Rhinopoma microphyllum	Rhinopoma microphyllum	Rhinopoma microphyllum	Rhinopoma microphyllum	Rhinopoma microphyllum	Rhinopoma microphyllum	Rhinopoma microphyllum	Rhinopoma microphyllum
https://linker.bio/line:hash://sha256/8b20b8ebd7b5bd963ba9f45ca371e7167e7d48b61e72aa14471a3e496be15a50!/L1,L1477.tsv	Rhinopoma muscatellum	Rhinopoma muscatellum	Rhinopoma muscatellum	Rhinopoma muscatellum	Rhinopoma muscatellum	Rhinopoma muscatellum	Rhinopoma muscatellum	Rhinopoma muscatellum	Rhinopoma muscatellum	Rhinopoma muscatellum	Rhinopoma muscatellum	Rhinopoma muscatellum	Rhinopoma muscatellum	Rhinopoma muscatellum	Rhinopoma muscatellum
https://linker.bio/line:hash://sha256/8b20b8ebd7b5bd963ba9f45ca371e7167e7d48b61e72aa14471a3e496be15a50!/L1,L1478.tsv	N/A	N/A	N/A	N/A	N/A	Rhogeessa aeneus	Rhogeessa aenea	Rhogeessa aenea	Rhogeessa aenea	N/A	Rhogeessa aenea	Rhogeessa aenea	Rhogeessa aenea	Rhogeessa aenea	Rhogeessa aenea
https://linker.bio/line:hash://sha256/8b20b8ebd7b5bd963ba9f45ca371e7167e7d48b61e72aa14471a3e496be15a50!/L1,L1479.tsv	N/A	N/A	N/A	N/A	N/A	N/A	Rhogeessa bickhami	Rhogeessa bickhami	Rhogeessa bickhami	Rhogeessa bickhami	Rhogeessa bickhami	Rhogeessa bickhami	Rhogeessa bickhami	Rhogeessa bickhami	Rhogeessa bickhami
https://linker.bio/line:hash://sha256/8b20b8ebd7b5bd963ba9f45ca371e7167e7d48b61e72aa14471a3e496be15a50!/L1,L1480.tsv	N/A	N/A	Rhogeessa genowaysi	Rhogeessa genowaysi	Rhogeesa genowaysi	Rhogeessa genowaysi	Rhogeessa genowaysi	Rhogeessa genowaysi	Rhogeessa genowaysi	Rhogeessa genowaysi	Rhogeessa genowaysi	Rhogeessa genowaysi	Rhogeessa genowaysi	Rhogeessa genowaysi	Rhogeessa genowaysi
https://linker.bio/line:hash://sha256/8b20b8ebd7b5bd963ba9f45ca371e7167e7d48b61e72aa14471a3e496be15a50!/L1,L1481.tsv	N/A	N/A	N/A	N/A	N/A	Rhogeessa hussoni	Rhogeessa hussoni	Rhogeessa hussoni	Rhogeessa hussoni	Rhogeessa hussoni	Rhogeessa hussoni	Rhogeessa hussoni	Rhogeessa hussoni	Rhogeessa hussoni	Rhogeessa hussoni
https://linker.bio/line:hash://sha256/8b20b8ebd7b5bd963ba9f45ca371e7167e7d48b61e72aa14471a3e496be15a50!/L1,L1482.tsv	N/A	N/A	N/A	Rhogeessa tumida [synonym of]	N/A	Rhogeessa io	Rhogeessa io	Rhogeessa io	Rhogeessa io	Rhogeessa io	Rhogeessa io	Rhogeessa io	Rhogeessa io	Rhogeessa io	Rhogeessa io
https://linker.bio/line:hash://sha256/8b20b8ebd7b5bd963ba9f45ca371e7167e7d48b61e72aa14471a3e496be15a50!/L1,L1483.tsv	N/A	N/A	N/A	N/A	N/A	N/A	Rhogeessa menchuae	Rhogeessa menchuae	Rhogeessa menchuae	Rhogeessa menchuae	Rhogeessa menchuae	Rhogeessa menchuae	Rhogeessa menchuae	Rhogeessa menchuae	Rhogeessa menchuae
https://linker.bio/line:hash://sha256/8b20b8ebd7b5bd963ba9f45ca371e7167e7d48b61e72aa14471a3e496be15a50!/L1,L1484.tsv	Rhogeessa minutilla	Rhogeessa minutilla	Rhogeessa minutilla	Rhogeessa minutilla	Rhogeesa minutilla	Rhogeessa minutilla	Rhogeessa minutilla	Rhogeessa minutilla	Rhogeessa minutilla	Rhogeessa minutilla	Rhogeessa minutilla	Rhogeessa minutilla	Rhogeessa minutilla	Rhogeessa minutilla	Rhogeessa minutilla
https://linker.bio/line:hash://sha256/8b20b8ebd7b5bd963ba9f45ca371e7167e7d48b61e72aa14471a3e496be15a50!/L1,L1485.tsv	Rhogeessa mira	Rhogeessa mira	Rhogeessa mira	Rhogeessa mira	Rhogeesa mira	Rhogeessa mira	Rhogeessa mira	Rhogeessa mira	Rhogeessa mira	Rhogeessa mira	Rhogeessa mira	Rhogeessa mira	Rhogeessa mira	Rhogeessa mira	Rhogeessa mira
https://linker.bio/line:hash://sha256/8b20b8ebd7b5bd963ba9f45ca371e7167e7d48b61e72aa14471a3e496be15a50!/L1,L1486.tsv	Rhogeessa parvula	Rhogeessa parvula	Rhogeessa parvula	Rhogeessa parvula	Rhogeesa parvula	Rhogeessa parvula	Rhogeessa parvula	Rhogeessa parvula	Rhogeessa parvula	Rhogeessa parvula	Rhogeessa parvula	Rhogeessa parvula	Rhogeessa parvula	Rhogeessa parvula	Rhogeessa parvula
https://linker.bio/line:hash://sha256/8b20b8ebd7b5bd963ba9f45ca371e7167e7d48b61e72aa14471a3e496be15a50!/L1,L1487.tsv	N/A	N/A	N/A	N/A	N/A	N/A	N/A	Rhogeessa permutandis	Rhogeessa permutandis	N/A	Rhogeessa permutandis	Rhogeessa permutandis	Rhogeessa permutandis	Rhogeessa permutandis	Rhogeessa permutandis
https://linker.bio/line:hash://sha256/8b20b8ebd7b5bd963ba9f45ca371e7167e7d48b61e72aa14471a3e496be15a50!/L1,L1488.tsv	Rhogeessa tumida	Rhogeessa tumida	Rhogeessa tumida	Rhogeessa tumida	Rhogeesa tumida	Rhogeessa tumida	Rhogeessa tumida	Rhogeessa tumida	Rhogeessa tumida	Rhogeessa tumida	Rhogeessa tumida	Rhogeessa tumida	Rhogeessa tumida	Rhogeessa tumida	Rhogeessa tumida
https://linker.bio/line:hash://sha256/8b20b8ebd7b5bd963ba9f45ca371e7167e7d48b61e72aa14471a3e496be15a50!/L1,L1489.tsv	N/A	N/A	N/A	Rhogeessa tumida [synonym of]	N/A	Rhogeessa io velilla	Rhogeessa velilla	Rhogeessa velilla	Rhogeessa velilla	Rhogeessa velilla	Rhogeessa velilla	Rhogeessa velilla	Rhogeessa velilla	Rhogeessa velilla	Rhogeessa velilla
https://linker.bio/line:hash://sha256/8b20b8ebd7b5bd963ba9f45ca371e7167e7d48b61e72aa14471a3e496be15a50!/L1,L1490.tsv	Rhynchonycteris naso	Rhynchonycteris naso	Rhynchonycteris naso	Rhynchonycteris naso	Rhynchonycteris naso	Rhynchonycteris naso	Rhynchonycteris naso	Rhynchonycteris naso	Rhynchonycteris naso	Rhynchonycteris naso	Rhynchonycteris naso	Rhynchonycteris naso	Rhynchonycteris naso	Rhynchonycteris naso	Rhynchonycteris naso
https://linker.bio/line:hash://sha256/8b20b8ebd7b5bd963ba9f45ca371e7167e7d48b61e72aa14471a3e496be15a50!/L1,L1491.tsv	Eptesicus nasutus	Eptesicus nasutus	Eptesicus nasutus	Eptesicus nasutus	Eptesicus nasutus	Eptesicus nasutus	Rhyneptesicus nasutus	Rhyneptesicus nasutus	Rhyneptesicus nasutus	Rhyneptesicus nasutus	Rhyneptesicus nasutus	Rhyneptesicus nasutus	Rhyneptesicus nasutus	Rhyneptesicus nasutus	Rhyneptesicus nasutus
https://linker.bio/line:hash://sha256/8b20b8ebd7b5bd963ba9f45ca371e7167e7d48b61e72aa14471a3e496be15a50!/L1,L1492.tsv	Eptesicus walli	Eptesicus nasutus [synonym of]	N/A	Rhyneptesicus nasutus [synonym of]	N/A	Rhyneptesicus nasutus pellucens [synonym of]	N/A	Rhyneptesicus nasutus nasutus [synonym of]	Rhyneptesicus nasutus [synonym of]	N/A	Rhyneptesicus nasutus nasutus [synonym of]	Rhyneptesicus nasutus [synonym of]	Rhyneptesicus nasutus [synonym of]	 	Rhyneptesicus nasutus walli
https://linker.bio/line:hash://sha256/8b20b8ebd7b5bd963ba9f45ca371e7167e7d48b61e72aa14471a3e496be15a50!/L1,L1493.tsv	Rousettus aegyptiacus	Rousettus aegyptiacus	Rousettus aegyptiacus	Rousettus aegyptiacus	Rousettus aegyptiacus	Rousettus aegyptiacus	Rousettus aegyptiacus	Rousettus aegyptiacus	Rousettus aegyptiacus	Rousettus aegyptiacus	Rousettus aegyptiacus	Rousettus aegyptiacus	Rousettus aegyptiacus	Rousettus aegyptiacus	Rousettus aegyptiacus
https://linker.bio/line:hash://sha256/8b20b8ebd7b5bd963ba9f45ca371e7167e7d48b61e72aa14471a3e496be15a50!/L1,L1494.tsv	Rousettus amplexicaudatus	Rousettus amplexicaudatus	Rousettus amplexicaudatus	Rousettus amplexicaudatus	Rousettus amplexicaudatus	Rousettus amplexicaudatus	Rousettus amplexicaudatus	Rousettus amplexicaudatus	Rousettus amplexicaudatus	Rousettus amplexicaudatus	Rousettus amplexicaudatus	Rousettus amplexicaudatus	Rousettus amplexicaudatus	Rousettus amplexicaudatus	Rousettus amplexicaudatus
https://linker.bio/line:hash://sha256/8b20b8ebd7b5bd963ba9f45ca371e7167e7d48b61e72aa14471a3e496be15a50!/L1,L1495.tsv	Rousettus stresemanni	Rousettus amplexicaudatus [synonym of]	Rousettus amplexicaudatus [synonym of]	Rousettus amplexicaudatus amplexicaudatus [synonym of]	Rousettus amplexicaudatus stresemanni	Rousettus amplexicaudatus amplexicaudatus [synonym of]	N/A	Rousettus amplexicaudatus amplexicaudatus [synonym of]	Rousettus amplexicaudatus [synonym of]	N/A	Rousettus amplexicaudatus amplexicaudatus [synonym of]	Rousettus amplexicaudatus [synonym of]	Rousettus amplexicaudatus [synonym of]	 	Rousettus amplexicaudatus amplexicaudatus [synonym of]
https://linker.bio/line:hash://sha256/8b20b8ebd7b5bd963ba9f45ca371e7167e7d48b61e72aa14471a3e496be15a50!/L1,L1496.tsv	Rousettus leschenaulti	Rousettus leschenaulti	Rousettus leschenaulti	Rousettus leschenaulti	Rousettus leschenaulti	Rousettus leschenaultii	Rousettus leschenaultii	Rousettus leschenaultii	Rousettus leschenaultii	Rousettus leschenaultii	Rousettus leschenaultii	Rousettus leschenaultii	Rousettus leschenaultii	Rousettus leschenaultii	Rousettus leschenaultii
https://linker.bio/line:hash://sha256/8b20b8ebd7b5bd963ba9f45ca371e7167e7d48b61e72aa14471a3e496be15a50!/L1,L1497.tsv	N/A	N/A	N/A	N/A	N/A	Rousettus linduensis	Rousettus linduensis	Rousettus linduensis	Rousettus linduensis	Rousettus linduensis	Rousettus linduensis	Rousettus linduensis	Rousettus linduensis	Rousettus linduensis	Rousettus linduensis
https://linker.bio/line:hash://sha256/8b20b8ebd7b5bd963ba9f45ca371e7167e7d48b61e72aa14471a3e496be15a50!/L1,L1498.tsv	Rousettus madagascariensis	Rousettus madagascariensis	Rousettus madagascariensis	Rousettus madagascariensis	Rousettus madagascariensis	Rousettus madagascariensis	Rousettus madagascariensis	Rousettus madagascariensis	Rousettus madagascariensis	Rousettus madagascariensis	Rousettus madagascariensis	Rousettus madagascariensis	Rousettus madagascariensis	Rousettus madagascariensis	Rousettus madagascariensis
https://linker.bio/line:hash://sha256/8b20b8ebd7b5bd963ba9f45ca371e7167e7d48b61e72aa14471a3e496be15a50!/L1,L1499.tsv	Rousettus obliviosus	Rousettus obliviousus	Rousettus obliviosus	Rousettus obliviosus	Rousettus obliviosus	Rousettus obliviosus	Rousettus obliviosus	Rousettus obliviosus	Rousettus obliviosus	Rousettus obliviosus	Rousettus obliviosus	Rousettus obliviosus	Rousettus obliviosus	Rousettus obliviosus	Rousettus obliviosus
https://linker.bio/line:hash://sha256/8b20b8ebd7b5bd963ba9f45ca371e7167e7d48b61e72aa14471a3e496be15a50!/L1,L1500.tsv	N/A	Rousettus spinalatus	Rousettus spinalatus	Rousettus spinalatus	Rousettus spinalatus	Rousettus spinalatus	Rousettus spinalatus	Rousettus spinalatus	Rousettus spinalatus	Rousettus spinalatus	Rousettus spinalatus	Rousettus spinalatus	Rousettus spinalatus	Rousettus spinalatus	Rousettus spinalatus
https://linker.bio/line:hash://sha256/8b20b8ebd7b5bd963ba9f45ca371e7167e7d48b61e72aa14471a3e496be15a50!/L1,L1501.tsv	Taphozous flaviventris	Saccolaimus flaviventris	Taphozous flaviventris	Saccolaimus flaviventris	Saccolaimus flaviventris	Saccolaimus flaviventris	Saccolaimus flaviventris	Saccolaimus flaviventris	Saccolaimus flaviventris	Saccolaimus flaviventris	Saccolaimus flaviventris	Saccolaimus flaviventris	Saccolaimus flaviventris	Saccolaimus flaviventris	Saccolaimus flaviventris
https://linker.bio/line:hash://sha256/8b20b8ebd7b5bd963ba9f45ca371e7167e7d48b61e72aa14471a3e496be15a50!/L1,L1502.tsv	Taphozous mixtus	Saccolaimus mixtus	Taphozous mixtus	Saccolaimus mixtus	Saccolaimus mixtus	Saccolaimus mixtus	Saccolaimus mixtus	Saccolaimus mixtus	Saccolaimus mixtus	Saccolaimus mixtus	Saccolaimus mixtus	Saccolaimus mixtus	Saccolaimus mixtus	Saccolaimus mixtus	Saccolaimus mixtus
https://linker.bio/line:hash://sha256/8b20b8ebd7b5bd963ba9f45ca371e7167e7d48b61e72aa14471a3e496be15a50!/L1,L1503.tsv	Taphozous peli	Saccolaimus peli	Taphozous peli	Saccolaimus peli	Saccolaimus peli	Saccolaimus peli	Saccolaimus peli	Saccolaimus peli	Saccolaimus peli	Saccolaimus peli	Saccolaimus peli	Saccolaimus peli	Saccolaimus peli	Saccolaimus peli	Saccolaimus peli
https://linker.bio/line:hash://sha256/8b20b8ebd7b5bd963ba9f45ca371e7167e7d48b61e72aa14471a3e496be15a50!/L1,L1504.tsv	Taphozous saccolaimus	Saccolaimus saccolaimus	Taphozous saccolaimus	Saccolaimus saccolaimus	Saccolaimus saccolaimus	Saccolaimus saccolaimus	Saccolaimus saccolaimus	Saccolaimus saccolaimus	Saccolaimus saccolaimus	Saccolaimus saccolaimus	Saccolaimus saccolaimus	Saccolaimus saccolaimus	Saccolaimus saccolaimus	Saccolaimus saccolaimus	Saccolaimus saccolaimus
https://linker.bio/line:hash://sha256/8b20b8ebd7b5bd963ba9f45ca371e7167e7d48b61e72aa14471a3e496be15a50!/L1,L1505.tsv	Taphozous nudicluniatus	Saccolaimus saccolaimus [synonym of]	Taphozous saccolaimus [synonym of]	Saccolaimus saccolaimus [synonym of]	Saccolaimus saccolaimus nudicluniatus	Saccolaimus saccolaimus nudicluniatus	Saccolaimus saccolaimus nudicluniatus	Saccolaimus saccolaimus nudicluniatus	Saccolaimus saccolaimus [synonym of]	Saccolaimus saccolaimus [synonym of]	Saccolaimus saccolaimus nudicluniatus	Saccolaimus saccolaimus [synonym of]	Saccolaimus saccolaimus [synonym of]	 	Saccolaimus saccolaimus nudicluniatus
https://linker.bio/line:hash://sha256/8b20b8ebd7b5bd963ba9f45ca371e7167e7d48b61e72aa14471a3e496be15a50!/L1,L1506.tsv	Taphozous pluto	N/A	Taphozous pluto	Saccolaimus saccolaimus [synonym of]	Saccolaimus saccolaimus pluto	Saccolaimus saccolaimus pluto	N/A	Saccolaimus saccolaimus nudicluniatus [synonym of]	Saccolaimus saccolaimus [synonym of]	Saccolaimus saccolaimus pluto	Saccolaimus saccolaimus pluto	Saccolaimus saccolaimus [synonym of]	Saccolaimus saccolaimus [synonym of]	 	Saccolaimus saccolaimus pluto
https://linker.bio/line:hash://sha256/8b20b8ebd7b5bd963ba9f45ca371e7167e7d48b61e72aa14471a3e496be15a50!/L1,L1507.tsv	Taphozous capito	Saccolaimus pluto [synonym of]	N/A	N/A	Saccolaimus pluto [synonym of]	Saccolaimus saccolaimus pluto [synonym of]	Saccolaimus saccolaimus [synonym of]	Saccolaimus saccolaimus nudicluniatus [synonym of]	Saccolaimus saccolaimus [synonym of]	Saccolaimus saccolaimus pluto [synonym of]	Saccolaimus saccolaimus pluto [synonym of]	Saccolaimus saccolaimus [synonym of]	Saccolaimus saccolaimus [synonym of]	 	Saccolaimus saccolaimus saccolaimus [synonym of]
https://linker.bio/line:hash://sha256/8b20b8ebd7b5bd963ba9f45ca371e7167e7d48b61e72aa14471a3e496be15a50!/L1,L1508.tsv	N/A	N/A	N/A	N/A	N/A	Saccopteryx antioquensis	Saccopteryx antioquensis	Saccopteryx antioquensis	Saccopteryx antioquensis	Saccopteryx antioquensis	Saccopteryx antioquensis	Saccopteryx antioquensis	Saccopteryx antioquensis	Saccopteryx antioquensis	Saccopteryx antioquensis
https://linker.bio/line:hash://sha256/8b20b8ebd7b5bd963ba9f45ca371e7167e7d48b61e72aa14471a3e496be15a50!/L1,L1509.tsv	Saccopteryx bilineata	Saccopteryx bilineata	Saccopteryx bilineata	Saccopteryx bilineata	Saccopteryx bilineata	Saccopteryx bilineata	Saccopteryx bilineata	Saccopteryx bilineata	Saccopteryx bilineata	Saccopteryx bilineata	Saccopteryx bilineata	Saccopteryx bilineata	Saccopteryx bilineata	Saccopteryx bilineata	Saccopteryx bilineata
https://linker.bio/line:hash://sha256/8b20b8ebd7b5bd963ba9f45ca371e7167e7d48b61e72aa14471a3e496be15a50!/L1,L1510.tsv	Saccopteryx canescens	Saccopteryx canescens	Saccopteryx canescens	Saccopteryx canescens	Saccopteryx canescens	Saccopteryx canescens	Saccopteryx canescens	Saccopteryx canescens	Saccopteryx canescens	Saccopteryx canescens	Saccopteryx canescens	Saccopteryx canescens	Saccopteryx canescens	Saccopteryx canescens	Saccopteryx canescens
https://linker.bio/line:hash://sha256/8b20b8ebd7b5bd963ba9f45ca371e7167e7d48b61e72aa14471a3e496be15a50!/L1,L1511.tsv	Saccopteryx gymnura	Saccopteryx gymnura	Saccopteryx gymnura	Saccopteryx gymnura	Saccopteryx gymnura	Saccopteryx gymnura	Saccopteryx gymnura	Saccopteryx gymnura	Saccopteryx gymnura	Saccopteryx gymnura	Saccopteryx gymnura	Saccopteryx gymnura	Saccopteryx gymnura	Saccopteryx gymnura	Saccopteryx gymnura
https://linker.bio/line:hash://sha256/8b20b8ebd7b5bd963ba9f45ca371e7167e7d48b61e72aa14471a3e496be15a50!/L1,L1512.tsv	Saccopteryx leptura	Saccopteryx leptura	Saccopteryx leptura	Saccopteryx leptura	Saccopteryx leptura	Saccopteryx leptura	Saccopteryx leptura	Saccopteryx leptura	Saccopteryx leptura	Saccopteryx leptura	Saccopteryx leptura	Saccopteryx leptura	Saccopteryx leptura	Saccopteryx leptura	Saccopteryx leptura
https://linker.bio/line:hash://sha256/8b20b8ebd7b5bd963ba9f45ca371e7167e7d48b61e72aa14471a3e496be15a50!/L1,L1513.tsv	Sauromys petrophilus	Mormopterus petrophilus	Sauromys petrophilus	Mormopterus petrophilus	Mormopterus petrophilus	Sauromys petrophilus	Sauromys petrophilus	Sauromys petrophilus	Sauromys petrophilus	Sauromys petrophilus	Sauromys petrophilus	Sauromys petrophilus	Sauromys petrophilus	Sauromys petrophilus	Sauromys petrophilus
https://linker.bio/line:hash://sha256/8b20b8ebd7b5bd963ba9f45ca371e7167e7d48b61e72aa14471a3e496be15a50!/L1,L1514.tsv	Scleronycteris ega	Scleronycteris ega	Scleronycteris ega	Scleronycteris ega	Scleronycteris ega	Scleronycteris ega	Scleronycteris ega	Scleronycteris ega	Scleronycteris ega	Scleronycteris ega	Scleronycteris ega	Scleronycteris ega	Scleronycteris ega	Scleronycteris ega	Scleronycteris ega
https://linker.bio/line:hash://sha256/8b20b8ebd7b5bd963ba9f45ca371e7167e7d48b61e72aa14471a3e496be15a50!/L1,L1515.tsv	Nycticeius rueppelli	Nycticeius rueppellii	Scoteanax rueppellii	Nycticeius rueppellii	Nycticeius rueppellii	Scoteanax rueppellii	Scoteanax rueppellii	Scoteanax rueppellii	Scoteanax rueppellii	Scoteanax rueppellii	Scoteanax rueppellii	Scoteanax rueppellii	Scoteanax rueppellii	Scoteanax rueppellii	Scoteanax rueppellii
https://linker.bio/line:hash://sha256/8b20b8ebd7b5bd963ba9f45ca371e7167e7d48b61e72aa14471a3e496be15a50!/L1,L1516.tsv	N/A	N/A	Scotoecus albigula	Scotoecus hirundo [synonym of]	Scotoecus hirundo albigula	Scotoecus albigula	Scotoecus hirundo [synonym of]	Scotoecus albigula	Scotoecus albigula	Scotoecus hirundo [synonym of]	Scotoecus albigula	Scotoecus albigula	Scotoecus albigula	Scotoecus albigula	Scotoecus albigula
https://linker.bio/line:hash://sha256/8b20b8ebd7b5bd963ba9f45ca371e7167e7d48b61e72aa14471a3e496be15a50!/L1,L1517.tsv	Scotoecus albofuscus	Scotoecus albofuscus	Scotoecus albofuscus	Scotoecus albofuscus	Scotoecus albofuscus	Scotoecus albofuscus	Scotoecus albofuscus	Scotoecus albofuscus	Scotoecus albofuscus	Scotoecus albofuscus	Scotoecus albofuscus	Scotoecus albofuscus	Scotoecus albofuscus	Scotoecus albofuscus	Scotoecus albofuscus
https://linker.bio/line:hash://sha256/8b20b8ebd7b5bd963ba9f45ca371e7167e7d48b61e72aa14471a3e496be15a50!/L1,L1518.tsv	Scotoecus hindei	N/A	Scotoecus hindei	Scotoecus hirundo [synonym of]	Scotoecus hirundo hindei	Scotoecus hirundo [synonym of]	Scotoecus hirundo [synonym of]	Scotoecus hindei	Scotoecus hindei	Scotoecus hirundo [synonym of]	Scotoecus hindei	Scotoecus hindei	Scotoecus hindei	Scotoecus hindei	Scotoecus hindei
https://linker.bio/line:hash://sha256/8b20b8ebd7b5bd963ba9f45ca371e7167e7d48b61e72aa14471a3e496be15a50!/L1,L1519.tsv	Scotoecus hirundo	Scotoecus hirundo	Scotoecus hirundo	Scotoecus hirundo	Scotoecus hirundo	Scotoecus hirundo	Scotoecus hirundo	Scotoecus hirundo	Scotoecus hirundo	Scotoecus hirundo	Scotoecus hirundo	Scotoecus hirundo	Scotoecus hirundo	Scotoecus hirundo	Scotoecus hirundo
https://linker.bio/line:hash://sha256/8b20b8ebd7b5bd963ba9f45ca371e7167e7d48b61e72aa14471a3e496be15a50!/L1,L1520.tsv	Scotoecus pallidus	Scotoecus pallidus	Scotoecus pallidus	Scotoecus pallidus	Scotoecus pallidus	Scotoecus pallidus	Scotoecus pallidus	Scotoecus pallidus	Scotoecus pallidus	Scotoecus pallidus	Scotoecus pallidus	Scotoecus pallidus	Scotoecus pallidus	Scotoecus pallidus	Scotoecus pallidus
https://linker.bio/line:hash://sha256/8b20b8ebd7b5bd963ba9f45ca371e7167e7d48b61e72aa14471a3e496be15a50!/L1,L1521.tsv	Scotomanes ornatus	Scotomanes ornatus	Scotomanes ornatus	Scotomanes ornatus	Scotomanes ornatus	Scotomanes ornatus	Scotomanes ornatus	Scotomanes ornatus	Scotomanes ornatus	Scotomanes ornatus	Scotomanes ornatus	Scotomanes ornatus	Scotomanes ornatus	Scotomanes ornatus	Scotomanes ornatus
https://linker.bio/line:hash://sha256/8b20b8ebd7b5bd963ba9f45ca371e7167e7d48b61e72aa14471a3e496be15a50!/L1,L1522.tsv	Scotomanes emarginatus	Scotomanes emarginatus	Scotomanes emarginatus	N/A	Scotomanes emarginatus	Scotomanes ornatus [synonym of]	Scotomanes ornatus [synonym of]	Scotomanes ornatus [synonym of]	Scotomanes ornatus [synonym of]	Scotomanes ornatus [synonym of]	Scotomanes ornatus [synonym of]	Scotomanes ornatus [synonym of]	Scotomanes ornatus [synonym of]	 	Scotomanes ornatus [synonym of]
https://linker.bio/line:hash://sha256/8b20b8ebd7b5bd963ba9f45ca371e7167e7d48b61e72aa14471a3e496be15a50!/L1,L1523.tsv	N/A	N/A	N/A	N/A	N/A	N/A	Scotonycteris bergmansi	Scotonycteris bergmansi	Scotonycteris bergmansi	Scotonycteris bergmansi	Scotonycteris bergmansi	Scotonycteris bergmansi	Scotonycteris bergmansi	Scotonycteris bergmansi	Scotonycteris bergmansi
https://linker.bio/line:hash://sha256/8b20b8ebd7b5bd963ba9f45ca371e7167e7d48b61e72aa14471a3e496be15a50!/L1,L1524.tsv	N/A	N/A	N/A	Scotonycteris zenkeri [synonym of]	N/A	Scotonycteris zenkeri occidentalis	Scotonycteris occidentalis	Scotonycteris occidentalis	Scotonycteris occidentalis	Scotonycteris occidentalis	Scotonycteris occidentalis	Scotonycteris occidentalis	Scotonycteris occidentalis	Scotonycteris occidentalis	Scotonycteris occidentalis
https://linker.bio/line:hash://sha256/8b20b8ebd7b5bd963ba9f45ca371e7167e7d48b61e72aa14471a3e496be15a50!/L1,L1525.tsv	Scotonycteris zenkeri	Scotonycteris zenkeri	Scotonycteris zenkeri	Scotonycteris zenkeri	Scotonycteris zenkeri	Scotonycteris zenkeri	Scotonycteris zenkeri	Scotonycteris zenkeri	Scotonycteris zenkeri	Scotonycteris zenkeri	Scotonycteris zenkeri	Scotonycteris zenkeri	Scotonycteris zenkeri	Scotonycteris zenkeri	Scotonycteris zenkeri
https://linker.bio/line:hash://sha256/8b20b8ebd7b5bd963ba9f45ca371e7167e7d48b61e72aa14471a3e496be15a50!/L1,L1526.tsv	N/A	N/A	N/A	Scotophilus leucogaster [synonym of]	N/A	Scotophilus leucogaster [synonym of]	Scotophilus altilis	Scotophilus altilis	Scotophilus altilis	N/A	Scotophilus altilis	Scotophilus altilis	Scotophilus altilis	Scotophilus altilis	Scotophilus altilis
https://linker.bio/line:hash://sha256/8b20b8ebd7b5bd963ba9f45ca371e7167e7d48b61e72aa14471a3e496be15a50!/L1,L1527.tsv	N/A	N/A	N/A	N/A	N/A	N/A	Scotophilus andrewreborii	Scotophilus andrewreborii	Scotophilus andrewreborii	Scotophilus andrewreborii	Scotophilus andrewreborii	Scotophilus andrewreborii	Scotophilus andrewreborii	Scotophilus andrewreborii	Scotophilus andrewreborii
https://linker.bio/line:hash://sha256/8b20b8ebd7b5bd963ba9f45ca371e7167e7d48b61e72aa14471a3e496be15a50!/L1,L1528.tsv	Scotophilus borbonicus	Scotophilus borbonicus	Scotophilus borbonicus	Scotophilus borbonicus	Scotophilus borbonicus	Scotophilus borbonicus	Scotophilus borbonicus	Scotophilus borbonicus	nomen dubium for Scotophilus trujilloi	Scotophilus borbonicus	Scotophilus borbonicus	Scotophilus borbonicus	Scotophilus borbonicus	Scotophilus borbonicus	Scotophilus borbonicus
https://linker.bio/line:hash://sha256/8b20b8ebd7b5bd963ba9f45ca371e7167e7d48b61e72aa14471a3e496be15a50!/L1,L1529.tsv	N/A	Scotophilus dinganii [synonym of]	N/A	Scotophilus dinganii [synonym of]	Scotophilus leucogaster colias	Scotophilus dinganii colias	Scotophilus colias	Scotophilus colias	Scotophilus colias	Scotophilus andrewreborii [nomen dubium?]	Scotophilus colias	Scotophilus colias	Scotophilus colias	Scotophilus colias	Scotophilus colias
https://linker.bio/line:hash://sha256/8b20b8ebd7b5bd963ba9f45ca371e7167e7d48b61e72aa14471a3e496be15a50!/L1,L1530.tsv	N/A	N/A	N/A	Scotophilus kuhlii [synonym of]	N/A	Scotophilus collinus	Scotophilus collinus	Scotophilus collinus	Scotophilus collinus	Scotophilus collinus	Scotophilus collinus	Scotophilus collinus	Scotophilus collinus	Scotophilus collinus	Scotophilus collinus
https://linker.bio/line:hash://sha256/8b20b8ebd7b5bd963ba9f45ca371e7167e7d48b61e72aa14471a3e496be15a50!/L1,L1531.tsv	Scotophilus dinganii	Scotophilus dinganii	Scotophilus dinganii	Scotophilus dinganii	N/A	Scotophilus dinganii	Scotophilus dinganii	Scotophilus dinganii	Scotophilus dinganii	Scotophilus dinganii	Scotophilus dinganii	Scotophilus dinganii	Scotophilus dinganii	Scotophilus dinganii	Scotophilus dinganii
https://linker.bio/line:hash://sha256/8b20b8ebd7b5bd963ba9f45ca371e7167e7d48b61e72aa14471a3e496be15a50!/L1,L1532.tsv	N/A	N/A	N/A	N/A	N/A	N/A	Scotophilus ejetai	Scotophilus ejetai	Scotophilus ejetai	Scotophilus ejetai	Scotophilus ejetai	Scotophilus ejetai	Scotophilus ejetai	Scotophilus ejetai	Scotophilus ejetai
https://linker.bio/line:hash://sha256/8b20b8ebd7b5bd963ba9f45ca371e7167e7d48b61e72aa14471a3e496be15a50!/L1,L1533.tsv	Scotophilus heathi	Scotophilus heathi	Scotophilus heathii	Scotophilus heathi	Scotophilus heathi	Scotophilus heathii	Scotophilus heathii	Scotophilus heathii	Scotophilus heathii	Scotophilus heathii	Scotophilus heathii	Scotophilus heathii	Scotophilus heathii	Scotophilus heathii	Scotophilus heathii
https://linker.bio/line:hash://sha256/8b20b8ebd7b5bd963ba9f45ca371e7167e7d48b61e72aa14471a3e496be15a50!/L1,L1534.tsv	Scotophilus celebensis	Scotophilus celebensis	Scotophilus celebensis	N/A	Scotophilus heathi celebensis	Scotophilus celebensis	Scotophilus celebensis	Scotophilus celebensis	Scotophilus heathii [synonym of]	Scotophilus celebensis	Scotophilus heathii heathii [synonym of]	Scotophilus heathii [synonym of]	Scotophilus heathii [synonym of]	 	Scotophilus heathii celebensis
https://linker.bio/line:hash://sha256/8b20b8ebd7b5bd963ba9f45ca371e7167e7d48b61e72aa14471a3e496be15a50!/L1,L1535.tsv	Scotophilus kuhli	Scotophilus kuhli	Scotophilus kuhlii	Scotophilus kuhlii	Scotophilus kuhli	Scotophilus kuhlii	Scotophilus kuhlii	Scotophilus kuhlii	Scotophilus kuhlii	Scotophilus kuhlii	Scotophilus kuhlii	Scotophilus kuhlii	Scotophilus kuhlii	Scotophilus kuhlii	Scotophilus kuhlii
https://linker.bio/line:hash://sha256/8b20b8ebd7b5bd963ba9f45ca371e7167e7d48b61e72aa14471a3e496be15a50!/L1,L1536.tsv	Scotophilus leucogaster	Scotophilus leucogaster	Scotophilus leucogaster	Scotophilus leucogaster	Scotophilus leucogaster	Scotophilus leucogaster	Scotophilus leucogaster	Scotophilus leucogaster	Scotophilus leucogaster	Scotophilus leucogaster	Scotophilus leucogaster	Scotophilus leucogaster	Scotophilus leucogaster	Scotophilus leucogaster	Scotophilus leucogaster
https://linker.bio/line:hash://sha256/8b20b8ebd7b5bd963ba9f45ca371e7167e7d48b61e72aa14471a3e496be15a50!/L1,L1537.tsv	N/A	N/A	N/A	N/A	N/A	N/A	Scotophilus livingstonii	Scotophilus livingstonii	Scotophilus livingstonii	Scotophilus livingstonii	Scotophilus livingstonii	Scotophilus livingstonii	Scotophilus livingstonii	Scotophilus livingstonii	Scotophilus livingstonii
https://linker.bio/line:hash://sha256/8b20b8ebd7b5bd963ba9f45ca371e7167e7d48b61e72aa14471a3e496be15a50!/L1,L1538.tsv	N/A	N/A	N/A	N/A	N/A	N/A	Scotophilus marovaza	Scotophilus marovaza	Scotophilus marovaza	Scotophilus marovaza	Scotophilus marovaza	Scotophilus marovaza	Scotophilus marovaza	Scotophilus marovaza	Scotophilus marovaza
https://linker.bio/line:hash://sha256/8b20b8ebd7b5bd963ba9f45ca371e7167e7d48b61e72aa14471a3e496be15a50!/L1,L1539.tsv	Scotophilus nigrita	Scotophilus nigrita	Scotophilus nigrita	Scotophilus nigrita	Scotophilus nigrita	Scotophilus nigrita	Scotophilus nigrita	Scotophilus nigrita	Scotophilus nigrita	Scotophilus nigrita	Scotophilus nigrita	Scotophilus nigrita	Scotophilus nigrita	Scotophilus nigrita	Scotophilus nigrita
https://linker.bio/line:hash://sha256/8b20b8ebd7b5bd963ba9f45ca371e7167e7d48b61e72aa14471a3e496be15a50!/L1,L1540.tsv	Scotophilus nigritellus	Scotophilus nigritellus	Scotophilus nigritellus	Scotophilus viridis [synonym of]	Scotophilus borbonicu snigritellus	Scotophilus viridis nigritellus	Scotophilus nigritellus	Scotophilus nigritellus	Scotophilus nigritellus	N/A	Scotophilus nigritellus	Scotophilus nigritellus	Scotophilus nigritellus	Scotophilus nigritellus	Scotophilus nigritellus
https://linker.bio/line:hash://sha256/8b20b8ebd7b5bd963ba9f45ca371e7167e7d48b61e72aa14471a3e496be15a50!/L1,L1541.tsv	N/A	N/A	Scotophilus nucella	Scotophilus leucogaster [synonym of]	Scotophilus leucogaster nucella	Scotophilus nucella	Scotophilus nucella	Scotophilus nucella	Scotophilus nucella	Scotophilus nucella	Scotophilus nucella	Scotophilus nucella	Scotophilus nucella	Scotophilus nucella	Scotophilus nucella
https://linker.bio/line:hash://sha256/8b20b8ebd7b5bd963ba9f45ca371e7167e7d48b61e72aa14471a3e496be15a50!/L1,L1542.tsv	N/A	Scotophilus nux	Scotophilus nux	Scotophilus nux	Scotophilus leucogaster nux	Scotophilus nux	Scotophilus nux	Scotophilus nux	Scotophilus nux	Scotophilus nux	Scotophilus nux	Scotophilus nux	Scotophilus nux	Scotophilus nux	Scotophilus nux
https://linker.bio/line:hash://sha256/8b20b8ebd7b5bd963ba9f45ca371e7167e7d48b61e72aa14471a3e496be15a50!/L1,L1543.tsv	N/A	Scotophilus robustus	Scotophilus robustus	Scotophilus robustus	Scotophilus leucogaster robustus	Scotophilus robustus	Scotophilus robustus	Scotophilus robustus	Scotophilus robustus	Scotophilus robustus	Scotophilus robustus	Scotophilus robustus	Scotophilus robustus	Scotophilus robustus	Scotophilus robustus
https://linker.bio/line:hash://sha256/8b20b8ebd7b5bd963ba9f45ca371e7167e7d48b61e72aa14471a3e496be15a50!/L1,L1544.tsv	N/A	N/A	N/A	N/A	N/A	N/A	Scotophilus tandrefana	Scotophilus tandrefana	Scotophilus tandrefana	Scotophilus tandrefana	Scotophilus tandrefana	Scotophilus tandrefana	Scotophilus tandrefana	Scotophilus tandrefana	Scotophilus tandrefana
https://linker.bio/line:hash://sha256/8b20b8ebd7b5bd963ba9f45ca371e7167e7d48b61e72aa14471a3e496be15a50!/L1,L1545.tsv	N/A	N/A	N/A	N/A	N/A	N/A	Scotophilus trujilloi	Scotophilus trujilloi	Scotophilus trujilloi	Scotophilus trujilloi	Scotophilus trujilloi	Scotophilus trujilloi	Scotophilus trujilloi	Scotophilus trujilloi	Scotophilus trujilloi
https://linker.bio/line:hash://sha256/8b20b8ebd7b5bd963ba9f45ca371e7167e7d48b61e72aa14471a3e496be15a50!/L1,L1546.tsv	Scotophilus viridis	Scotophilus viridis	Scotophilus viridis	Scotophilus viridis	Scotophilus borbonicus viridis	Scotophilus viridis	Scotophilus viridis	Scotophilus viridis	Scotophilus viridis	Scotophilus viridis	Scotophilus viridis	Scotophilus viridis	Scotophilus viridis	Scotophilus viridis	Scotophilus viridis
https://linker.bio/line:hash://sha256/8b20b8ebd7b5bd963ba9f45ca371e7167e7d48b61e72aa14471a3e496be15a50!/L1,L1547.tsv	Nycticeius balstoni	Nycticeius balstoni	Scotorepens balstoni	Nycticeius balstoni	Nycticeius balstoni	Scotorepens balstoni	Scotorepens balstoni	Scotorepens balstoni	Scotorepens balstoni	Scotorepens balstoni	Scotorepens balstoni	Scotorepens balstoni	Scotorepens balstoni	Scotorepens balstoni	Scotorepens balstoni
https://linker.bio/line:hash://sha256/8b20b8ebd7b5bd963ba9f45ca371e7167e7d48b61e72aa14471a3e496be15a50!/L1,L1548.tsv	Nycticeius influatus	Nycticeius influatus	Scotorepens balstoni [synonym of]	Nycticeius balstoni [synonym of]	Nycticeius balstoni influatus	Scotorepens balstoni influatus	N/A	Scotorepens balstoni influatus	Scotorepens balstoni [synonym of]	N/A	Scotorepens balstoni influatus	Scotorepens balstoni [synonym of]	Scotorepens balstoni [synonym of]	 	Scotorepens balstoni influatus
https://linker.bio/line:hash://sha256/8b20b8ebd7b5bd963ba9f45ca371e7167e7d48b61e72aa14471a3e496be15a50!/L1,L1549.tsv	Nycticeius greyi	Nycticeius greyii	Scotorepens greyi	Nycticeius greyii	Nycticeius greyii	Scotorepens greyii	Scotorepens greyii	Scotorepens greyii	Scotorepens greyii	Scotorepens greyii	Scotorepens greyii	Scotorepens greyii	Scotorepens greyii	Scotorepens greyii	Scotorepens greyii
https://linker.bio/line:hash://sha256/8b20b8ebd7b5bd963ba9f45ca371e7167e7d48b61e72aa14471a3e496be15a50!/L1,L1550.tsv	Nycticeius balstoni [synonym of]	N/A	Scotorepens orion [synonym of]	Nycticeius balstoni [synonym of]	Nycticeius balstoni orion	Scotorepens orion	Scotorepens orion	Scotorepens orion	Scotorepens orion	Scotorepens orion	Scotorepens orion	Scotorepens orion	Scotorepens orion	Scotorepens orion	Scotorepens orion
https://linker.bio/line:hash://sha256/8b20b8ebd7b5bd963ba9f45ca371e7167e7d48b61e72aa14471a3e496be15a50!/L1,L1551.tsv	Nycticeius balstoni [synonym of]	Nycticeius balstoni [synonym of]	Scotorepens sanborni	Nycticeius sanborni	Nycticeius sanborni	Scotorepens sanborni	Scotorepens sanborni	Scotorepens sanborni	Scotorepens sanborni	Scotorepens sanborni	Scotorepens sanborni	Scotorepens sanborni	Scotorepens sanborni	Scotorepens sanborni	Scotorepens sanborni
https://linker.bio/line:hash://sha256/8b20b8ebd7b5bd963ba9f45ca371e7167e7d48b61e72aa14471a3e496be15a50!/L1,L1552.tsv	Scotozous dormeri	Pipistrellus dormeri	Scotozous dormeri	Pipistrellus dormeri	Pipistrellus dormeri	Scotozous dormeri	Scotozous dormeri	Scotozous dormeri	Scotozous dormeri	Scotozous dormeri	Scotozous dormeri	Scotozous dormeri	Scotozous dormeri	Scotozous dormeri	Scotozous dormeri
https://linker.bio/line:hash://sha256/8b20b8ebd7b5bd963ba9f45ca371e7167e7d48b61e72aa14471a3e496be15a50!/L1,L1553.tsv	N/A	N/A	N/A	N/A	N/A	N/A	Setirostris eleryi	Setirostris eleryi	Setirostris eleryi	Setirostris eleryi	Setirostris eleryi	Setirostris eleryi	Setirostris eleryi	Setirostris eleryi	Setirostris eleryi
https://linker.bio/line:hash://sha256/8b20b8ebd7b5bd963ba9f45ca371e7167e7d48b61e72aa14471a3e496be15a50!/L1,L1554.tsv	Sphaerias blanfordi	Sphaerias blanfordi	Sphaerias blanfordi	Sphaerias blanfordi	Sphaerias blanfordi	Sphaerias blanfordi	Sphaerias blanfordi	Sphaerias blanfordi	Sphaerias blanfordi	Sphaerias blanfordi	Sphaerias blanfordi	Sphaerias blanfordi	Sphaerias blanfordi	Sphaerias blanfordi	Sphaerias blanfordi
https://linker.bio/line:hash://sha256/8b20b8ebd7b5bd963ba9f45ca371e7167e7d48b61e72aa14471a3e496be15a50!/L1,L1555.tsv	Sphaeronycteris toxophyllum	Sphaeronycteris toxophyllum	Sphaeronycteris toxophyllum	Sphaeronycteris toxophyllum	Sphaeronycteris toxophyllum	Sphaeronycteris toxophyllum	Sphaeronycteris toxophyllum	Sphaeronycteris toxophyllum	Sphaeronycteris toxophyllum	Sphaeronycteris toxophyllum	Sphaeronycteris toxophyllum	Sphaeronycteris toxophyllum	Sphaeronycteris toxophyllum	Sphaeronycteris toxophyllum	Sphaeronycteris toxophyllum
https://linker.bio/line:hash://sha256/8b20b8ebd7b5bd963ba9f45ca371e7167e7d48b61e72aa14471a3e496be15a50!/L1,L1556.tsv	Stenoderma rufum	Stenoderma rufum	Stenoderma rufum	Stenoderma rufum	Stenoderma rufum	Stenoderma rufum	Stenoderma rufum	Stenoderma rufum	Stenoderma rufum	Stenoderma rufum	Stenoderma rufum	Stenoderma rufum	Stenoderma rufum	Stenoderma rufum	Stenoderma rufum
https://linker.bio/line:hash://sha256/8b20b8ebd7b5bd963ba9f45ca371e7167e7d48b61e72aa14471a3e496be15a50!/L1,L1557.tsv	Rousettus lanosus	Rousettus lanosus	Rousettus lanosus	Rousettus lanosus	Rousettus lanosus	Rousettus lanosus	Stenonycteris lanosus	Stenonycteris lanosus	Stenonycteris lanosus	Rousettus lanosus	Stenonycteris lanosus	Stenonycteris lanosa	Stenonycteris lanosa	Stenonycteris lanosa	Stenonycteris lanosa
https://linker.bio/line:hash://sha256/8b20b8ebd7b5bd963ba9f45ca371e7167e7d48b61e72aa14471a3e496be15a50!/L1,L1558.tsv	N/A	N/A	N/A	N/A	N/A	N/A	Sturnira adrianae	Sturnira adrianae	Sturnira adrianae	N/A	Sturnira adrianae	Sturnira adrianae	Sturnira adrianae	Sturnira adrianae	Sturnira adrianae
https://linker.bio/line:hash://sha256/8b20b8ebd7b5bd963ba9f45ca371e7167e7d48b61e72aa14471a3e496be15a50!/L1,L1559.tsv	N/A	N/A	N/A	Sturnira lilium [synonym of]	N/A	Sturnira thomasi [synonym of]	Sturnira angeli	Sturnira angeli	Sturnira angeli	Sturnira angeli	Sturnira angeli	Sturnira angeli	Sturnira angeli	Sturnira angeli	Sturnira angeli
https://linker.bio/line:hash://sha256/8b20b8ebd7b5bd963ba9f45ca371e7167e7d48b61e72aa14471a3e496be15a50!/L1,L1560.tsv	Sturnira thomasi	Sturnira thomasi	Sturnira thomasi	N/A	Sturnira thomasi	N/A	N/A	Sturnira angeli angeli [synonym of]	Sturnira angeli [synonym of]	Sturnira angeli [synonym of]	Sturnira angeli angeli [synonym of]	Sturnira angeli [synonym of]	Sturnira angeli [synonym of]	 	Sturnira angeli [synonym of]
https://linker.bio/line:hash://sha256/8b20b8ebd7b5bd963ba9f45ca371e7167e7d48b61e72aa14471a3e496be15a50!/L1,L1561.tsv	Sturnira aratathomasi	Sturnira aratathomasi	Sturnira aratathomasi	Sturnira aratathomasi	Sturnira aratathomasi	Sturnira aratathomasi	Sturnira aratathomasi	Sturnira aratathomasi	Sturnira aratathomasi	Sturnira aratathomasi	Sturnira aratathomasi	Sturnira aratathomasi	Sturnira aratathomasi	Sturnira aratathomasi	Sturnira aratathomasi
https://linker.bio/line:hash://sha256/8b20b8ebd7b5bd963ba9f45ca371e7167e7d48b61e72aa14471a3e496be15a50!/L1,L1562.tsv	N/A	N/A	N/A	N/A	N/A	N/A	Sturnira bakeri	Sturnira bakeri	Sturnira bakeri	Sturnira bakeri	Sturnira bakeri	Sturnira bakeri	Sturnira bakeri	Sturnira bakeri	Sturnira bakeri
https://linker.bio/line:hash://sha256/8b20b8ebd7b5bd963ba9f45ca371e7167e7d48b61e72aa14471a3e496be15a50!/L1,L1563.tsv	Sturnira bidens	Sturnira bidens	Sturnira bidens	Sturnira bidens	Sturnira bidens	Sturnira bidens	Sturnira bidens	Sturnira bidens	Sturnira bidens	Sturnira bidens	Sturnira bidens	Sturnira bidens	Sturnira bidens	Sturnira bidens	Sturnira bidens
https://linker.bio/line:hash://sha256/8b20b8ebd7b5bd963ba9f45ca371e7167e7d48b61e72aa14471a3e496be15a50!/L1,L1564.tsv	N/A	N/A	N/A	N/A	N/A	N/A	N/A	N/A	N/A	N/A	N/A	N/A	Sturnira boadai	Sturnira boadai	Sturnira boadai
https://linker.bio/line:hash://sha256/8b20b8ebd7b5bd963ba9f45ca371e7167e7d48b61e72aa14471a3e496be15a50!/L1,L1565.tsv	Sturnira bogotensis	Sturnira bogotensis	Sturnira bogotensis	Sturnira bogotensis	Sturnira oporaphilum bogotensis	Sturnira bogotensis	Sturnira bogotensis	Sturnira bogotensis	Sturnira bogotensis	Sturnira bogotensis	Sturnira bogotensis	Sturnira bogotensis	Sturnira bogotensis	Sturnira bogotensis	Sturnira bogotensis
https://linker.bio/line:hash://sha256/8b20b8ebd7b5bd963ba9f45ca371e7167e7d48b61e72aa14471a3e496be15a50!/L1,L1566.tsv	N/A	N/A	N/A	N/A	N/A	N/A	Sturnira burtonlimi	Sturnira burtonlimi	Sturnira burtonlimi	Sturnira burtonlimi	Sturnira burtonlimi	Sturnira burtonlimi	Sturnira burtonlimi	Sturnira burtonlimi	Sturnira burtonlimi
https://linker.bio/line:hash://sha256/8b20b8ebd7b5bd963ba9f45ca371e7167e7d48b61e72aa14471a3e496be15a50!/L1,L1567.tsv	Sturnira erythromos	Sturnira erythromos	Sturnira erythromos	Sturnira erythromos	Sturnira erythromos	Sturnira erythromos	Sturnira erythromos	Sturnira erythromos	Sturnira erythromos	Sturnira erythromos	Sturnira erythromos	Sturnira erythromos	Sturnira erythromos	Sturnira erythromos	Sturnira erythromos
https://linker.bio/line:hash://sha256/8b20b8ebd7b5bd963ba9f45ca371e7167e7d48b61e72aa14471a3e496be15a50!/L1,L1568.tsv	N/A	N/A	N/A	N/A	N/A	N/A	Sturnira giannae	Sturnira giannae	Sturnira giannae	N/A	Sturnira giannae	Sturnira giannae	Sturnira giannae	Sturnira giannae	Sturnira giannae
https://linker.bio/line:hash://sha256/8b20b8ebd7b5bd963ba9f45ca371e7167e7d48b61e72aa14471a3e496be15a50!/L1,L1569.tsv	N/A	N/A	N/A	Sturnira ludovici [synonym of]	Sturnira ludovici hondurensis	Sturnira ludovici hondurensis	Sturnira hondurensis	Sturnira hondurensis	Sturnira hondurensis	Sturnira hondurensis	Sturnira hondurensis	Sturnira hondurensis	Sturnira hondurensis	Sturnira hondurensis	Sturnira hondurensis
https://linker.bio/line:hash://sha256/8b20b8ebd7b5bd963ba9f45ca371e7167e7d48b61e72aa14471a3e496be15a50!/L1,L1570.tsv	N/A	N/A	N/A	N/A	N/A	N/A	Sturnira koopmanhilli	Sturnira koopmanhilli	Sturnira koopmanhilli	Sturnira koopmanhilli	Sturnira koopmanhilli	Sturnira koopmanhilli	Sturnira koopmanhilli	Sturnira koopmanhilli	Sturnira koopmanhilli
https://linker.bio/line:hash://sha256/8b20b8ebd7b5bd963ba9f45ca371e7167e7d48b61e72aa14471a3e496be15a50!/L1,L1571.tsv	Sturnira lilium	Sturnira lilium	Sturnira lilium	Sturnira lilium	Sturnira lilium	Sturnira lilium	Sturnira lilium	Sturnira lilium	Sturnira lilium	Sturnira lilium	Sturnira lilium	Sturnira lilium	Sturnira lilium	Sturnira lilium	Sturnira lilium
https://linker.bio/line:hash://sha256/8b20b8ebd7b5bd963ba9f45ca371e7167e7d48b61e72aa14471a3e496be15a50!/L1,L1572.tsv	Sturnira ludovici	Sturnira ludovici	Sturnira ludovici	Sturnira ludovici	Sturnira ludovici	Sturnira ludovici	Sturnira ludovici	Sturnira ludovici	Sturnira ludovici	Sturnira ludovici	Sturnira ludovici	Sturnira ludovici	Sturnira ludovici	Sturnira ludovici	Sturnira ludovici
https://linker.bio/line:hash://sha256/8b20b8ebd7b5bd963ba9f45ca371e7167e7d48b61e72aa14471a3e496be15a50!/L1,L1573.tsv	N/A	Sturnira luisi	Sturnira luisi	Sturnira luisi	Sturnira luisi	Sturnira luisi	Sturnira luisi	Sturnira luisi	Sturnira luisi	Sturnira luisi	Sturnira luisi	Sturnira luisi	Sturnira luisi	Sturnira luisi	Sturnira luisi
https://linker.bio/line:hash://sha256/8b20b8ebd7b5bd963ba9f45ca371e7167e7d48b61e72aa14471a3e496be15a50!/L1,L1574.tsv	Sturnira magna	Sturnira magna	Sturnira magna	Sturnira magna	Sturnira magna	Sturnira magna	Sturnira magna	Sturnira magna	Sturnira magna	Sturnira magna	Sturnira magna	Sturnira magna	Sturnira magna	Sturnira magna	Sturnira magna
https://linker.bio/line:hash://sha256/8b20b8ebd7b5bd963ba9f45ca371e7167e7d48b61e72aa14471a3e496be15a50!/L1,L1575.tsv	N/A	N/A	N/A	N/A	N/A	Sturnira mistratensis	Sturnira mistratensis	Sturnira mistratensis	Sturnira mistratensis	Sturnira mistratensis	Sturnira mistratensis	Sturnira mistratensis	Sturnira mistratensis	Sturnira mistratensis	Sturnira mistratensis
https://linker.bio/line:hash://sha256/8b20b8ebd7b5bd963ba9f45ca371e7167e7d48b61e72aa14471a3e496be15a50!/L1,L1576.tsv	Sturnira mordax	Sturnira mordax	Sturnira mordax	Sturnira mordax	Sturnira mordax	Sturnira mordax	Sturnira mordax	Sturnira mordax	Sturnira mordax	Sturnira mordax	Sturnira mordax	Sturnira mordax	Sturnira mordax	Sturnira mordax	Sturnira mordax
https://linker.bio/line:hash://sha256/8b20b8ebd7b5bd963ba9f45ca371e7167e7d48b61e72aa14471a3e496be15a50!/L1,L1577.tsv	Sturnira nana	Sturnira nana	Sturnira nana	Sturnira nana	Sturnira nana	Sturnira nana	Sturnira nana	Sturnira nana	Sturnira nana	Sturnira nana	Sturnira nana	Sturnira nana	Sturnira nana	Sturnira nana	Sturnira nana
https://linker.bio/line:hash://sha256/8b20b8ebd7b5bd963ba9f45ca371e7167e7d48b61e72aa14471a3e496be15a50!/L1,L1578.tsv	N/A	N/A	Sturnira oporaphilum	N/A	Sturnira oporaphilum	Sturnira oporaphilum	Sturnira oporaphilum	Sturnira oporaphilum	Sturnira oporaphilum	Sturnira oporaphilum	Sturnira oporaphilum	Sturnira oporaphilum	Sturnira oporaphilum	Sturnira oporaphilum	Sturnira oporaphilum
https://linker.bio/line:hash://sha256/8b20b8ebd7b5bd963ba9f45ca371e7167e7d48b61e72aa14471a3e496be15a50!/L1,L1579.tsv	N/A	N/A	N/A	Sturnira lilium [synonym of]	Sturnira lilium parvidens	Sturnira lilium parvidens	Sturnira parvidens	Sturnira parvidens	Sturnira parvidens	Sturnira parvidens	Sturnira parvidens	Sturnira parvidens	Sturnira parvidens	Sturnira parvidens	Sturnira parvidens
https://linker.bio/line:hash://sha256/8b20b8ebd7b5bd963ba9f45ca371e7167e7d48b61e72aa14471a3e496be15a50!/L1,L1580.tsv	N/A	Sturnira lilium [synonym of]	N/A	Sturnira lilium [synonym of]	N/A	Sturnira lilium paulsoni	Sturnira paulsoni	Sturnira paulsoni	Sturnira paulsoni	Sturnira paulsoni	Sturnira paulsoni	Sturnira paulsoni	Sturnira paulsoni	Sturnira paulsoni	Sturnira paulsoni
https://linker.bio/line:hash://sha256/8b20b8ebd7b5bd963ba9f45ca371e7167e7d48b61e72aa14471a3e496be15a50!/L1,L1581.tsv	N/A	N/A	N/A	N/A	N/A	N/A	Sturnira perla	Sturnira perla	Sturnira perla	Sturnira perla	Sturnira perla	Sturnira perla	Sturnira perla	Sturnira perla	Sturnira perla
https://linker.bio/line:hash://sha256/8b20b8ebd7b5bd963ba9f45ca371e7167e7d48b61e72aa14471a3e496be15a50!/L1,L1582.tsv	N/A	N/A	N/A	N/A	N/A	N/A	Sturnira sorianoi	Sturnira sorianoi	Sturnira sorianoi	Sturnira sorianoi	Sturnira sorianoi	Sturnira sorianoi	Sturnira sorianoi	Sturnira sorianoi	Sturnira sorianoi
https://linker.bio/line:hash://sha256/8b20b8ebd7b5bd963ba9f45ca371e7167e7d48b61e72aa14471a3e496be15a50!/L1,L1583.tsv	Sturnira tildae	Sturnira tildae	Sturnira tildae	Sturnira tildae	Sturnira tildae	Sturnira tildae	Sturnira tildae	Sturnira tildae	Sturnira tildae	Sturnira tildae	Sturnira tildae	Sturnira tildae	Sturnira tildae	Sturnira tildae	Sturnira tildae
https://linker.bio/line:hash://sha256/8b20b8ebd7b5bd963ba9f45ca371e7167e7d48b61e72aa14471a3e496be15a50!/L1,L1584.tsv	N/A	N/A	N/A	N/A	N/A	N/A	Styloctenium mindorensis	Styloctenium mindorensis	Styloctenium mindorensis	Styloctenium mindorensis	Styloctenium mindorensis	Styloctenium mindorense	Styloctenium mindorense	Styloctenium mindorensis	Styloctenium mindorense
https://linker.bio/line:hash://sha256/8b20b8ebd7b5bd963ba9f45ca371e7167e7d48b61e72aa14471a3e496be15a50!/L1,L1585.tsv	Styloctenium wallacei	Styloctenium wallacei	Styloctenium wallacei	Styloctenium wallacei	Styloctenium wallacei	Styloctenium wallacei	Styloctenium wallacei	Styloctenium wallacei	Styloctenium wallacei	Styloctenium wallacei	Styloctenium wallacei	Styloctenium wallacei	Styloctenium wallacei	Styloctenium wallacei	Styloctenium wallacei
https://linker.bio/line:hash://sha256/8b20b8ebd7b5bd963ba9f45ca371e7167e7d48b61e72aa14471a3e496be15a50!/L1,L1586.tsv	N/A	N/A	N/A	Myotis muricola [synonym of]	Myotis muricola caliginosus	Myotis muricola caliginosus	Submyotodon caliginosus	Submyotodon caliginosus	Submyotodon caliginosus	Myotis muricola [synonym of]	Submyotodon caliginosus	Submyotodon caliginosus	Submyotodon caliginosus	Submyotodon caliginosus	Submyotodon caliginosus
https://linker.bio/line:hash://sha256/8b20b8ebd7b5bd963ba9f45ca371e7167e7d48b61e72aa14471a3e496be15a50!/L1,L1587.tsv	N/A	Myotis muricola [synonym of]	N/A	Myotis muricola [synonym of]	Myotis muricola latirostris	Myotis muricola latirostris	Submyotodon latirostris	Submyotodon latirostris	Submyotodon latirostris	Submyotodon latirostris	Submyotodon latirostris	Submyotodon latirostris	Submyotodon latirostris	Submyotodon latirostris	Submyotodon latirostris
https://linker.bio/line:hash://sha256/8b20b8ebd7b5bd963ba9f45ca371e7167e7d48b61e72aa14471a3e496be15a50!/L1,L1588.tsv	N/A	N/A	N/A	Myotis muricola [synonym of]	Myotis muricola moupinensis	Myotis muricola moupinensis	Submyotodon moupinensis	Submyotodon moupinensis	Submyotodon moupinensis	N/A	Submyotodon moupinensis	Submyotodon moupinensis	Submyotodon moupinensis	Submyotodon moupinensis	Submyotodon moupinensis
https://linker.bio/line:hash://sha256/8b20b8ebd7b5bd963ba9f45ca371e7167e7d48b61e72aa14471a3e496be15a50!/L1,L1589.tsv	Syconycteris australis	Syconycteris australis	Syconycteris australis	Syconycteris australis	Syconycteris australis	Syconycteris australis	Syconycteris australis	Syconycteris australis	Syconycteris australis	Syconycteris australis	Syconycteris australis	Syconycteris australis	Syconycteris australis	Syconycteris australis	Syconycteris australis
https://linker.bio/line:hash://sha256/8b20b8ebd7b5bd963ba9f45ca371e7167e7d48b61e72aa14471a3e496be15a50!/L1,L1590.tsv	Syconycteris crassa	N/A	Syconycteris australis [synonym of]	Syconycteris australis [synonym of]	Syconycteris australis crassa	Syconycteris australis crassa	Syconycteris australis crassa	Syconycteris australis crassa	Syconycteris australis [synonym of]	N/A	Syconycteris australis crassa	Syconycteris australis [synonym of]	Syconycteris australis [synonym of]	 	Syconycteris australis crassa
https://linker.bio/line:hash://sha256/8b20b8ebd7b5bd963ba9f45ca371e7167e7d48b61e72aa14471a3e496be15a50!/L1,L1591.tsv	Syconycteris naias	N/A	N/A	N/A	N/A	N/A	Syconycteris australis naias	Syconycteris australis naias	Syconycteris australis [synonym of]	N/A	Syconycteris australis naias	Syconycteris australis [synonym of]	Syconycteris australis [synonym of]	 	Syconycteris australis naias
https://linker.bio/line:hash://sha256/8b20b8ebd7b5bd963ba9f45ca371e7167e7d48b61e72aa14471a3e496be15a50!/L1,L1592.tsv	N/A	N/A	Syconycteris carolinae	Syconycteris carolinae	Syconycteris carolinae	Syconycteris carolinae	Syconycteris carolinae	Syconycteris carolinae	Syconycteris carolinae	Syconycteris carolinae	Syconycteris carolinae	Syconycteris carolinae	Syconycteris carolinae	Syconycteris carolinae	Syconycteris carolinae
https://linker.bio/line:hash://sha256/8b20b8ebd7b5bd963ba9f45ca371e7167e7d48b61e72aa14471a3e496be15a50!/L1,L1593.tsv	N/A	N/A	Syconycteris hobbit	Syconycteris hobbit	Syconycteris hobbit	Syconycteris hobbit	Syconycteris hobbit	Syconycteris hobbit	Syconycteris hobbit	Syconycteris hobbit	Syconycteris hobbit	Syconycteris hobbit	Syconycteris hobbit	Syconycteris hobbit	Syconycteris hobbit
https://linker.bio/line:hash://sha256/8b20b8ebd7b5bd963ba9f45ca371e7167e7d48b61e72aa14471a3e496be15a50!/L1,L1594.tsv	Tadarida brasiliensis	Tadarida brasiliensis	Tadarida brasiliensis	Tadarida brasiliensis	Tadarida brasiliensis	Tadarida brasiliensis	Tadarida brasiliensis	Tadarida brasiliensis	Tadarida brasiliensis	Tadarida brasiliensis	Tadarida brasiliensis	Tadarida brasiliensis	Tadarida brasiliensis	Tadarida brasiliensis	Tadarida brasiliensis
https://linker.bio/line:hash://sha256/8b20b8ebd7b5bd963ba9f45ca371e7167e7d48b61e72aa14471a3e496be15a50!/L1,L1595.tsv	Tadarida fulminans	Tadarida fulminans	Tadarida fulminans	Tadarida fulminans	Tadarida fulminans	Tadarida fulminans	Tadarida fulminans	Tadarida fulminans	Tadarida fulminans	Tadarida fulminans	Tadarida fulminans	Tadarida fulminans	Tadarida fulminans	Tadarida fulminans	Tadarida fulminans
https://linker.bio/line:hash://sha256/8b20b8ebd7b5bd963ba9f45ca371e7167e7d48b61e72aa14471a3e496be15a50!/L1,L1596.tsv	N/A	N/A	N/A	Tadarida teniotis [synonym of]	Tadarida teniotis insignis	Tadarida insignis	Tadarida insignis	Tadarida insignis	Tadarida insignis	Tadarida insignis	Tadarida insignis	Tadarida insignis	Tadarida insignis	Tadarida insignis	Tadarida insignis
https://linker.bio/line:hash://sha256/8b20b8ebd7b5bd963ba9f45ca371e7167e7d48b61e72aa14471a3e496be15a50!/L1,L1597.tsv	N/A	N/A	N/A	Tadarida teniotis [synonym of]	N/A	Tadarida latouchei	Tadarida latouchei	Tadarida latouchei	Tadarida latouchei	Tadarida latouchei	Tadarida latouchei	Tadarida latouchei	Tadarida latouchei	Tadarida latouchei	Tadarida latouchei
https://linker.bio/line:hash://sha256/8b20b8ebd7b5bd963ba9f45ca371e7167e7d48b61e72aa14471a3e496be15a50!/L1,L1598.tsv	Tadarida lobata	Tadarida lobata	Tadarida lobata	Tadarida lobata	Tadarida lobata	Tadarida lobata	Tadarida lobata	Tadarida lobata	Tadarida lobata	Tadarida lobata	Tadarida lobata	Tadarida lobata	Tadarida lobata	Tadarida lobata	Tadarida lobata
https://linker.bio/line:hash://sha256/8b20b8ebd7b5bd963ba9f45ca371e7167e7d48b61e72aa14471a3e496be15a50!/L1,L1599.tsv	Tadarida teniotis	Tadarida teniotis	Tadarida teniotis	Tadarida teniotis	Tadarida teniotis	Tadarida teniotis	Tadarida teniotis	Tadarida teniotis	Tadarida teniotis	Tadarida teniotis	Tadarida teniotis	Tadarida teniotis	Tadarida teniotis	Tadarida teniotis	Tadarida teniotis
https://linker.bio/line:hash://sha256/8b20b8ebd7b5bd963ba9f45ca371e7167e7d48b61e72aa14471a3e496be15a50!/L1,L1600.tsv	Tadarida ventralis	N/A	Tadarida ventralis	Tadarida ventralis	Tadarida ventralis	Tadarida ventralis	Tadarida ventralis	Tadarida ventralis	Tadarida ventralis	Tadarida ventralis	Tadarida ventralis	Tadarida ventralis	Tadarida ventralis	Tadarida ventralis	Tadarida ventralis
https://linker.bio/line:hash://sha256/8b20b8ebd7b5bd963ba9f45ca371e7167e7d48b61e72aa14471a3e496be15a50!/L1,L1601.tsv	Tadarida africana	Tadarida africana	Tadarida ventralis [synonym of]	Tadarida ventralis [synonym of]	Tadarida ventralis africana	Tadarida ventralis africana	N/A	Tadarida ventralis africana	N/A	N/A	Tadarida ventralis africana	Tadarida ventralis [synonym of]	Tadarida ventralis [synonym of]	 	Tadarida ventralis africana
https://linker.bio/line:hash://sha256/8b20b8ebd7b5bd963ba9f45ca371e7167e7d48b61e72aa14471a3e496be15a50!/L1,L1602.tsv	N/A	N/A	N/A	Taphozous melanopogon	Taphozous melanopogon	Taphozous achates	Taphozous achates	Taphozous achates	Taphozous achates	Taphozous achates	Taphozous achates	Taphozous achates	Taphozous achates	Taphozous achates	Taphozous achates
https://linker.bio/line:hash://sha256/8b20b8ebd7b5bd963ba9f45ca371e7167e7d48b61e72aa14471a3e496be15a50!/L1,L1603.tsv	Taphozous australis	Taphozous australis	Taphozous australis	Taphozous australis	Taphozous australis	Taphozous australis	Taphozous australis	Taphozous australis	Taphozous australis	Taphozous australis	Taphozous australis	Taphozous australis	Taphozous australis	Taphozous australis	Taphozous australis
https://linker.bio/line:hash://sha256/8b20b8ebd7b5bd963ba9f45ca371e7167e7d48b61e72aa14471a3e496be15a50!/L1,L1604.tsv	Taphozous georgianus	Taphozous georgianus	Taphozous georgianus	Taphozous georgianus	Taphozous georgianus	Taphozous georgianus	Taphozous georgianus	Taphozous georgianus	Taphozous georgianus	Taphozous georgianus	Taphozous georgianus	Taphozous georgianus	Taphozous georgianus	Taphozous georgianus	Taphozous georgianus
https://linker.bio/line:hash://sha256/8b20b8ebd7b5bd963ba9f45ca371e7167e7d48b61e72aa14471a3e496be15a50!/L1,L1605.tsv	Taphozous hamiltoni	Taphozous hamiltoni	Taphozous hamiltoni	Taphozous hamiltoni	Taphozous hamiltoni	Taphozous hamiltoni	Taphozous hamiltoni	Taphozous hamiltoni	Taphozous hamiltoni	Taphozous hamiltoni	Taphozous hamiltoni	Taphozous hamiltoni	Taphozous hamiltoni	Taphozous hamiltoni	Taphozous hamiltoni
https://linker.bio/line:hash://sha256/8b20b8ebd7b5bd963ba9f45ca371e7167e7d48b61e72aa14471a3e496be15a50!/L1,L1606.tsv	Taphozous hildergardeae	Taphozous hildegardeae	Taphozous hildegardeae	Taphozous hildegardeae	Taphozous hildegardeae	Taphozous hildegardeae	Taphozous hildegardeae	Taphozous hildegardeae	Taphozous hildegardeae	Taphozous hildegardeae	Taphozous hildegardeae	Taphozous hildegardeae	Taphozous hildegardeae	Taphozous hildegardeae	Taphozous hildegardeae
https://linker.bio/line:hash://sha256/8b20b8ebd7b5bd963ba9f45ca371e7167e7d48b61e72aa14471a3e496be15a50!/L1,L1607.tsv	N/A	Taphozous hilli	Taphozous hilli	Taphozous hilli	Taphozous hilli	Taphozous hilli	Taphozous hilli	Taphozous hilli	Taphozous hilli	Taphozous hilli	Taphozous hilli	Taphozous hilli	Taphozous hilli	Taphozous hilli	Taphozous hilli
https://linker.bio/line:hash://sha256/8b20b8ebd7b5bd963ba9f45ca371e7167e7d48b61e72aa14471a3e496be15a50!/L1,L1608.tsv	N/A	Taphozous kapalgensis	Taphozous kapalgensis	Taphozous kapalgensis	Taphozous kapalgensis	Taphozous kapalgensis	Taphozous kapalgensis	Taphozous kapalgensis	Taphozous kapalgensis	Taphozous kapalgensis	Taphozous kapalgensis	Taphozous kapalgensis	Taphozous kapalgensis	Taphozous kapalgensis	Taphozous kapalgensis
https://linker.bio/line:hash://sha256/8b20b8ebd7b5bd963ba9f45ca371e7167e7d48b61e72aa14471a3e496be15a50!/L1,L1609.tsv	Taphozous longimanus	Taphozous longimanus	Taphozous longimanus	Taphozous longimanus	Taphozous longimanus	Taphozous longimanus	Taphozous longimanus	Taphozous longimanus	Taphozous longimanus	Taphozous longimanus	Taphozous longimanus	Taphozous longimanus	Taphozous longimanus	Taphozous longimanus	Taphozous longimanus
https://linker.bio/line:hash://sha256/8b20b8ebd7b5bd963ba9f45ca371e7167e7d48b61e72aa14471a3e496be15a50!/L1,L1610.tsv	Taphozous mauritianus	Taphozous mauritianus	Taphozous mauritianus	Taphozous mauritianus	Taphozous mauritianus	Taphozous mauritianus	Taphozous mauritianus	Taphozous mauritianus	Taphozous mauritianus	Taphozous mauritianus	Taphozous mauritianus	Taphozous mauritianus	Taphozous mauritianus	Taphozous mauritianus	Taphozous mauritianus
https://linker.bio/line:hash://sha256/8b20b8ebd7b5bd963ba9f45ca371e7167e7d48b61e72aa14471a3e496be15a50!/L1,L1611.tsv	Taphozous melanopogon	Taphozous melanopogon	Taphozous melanopogon	Taphozous melanopogon	Taphozous melanopogon	Taphozous melanopogon	Taphozous melanopogon	Taphozous melanopogon	Taphozous melanopogon	Taphozous melanopogon	Taphozous melanopogon	Taphozous melanopogon	Taphozous melanopogon	Taphozous melanopogon	Taphozous melanopogon
https://linker.bio/line:hash://sha256/8b20b8ebd7b5bd963ba9f45ca371e7167e7d48b61e72aa14471a3e496be15a50!/L1,L1612.tsv	N/A	Taphozous philippinensis	N/A	N/A	Taphozous melanopogon philippinensis	Taphozous melanopogon philippinensis	N/A	Taphozous melanopogon philippinensis	N/A	Taphozous melanopogon philippinensis	Taphozous melanopogon phillipinensis	Taphozous melanopogon [synonym of]	Taphozous melanopogon [synonym of]	 	Taphozous melanopogon [synonym of]
https://linker.bio/line:hash://sha256/8b20b8ebd7b5bd963ba9f45ca371e7167e7d48b61e72aa14471a3e496be15a50!/L1,L1613.tsv	Taphozous solifer	Taphozous philippinensis [synonym of]	Taphozous solifer	N/A	N/A	Taphozous melanopogon phillipinensis [synonym of]	N/A	Taphozous melanopogon phillipinensis [synonym of]	Taphozous melanopogon [synonym of]	N/A	Taphozous melanopogon phillipinensis [synonym of]	Taphozous melanopogon [synonym of]	Taphozous melanopogon [synonym of]	 	Taphozous melanopogon phillipinensis [synonym of]
https://linker.bio/line:hash://sha256/8b20b8ebd7b5bd963ba9f45ca371e7167e7d48b61e72aa14471a3e496be15a50!/L1,L1614.tsv	Taphozous nudiventris	Taphozous nudiventris	Taphozous nudiventris	Taphozous nudiventris	Taphozous nudiventris	Taphozous nudiventris	Taphozous nudiventris	Taphozous nudiventris	Taphozous nudiventris	Taphozous nudiventris	Taphozous nudiventris	Taphozous nudiventris	Taphozous nudiventris	Taphozous nudiventris	Taphozous nudiventris
https://linker.bio/line:hash://sha256/8b20b8ebd7b5bd963ba9f45ca371e7167e7d48b61e72aa14471a3e496be15a50!/L1,L1615.tsv	Taphozous perforatus	Taphozous perforatus	Taphozous perforatus	Taphozous perforatus	Taphozous perforatus	Taphozous perforatus	Taphozous perforatus	Taphozous perforatus	Taphozous perforatus	Taphozous perforatus	Taphozous perforatus	Taphozous perforatus	Taphozous perforatus	Taphozous perforatus	Taphozous perforatus
https://linker.bio/line:hash://sha256/8b20b8ebd7b5bd963ba9f45ca371e7167e7d48b61e72aa14471a3e496be15a50!/L1,L1616.tsv	Taphozous theobaldi	Taphozous theobaldi	Taphozous theobaldi	Taphozous theobaldi	Taphozous theobaldi	Taphozous theobaldi	Taphozous theobaldi	Taphozous theobaldi	Taphozous theobaldi	Taphozous theobaldi	Taphozous theobaldi	Taphozous theobaldi	Taphozous theobaldi	Taphozous theobaldi	Taphozous theobaldi
https://linker.bio/line:hash://sha256/8b20b8ebd7b5bd963ba9f45ca371e7167e7d48b61e72aa14471a3e496be15a50!/L1,L1617.tsv	N/A	N/A	N/A	N/A	Taphozous troughtoni	Taphozous troughtoni	Taphozous troughtoni	Taphozous troughtoni	Taphozous troughtoni	Taphozous troughtoni	Taphozous troughtoni	Taphozous troughtoni	Taphozous troughtoni	Taphozous troughtoni	Taphozous troughtoni
https://linker.bio/line:hash://sha256/8b20b8ebd7b5bd963ba9f45ca371e7167e7d48b61e72aa14471a3e496be15a50!/L1,L1618.tsv	N/A	N/A	N/A	N/A	N/A	Arielulus aureocollaris	Thainycteris aureocollaris	Thainycteris aureocollaris	Thainycteris aureocollaris	Thainycteris aureocollaris	Thainycteris aureocollaris	Thainycteris aureocollaris	Thainycteris aureocollaris	Thainycteris aureocollaris	Thainycteris aureocollaris
https://linker.bio/line:hash://sha256/8b20b8ebd7b5bd963ba9f45ca371e7167e7d48b61e72aa14471a3e496be15a50!/L1,L1619.tsv	N/A	N/A	N/A	N/A	N/A	Arielulus torquatus	Thainycleris torquatus	Thainycteris torquata	Thainycteris torquatus	Arielulus torquatus	Thainycteris torquata	Thainycteris torquata	Thainycteris torquata	Thainycteris torquata	Thainycteris torquata
https://linker.bio/line:hash://sha256/8b20b8ebd7b5bd963ba9f45ca371e7167e7d48b61e72aa14471a3e496be15a50!/L1,L1620.tsv	Thoopterus nigrescens	Thoopterus nigrescens	Thoopterus nigrescens	Thoopterus nigrescens	Thoopterus nigrescens	Thoopterus nigrescens	Thoopterus nigrescens	Thoopterus nigrescens	Thoopterus nigrescens	Thoopterus nigrescens	Thoopterus nigrescens	Thoopterus nigrescens	Thoopterus nigrescens	Thoopterus nigrescens	Thoopterus nigrescens
https://linker.bio/line:hash://sha256/8b20b8ebd7b5bd963ba9f45ca371e7167e7d48b61e72aa14471a3e496be15a50!/L1,L1621.tsv	N/A	N/A	N/A	N/A	N/A	N/A	Thoopterus suhaniahae	Thoopterus suhaniahae	Thoopterus suhaniahae	Thoopterus suhaniahae	Thoopterus suhaniahae	Thoopterus suhaniahae	Thoopterus suhaniahae	Thoopterus suhaniahae	Thoopterus suhaniahae
https://linker.bio/line:hash://sha256/8b20b8ebd7b5bd963ba9f45ca371e7167e7d48b61e72aa14471a3e496be15a50!/L1,L1622.tsv	N/A	N/A	N/A	N/A	N/A	N/A	Thyroptera devivoi	Thyroptera devivoi	Thyroptera devivoi	Thyroptera devivoi	Thyroptera devivoi	Thyroptera devivoi	Thyroptera devivoi	Thyroptera devivoi	Thyroptera devivoi
https://linker.bio/line:hash://sha256/8b20b8ebd7b5bd963ba9f45ca371e7167e7d48b61e72aa14471a3e496be15a50!/L1,L1623.tsv	Thyroptera discifera	Thyroptera discifera	Thyroptera discifera	Thyroptera discifera	Thyroptera discifera	Thyroptera discifera	Thyroptera discifera	Thyroptera discifera	Thyroptera discifera	Thyroptera discifera	Thyroptera discifera	Thyroptera discifera	Thyroptera discifera	Thyroptera discifera	Thyroptera discifera
https://linker.bio/line:hash://sha256/8b20b8ebd7b5bd963ba9f45ca371e7167e7d48b61e72aa14471a3e496be15a50!/L1,L1624.tsv	N/A	N/A	N/A	N/A	N/A	Thyroptera lavali	Thyroptera lavali	Thyroptera lavali	Thyroptera lavali	Thyroptera lavali	Thyroptera lavali	Thyroptera lavali	Thyroptera lavali	Thyroptera lavali	Thyroptera lavali
https://linker.bio/line:hash://sha256/8b20b8ebd7b5bd963ba9f45ca371e7167e7d48b61e72aa14471a3e496be15a50!/L1,L1625.tsv	Thyroptera tricolor	Thyroptera tricolor	Thyroptera tricolor	Thyroptera tricolor	Thyroptera tricolor	Thyroptera tricolor	Thyroptera tricolor	Thyroptera tricolor	Thyroptera tricolor	Thyroptera tricolor	Thyroptera tricolor	Thyroptera tricolor	Thyroptera tricolor	Thyroptera tricolor	Thyroptera tricolor
https://linker.bio/line:hash://sha256/8b20b8ebd7b5bd963ba9f45ca371e7167e7d48b61e72aa14471a3e496be15a50!/L1,L1626.tsv	N/A	N/A	N/A	N/A	N/A	N/A	Thyroptera wynneae	Thyroptera wynneae	Thyroptera wynneae	Thyroptera wynneae	Thyroptera wynneae	Thyroptera wynneae	Thyroptera wynneae	Thyroptera wynneae	Thyroptera wynneae
https://linker.bio/line:hash://sha256/8b20b8ebd7b5bd963ba9f45ca371e7167e7d48b61e72aa14471a3e496be15a50!/L1,L1627.tsv	Tomopeas ravus	Tomopeas ravus	Tomopeas ravus	Tomopeas ravus	Tomopeas ravus	Tomopeas ravus	Tomopeas ravus	Tomopeas ravus	Tomopeas ravus	Tomopeas ravus	Tomopeas ravus	Tomopeas ravum	Tomopeas ravum	Tomopeas ravum	Tomopeas ravum
https://linker.bio/line:hash://sha256/8b20b8ebd7b5bd963ba9f45ca371e7167e7d48b61e72aa14471a3e496be15a50!/L1,L1628.tsv	N/A	N/A	N/A	N/A	N/A	Tonatia saurophila bakeri	Tonatia saurophila bakeri	Tonatia bakeri	Tonatia bakeri	N/A	Tonatia bakeri	Tonatia bakeri	Tonatia bakeri	Tonatia bakeri	Tonatia bakeri
https://linker.bio/line:hash://sha256/8b20b8ebd7b5bd963ba9f45ca371e7167e7d48b61e72aa14471a3e496be15a50!/L1,L1629.tsv	Tonatia bidens	Tonatia bidens	Tonatia bidens	Tonatia bidens	Tonatia bidens	Tonatia bidens	Tonatia bidens	Tonatia bidens	Tonatia bidens	Tonatia bidens	Tonatia bidens	Tonatia bidens	Tonatia bidens	Tonatia bidens	Tonatia bidens
https://linker.bio/line:hash://sha256/8b20b8ebd7b5bd963ba9f45ca371e7167e7d48b61e72aa14471a3e496be15a50!/L1,L1630.tsv	N/A	N/A	N/A	N/A	N/A	Tonatia saurophila maresi	Tonatia saurophila maresi	Tonatia maresi	Tonatia maresi	N/A	Tonatia maresi	Tonatia maresi	Tonatia maresi	Tonatia maresi	Tonatia maresi
https://linker.bio/line:hash://sha256/8b20b8ebd7b5bd963ba9f45ca371e7167e7d48b61e72aa14471a3e496be15a50!/L1,L1631.tsv	N/A	N/A	N/A	N/A	N/A	Tonatia saurophila (extinct)	Tonatia saurophila (extinct)	Tonatia saurophila (extinct)	Tonatia saurophila (extinct)	Tonatia saurophila (extinct)	Tonatia saurophila (extinct)	Tonatia saurophila (extinct)	Tonatia saurophila (extinct)	 	Tonatia saurophila
https://linker.bio/line:hash://sha256/8b20b8ebd7b5bd963ba9f45ca371e7167e7d48b61e72aa14471a3e496be15a50!/L1,L1632.tsv	Trachops cirrhosus	Trachops cirrhosus	Trachops cirrhosus	Trachops cirrhosus	Trachops cirrhosus	Trachops cirrhosus	Trachops cirrhosus	Trachops cirrhosus	Trachops cirrhosus	Trachops cirrhosus	Trachops cirrhosus	Trachops cirrhosus	Trachops cirrhosus	Trachops cirrhosus	Trachops cirrhosus
https://linker.bio/line:hash://sha256/8b20b8ebd7b5bd963ba9f45ca371e7167e7d48b61e72aa14471a3e496be15a50!/L1,L1633.tsv	N/A	N/A	N/A	Trachops cirrhosus [synonym of]	Trachops cirrhosus ehrhardti	Trachops cirrhosus ehrhardti	Trachops cirrhosus ehrhardti	Trachops cirrhosus [synonym of] and Trachops cirrhosus ehrhardti [synonym of]	Trachops ehrhardti [synonym of]	N/A	Trachops cirrhosus [synonym of] and Trachops cirrhosus ehrhardti [synonym of]	Trachops cirrhosus [synonym of]	Trachops coffini	Trachops coffini	Trachops coffini
https://linker.bio/line:hash://sha256/8b20b8ebd7b5bd963ba9f45ca371e7167e7d48b61e72aa14471a3e496be15a50!/L1,L1634.tsv	N/A	N/A	N/A	Trachops cirrhosus [synonym of]	Trachops cirrhosus ehrhardti	Trachops cirrhosus ehrhardti	Trachops cirrhosus ehrhardti	Trachops cirrhosus ehrhardti	Trachops ehrhardti	N/A	Trachops cirrhosus ehrhardti	Trachops cirrhosus [synonym of]	Trachops ehrhardti	Trachops ehrhardti	Trachops ehrhardti
https://linker.bio/line:hash://sha256/8b20b8ebd7b5bd963ba9f45ca371e7167e7d48b61e72aa14471a3e496be15a50!/L1,L1635.tsv	N/A	Triaenops persicus [synonym of]	N/A	Triaenops persicus [synonym of]	Triaenops persicus afer	Triaenops persicus afer	Triaenops afer	Triaenops afer	Triaenops afer	Triaenops afer	Triaenops afer	Triaenops afer	Triaenops afer	Triaenops afer	Triaenops afer
https://linker.bio/line:hash://sha256/8b20b8ebd7b5bd963ba9f45ca371e7167e7d48b61e72aa14471a3e496be15a50!/L1,L1636.tsv	N/A	N/A	N/A	N/A	N/A	N/A	Triaenops menamena	Triaenops menamena	Triaenops menamena	N/A	Triaenops menamena	Triaenops menamena	Triaenops menamena	Triaenops menamena	Triaenops menamena
https://linker.bio/line:hash://sha256/8b20b8ebd7b5bd963ba9f45ca371e7167e7d48b61e72aa14471a3e496be15a50!/L1,L1637.tsv	N/A	N/A	N/A	N/A	N/A	N/A	Triaenops parvus	Triaenops parvus	Triaenops parvus	Triaenops parvus	Triaenops parvus	Triaenops parvus	Triaenops parvus	Triaenops parvus	Triaenops parvus
https://linker.bio/line:hash://sha256/8b20b8ebd7b5bd963ba9f45ca371e7167e7d48b61e72aa14471a3e496be15a50!/L1,L1638.tsv	Triaenops persicus	Triaenops persicus	Triaenops persicus	Triaenops persicus	Triaenops persicus	Triaenops persicus	Triaenops persicus	Triaenops persicus	Triaenops persicus	Triaenops persicus	Triaenops persicus	Triaenops persicus	Triaenops persicus	Triaenops persicus	Triaenops persicus
https://linker.bio/line:hash://sha256/8b20b8ebd7b5bd963ba9f45ca371e7167e7d48b61e72aa14471a3e496be15a50!/L1,L1639.tsv	Triaenops humbloti	Triaenops humbloti	N/A	Triaenops persicus [synonym of]	N/A	N/A	N/A	N/A	Triaenops persicus [synonym of]	N/A	Triaenops persicus persicus [synonym of]	Triaenops persicus [synonym of]	Triaenops persicus [synonym of]	 	Triaenops persicus [synonym of]
https://linker.bio/line:hash://sha256/8b20b8ebd7b5bd963ba9f45ca371e7167e7d48b61e72aa14471a3e496be15a50!/L1,L1640.tsv	Triaenops rufus	Triaenops rufus	N/A	Triaenops persicus [synonym of]	Triaenops persicus [synonym of]	Triaenops rufus	N/A	N/A	Triaenops persicus [synonym of]	N/A	Triaenops persicus persicus [synonym of]	Triaenops persicus [synonym of]	Triaenops persicus [synonym of]	 	Triaenops persicus [synonym of]
https://linker.bio/line:hash://sha256/8b20b8ebd7b5bd963ba9f45ca371e7167e7d48b61e72aa14471a3e496be15a50!/L1,L1641.tsv	Micronycteris nicefori	Micronycteris nicefori	Micronycteris nicefori	Micronycteris nicefori	Micronycteris nicefori	Triaenops rufus	Trinycteris nicefori	Trinycteris nicefori	Trinycteris nicefori	Triaenops rufus	Trinycteris nicefori	Trinycteris nicefori	Trinycteris nicefori	Trinycteris nicefori	Trinycteris nicefori
https://linker.bio/line:hash://sha256/8b20b8ebd7b5bd963ba9f45ca371e7167e7d48b61e72aa14471a3e496be15a50!/L1,L1642.tsv	N/A	N/A	N/A	Trinycteris pachypus fulvidus	Tylonycteris pachypus fulvida	Trinycteris pachypus fulvidus	Tylonycteris fulvida	Tylonycteris fulvida	Tylonycteris fulvida	Tylonycteris pachypus [synonym of]	Tylonycteris fulvida	Tylonycteris fulvida	Tylonycteris fulvida	Tylonycteris fulvida	Tylonycteris fulvida
https://linker.bio/line:hash://sha256/8b20b8ebd7b5bd963ba9f45ca371e7167e7d48b61e72aa14471a3e496be15a50!/L1,L1643.tsv	N/A	Tylonycteris robustula [synonym of]	N/A	Tylonycteris robustula [synonym of]	Tylonycteris robustula malayana	Tylonycteris robustula malayana	Tylonycteris malayana	Tylonycteris malayana	Tylonycteris malayana	Tylonycteris robustula [synonym of]?	Tylonycteris malayana	Tylonycteris malayana	Tylonycteris malayana	Tylonycteris malayana	Tylonycteris malayana
https://linker.bio/line:hash://sha256/8b20b8ebd7b5bd963ba9f45ca371e7167e7d48b61e72aa14471a3e496be15a50!/L1,L1644.tsv	Tylonycteris pachypus	Tylonycteris pachypus	Tylonycteris pachypus	Tylonycteris pachypus	Tylonycteris pachypus	Tylonycteris pachypus	Tylonycteris pachypus	Tylonycteris pachypus	Tylonycteris pachypus	Tylonycteris pachypus	Tylonycteris pachypus	Tylonycteris pachypus	Tylonycteris pachypus	Tylonycteris pachypus	Tylonycteris pachypus
https://linker.bio/line:hash://sha256/8b20b8ebd7b5bd963ba9f45ca371e7167e7d48b61e72aa14471a3e496be15a50!/L1,L1645.tsv	N/A	N/A	N/A	N/A	N/A	N/A	Tylonycteris pygmaea	Tylonycteris pygmaea	Tylonycteris pygmaea	Tylonycteris pygmaeus	Tylonycteris pygmaea	Tylonycteris pygmaea	Tylonycteris pygmaea	Tylonycteris pygmaea	Tylonycteris pygmaea
https://linker.bio/line:hash://sha256/8b20b8ebd7b5bd963ba9f45ca371e7167e7d48b61e72aa14471a3e496be15a50!/L1,L1646.tsv	Tylonycteris robustula	Tylonycteris robustula	Tylonycteris robustula	Tylonycteris robustula	Tylonycteris robustula	Tylonycteris robustula	Tylonycteris robustula	Tylonycteris robustula	Tylonycteris robustula	Tylonycteris robustula	Tylonycteris robustula	Tylonycteris robustula	Tylonycteris robustula	Tylonycteris robustula	Tylonycteris robustula
https://linker.bio/line:hash://sha256/8b20b8ebd7b5bd963ba9f45ca371e7167e7d48b61e72aa14471a3e496be15a50!/L1,L1647.tsv	N/A	N/A	N/A	N/A	N/A	N/A	Tylonycteris tonkinensis	Tylonycteris tonkinensis	Tylonycteris tonkinensis	Tylonycteris robustula [synonym of]?	Tylonycteris tonkinensis	Tylonycteris tonkinensis	Tylonycteris tonkinensis	Tylonycteris tonkinensis	Tylonycteris tonkinensis
https://linker.bio/line:hash://sha256/8b20b8ebd7b5bd963ba9f45ca371e7167e7d48b61e72aa14471a3e496be15a50!/L1,L1648.tsv	N/A	N/A	N/A	N/A	N/A	N/A	Uroderma bakeri	Uroderma bakeri	Uroderma bakeri	N/A	Uroderma bakeri	Uroderma bakeri	Uroderma bakeri	Uroderma bakeri	Uroderma bakeri
https://linker.bio/line:hash://sha256/8b20b8ebd7b5bd963ba9f45ca371e7167e7d48b61e72aa14471a3e496be15a50!/L1,L1649.tsv	Uroderma bilobatum	Uroderma bilobatum	Uroderma bilobatum	Uroderma bilobatum	Uroderma bilobatum	Uroderma bilobatum	Uroderma bilobatum	Uroderma bilobatum	Uroderma bilobatum	Uroderma bilobatum	Uroderma bilobatum	Uroderma bilobatum	Uroderma bilobatum	Uroderma bilobatum	Uroderma bilobatum
https://linker.bio/line:hash://sha256/8b20b8ebd7b5bd963ba9f45ca371e7167e7d48b61e72aa14471a3e496be15a50!/L1,L1650.tsv	N/A	N/A	N/A	Uroderma bilobatum [synonym of]	Uroderma bilobatum convexum	Uroderma bilobatum convexum	Uroderma convexum	Uroderma convexum	Uroderma convexum	N/A	Uroderma convexum	Uroderma convexum	Uroderma convexum	Uroderma convexum	Uroderma convexum
https://linker.bio/line:hash://sha256/8b20b8ebd7b5bd963ba9f45ca371e7167e7d48b61e72aa14471a3e496be15a50!/L1,L1651.tsv	N/A	N/A	N/A	Uroderma bilobatum [synonym of]	Uroderma bilobatum davisi	Uroderma bilobatum davisi	Uroderma davisi	Uroderma davisi	Uroderma davisi	N/A	Uroderma davisi	Uroderma davisi	Uroderma davisi	Uroderma davisi	Uroderma davisi
https://linker.bio/line:hash://sha256/8b20b8ebd7b5bd963ba9f45ca371e7167e7d48b61e72aa14471a3e496be15a50!/L1,L1652.tsv	Uroderma magnirostrum	Uroderma magnirostrum	Uroderma magnirostrum	Uroderma magnirostrum	Uroderma magnirostrum	Uroderma magnirostrum	Uroderma magnirostrum	Uroderma magnirostrum	Uroderma magnirostrum	Uroderma magnirostrum	Uroderma magnirostrum	Uroderma magnirostrum	Uroderma magnirostrum	Uroderma magnirostrum	Uroderma magnirostrum
https://linker.bio/line:hash://sha256/8b20b8ebd7b5bd963ba9f45ca371e7167e7d48b61e72aa14471a3e496be15a50!/L1,L1653.tsv	N/A	N/A	N/A	N/A	N/A	N/A	Vampyressa elisabethae	Vampyressa elisabethae	Vampyressa elisabethae	N/A	Vampyressa elisabethae	Vampyressa elisabethae	Vampyressa elisabethae	Vampyressa elisabethae	Vampyressa elisabethae
https://linker.bio/line:hash://sha256/8b20b8ebd7b5bd963ba9f45ca371e7167e7d48b61e72aa14471a3e496be15a50!/L1,L1654.tsv	Vampyressa melissa	Vampyressa melissa	Vampyressa melissa	Vampyressa melissa	Vampyressa melissa	Vampyressa melissa	Vampyressa melissa	Vampyressa melissa	Vampyressa melissa	Vampyressa melissa	Vampyressa melissa	Vampyressa melissa	Vampyressa melissa	Vampyressa melissa	Vampyressa melissa
https://linker.bio/line:hash://sha256/8b20b8ebd7b5bd963ba9f45ca371e7167e7d48b61e72aa14471a3e496be15a50!/L1,L1655.tsv	N/A	N/A	N/A	N/A	N/A	N/A	Vampyressa sinchi	Vampyressa sinchi	Vampyressa sinchi	N/A	Vampyressa melissa sinchi	Vampyressa melissa [synonym of]	Vampyressa melissa [synonym of]	 	Vampyressa melissa sinchi
https://linker.bio/line:hash://sha256/8b20b8ebd7b5bd963ba9f45ca371e7167e7d48b61e72aa14471a3e496be15a50!/L1,L1656.tsv	Vampyressa pusilla	Vampyressa pusilla	Vampyressa pusilla	Vampyressa pusilla	Vampyressa pusilla	Vampyressa pusilla	Vampyressa pusilla	Vampyressa pusilla	Vampyressa pusilla	Vampyressa pusilla	Vampyressa pusilla	Vampyressa pusilla	Vampyressa pusilla	Vampyressa pusilla	Vampyressa pusilla
https://linker.bio/line:hash://sha256/8b20b8ebd7b5bd963ba9f45ca371e7167e7d48b61e72aa14471a3e496be15a50!/L1,L1657.tsv	N/A	Vampyressa pusilla [synonym of]	N/A	Vampyressa pusilla [synonym of]	Vampyressa pusilla thyone	Vampyressa thyone	Vampyressa thyone	Vampyressa thyone	Vampyressa thyone	Vampyressa thyone	Vampyressa thyone	Vampyressa thyone	Vampyressa thyone	Vampyressa thyone	Vampyressa thyone
https://linker.bio/line:hash://sha256/8b20b8ebd7b5bd963ba9f45ca371e7167e7d48b61e72aa14471a3e496be15a50!/L1,L1658.tsv	N/A	N/A	N/A	N/A	N/A	N/A	N/A	N/A	N/A	N/A	N/A	N/A	Vampyressa villai	Vampyressa villai	Vampyressa villai
https://linker.bio/line:hash://sha256/8b20b8ebd7b5bd963ba9f45ca371e7167e7d48b61e72aa14471a3e496be15a50!/L1,L1659.tsv	N/A	N/A	N/A	N/A	N/A	N/A	N/A	Vampyressa voragine	Vampyressa voragine	N/A	Vampyressa voragine	Vampyressa voragine	Vampyressa voragine	Vampyressa voragine	Vampyressa voragine
https://linker.bio/line:hash://sha256/8b20b8ebd7b5bd963ba9f45ca371e7167e7d48b61e72aa14471a3e496be15a50!/L1,L1660.tsv	Vampyressa bidens	Vampyressa bidens	Vampyressa bidens	Vampyressa bidens	Vampyressa bidens	Vampyressa bidens	Vampyriscus bidens	Vampyriscus bidens	Vampyriscus bidens	Vampyriscus bidens	Vampyriscus bidens	Vampyriscus bidens	Vampyriscus bidens	Vampyriscus bidens	Vampyriscus bidens
https://linker.bio/line:hash://sha256/8b20b8ebd7b5bd963ba9f45ca371e7167e7d48b61e72aa14471a3e496be15a50!/L1,L1661.tsv	Vampyressa brocki	Vampyressa brocki	Vampyressa brocki	Vampyressa brocki	Vampyressa brocki	Vampyressa brocki	Vampyriscus brocki	Vampyriscus brocki	Vampyriscus brocki	Vampyriscus brocki	Vampyriscus brocki	Vampyriscus brocki	Vampyriscus brocki	Vampyriscus brocki	Vampyriscus brocki
https://linker.bio/line:hash://sha256/8b20b8ebd7b5bd963ba9f45ca371e7167e7d48b61e72aa14471a3e496be15a50!/L1,L1662.tsv	Vampyressa nymphaea	Vampyressa nymphaea	Vampyressa nymphaea	Vampyressa nymphaea	Vampyressa nymphea	Vampyressa nymphaea	Vampyriscus nymphaea	Vampyriscus nymphaea	Vampyriscus nymphaea	Vampyriscus nymphaea	Vampyriscus nymphaea	Vampyriscus nymphaeus	Vampyriscus nymphaeus	Vampyriscus nymphaeus	Vampyriscus nymphaeus
https://linker.bio/line:hash://sha256/8b20b8ebd7b5bd963ba9f45ca371e7167e7d48b61e72aa14471a3e496be15a50!/L1,L1663.tsv	Vampyrodes caraccioloi	Vampyrodes caraccioli	Vampyrodes caraccioli	Vampyrodes caraccioli	Vampyrodes caraccioli	Vampyrodes caraccioli	Vampyrodes caraccioli	Vampyrodes caraccioli	Vampyrodes caraccioli	Vampyrodes caraccioli	Vampyrodes caraccioli	Vampyrodes caraccioli	Vampyrodes caraccioli	Vampyrodes caraccioli	Vampyrodes caraccioli
https://linker.bio/line:hash://sha256/8b20b8ebd7b5bd963ba9f45ca371e7167e7d48b61e72aa14471a3e496be15a50!/L1,L1664.tsv	N/A	Vampyrodes caraccioli [synonym of]	Vampyrodes major	Vampyrodes caraccioli [synonym of]	Vampyrodes caraccioli major	Vampyrodes caraccioli major	Vampyrodes major	Vampyrodes major	Vampyrodes major	Vampyrodes major	Vampyrodes major	Vampyrodes major	Vampyrodes major	Vampyrodes major	Vampyrodes major
https://linker.bio/line:hash://sha256/8b20b8ebd7b5bd963ba9f45ca371e7167e7d48b61e72aa14471a3e496be15a50!/L1,L1665.tsv	Vampyrum spectrum	Vampyrum spectrum	Vampyrum spectrum	Vampyrum spectrum	Vampyrum spectrum	Vampyrum spectrum	Vampyrum spectrum	Vampyrum spectrum	Vampyrum spectrum	Vampyrum spectrum	Vampyrum spectrum	Vampyrum spectrum	Vampyrum spectrum	Vampyrum spectrum	Vampyrum spectrum
https://linker.bio/line:hash://sha256/8b20b8ebd7b5bd963ba9f45ca371e7167e7d48b61e72aa14471a3e496be15a50!/L1,L1666.tsv	Pipistrellus rueppelli	Pipistrellus rueppelli	Pipistrellus rueppelli	Pipistrellus rueppelli	Pipistrellus rueppelli	Pipistrellus rueppellii	Vansonia rueppellii	Vansonia rueppellii	Vansonia rueppellii	Pipistrellus rueppellii	Vansonia rueppellii	Vansonia rueppellii	Vansonia rueppellii	Vansonia rueppellii	Vansonia rueppellii
https://linker.bio/line:hash://sha256/8b20b8ebd7b5bd963ba9f45ca371e7167e7d48b61e72aa14471a3e496be15a50!/L1,L1667.tsv	N/A	N/A	Pipistrellus baverstocki	Eptesicus baverstocki	N/A	Vespadelus baverstocki	Vespadelus baverstocki	Vespadelus baverstocki	Vespadelus baverstocki	Vespadelus baverstocki	Vespadelus baverstocki	Vespadelus baverstocki	Vespadelus baverstocki	Vespadelus baverstocki	Vespadelus baverstocki
https://linker.bio/line:hash://sha256/8b20b8ebd7b5bd963ba9f45ca371e7167e7d48b61e72aa14471a3e496be15a50!/L1,L1668.tsv	N/A	N/A	Pipistrellus caurinus	N/A	N/A	Vespadelus caurinus	Vespadelus caurinus	Vespadelus caurinus	Vespadelus caurinus	Vespadelus caurinus	Vespadelus caurinus	Vespadelus caurinus	Vespadelus caurinus	Vespadelus caurinus	Vespadelus caurinus
https://linker.bio/line:hash://sha256/8b20b8ebd7b5bd963ba9f45ca371e7167e7d48b61e72aa14471a3e496be15a50!/L1,L1669.tsv	N/A	N/A	Pipistrellus darlingtoni	N/A	Pipistrellus darlingtoni	Vespadelus darlingtoni	Vespadelus darlingtoni	Vespadelus darlingtoni	Vespadelus darlingtoni	Vespadelus darlingtoni	Vespadelus darlingtoni	Vespadelus darlingtoni	Vespadelus darlingtoni	Vespadelus darlingtoni	Vespadelus darlingtoni
https://linker.bio/line:hash://sha256/8b20b8ebd7b5bd963ba9f45ca371e7167e7d48b61e72aa14471a3e496be15a50!/L1,L1670.tsv	Eptesicus sagittula	Eptesicus sagittula	Vespadelus darlingtoni [synonym of]	N/A	N/A	Vespadelus darlingtoni [synonym of]	N/A	Vespadelus darlingtoni darlingtoni [synonym of]	Vespadelus darlingtoni [synonym of]	N/A	Vespadelus darlingtoni darlingtoni [synonym of]	Vespadelus darlingtoni [synonym of]	Vespadelus darlingtoni [synonym of]	 	Vespadelus darlingtoni [synonym of]
https://linker.bio/line:hash://sha256/8b20b8ebd7b5bd963ba9f45ca371e7167e7d48b61e72aa14471a3e496be15a50!/L1,L1671.tsv	Eptesicus douglasi	Eptesicus douglasi	Pipistrellus douglasorum	Eptesicus douglasorum	Pipistrellus douglasorum	Vespadelus douglasorum	Vespadelus douglasorum	Vespadelus douglasorum	Vespadelus douglasorum	Vespadelus douglasorum	Vespadelus douglasorum	Vespadelus douglasorum	Vespadelus douglasorum	Vespadelus douglasorum	Vespadelus douglasorum
https://linker.bio/line:hash://sha256/8b20b8ebd7b5bd963ba9f45ca371e7167e7d48b61e72aa14471a3e496be15a50!/L1,L1672.tsv	N/A	N/A	Pipistrellus finlaysoni	N/A	N/A	Vespadelus finlaysoni	Vespadelus finlaysoni	Vespadelus finlaysoni	Vespadelus finlaysoni	Vespadelus finlaysoni	Vespadelus finlaysoni	Vespadelus finlaysoni	Vespadelus finlaysoni	Vespadelus finlaysoni	Vespadelus finlaysoni
https://linker.bio/line:hash://sha256/8b20b8ebd7b5bd963ba9f45ca371e7167e7d48b61e72aa14471a3e496be15a50!/L1,L1673.tsv	Eptesicus pumilus	Eptesicus pumilus	Pipistrellus pumilus	Eptesicus pumilus	Pipistrellus pumilus	Vespadelus pumilus	Vespadelus pumilus	Vespadelus pumilus	Vespadelus pumilus	Vespadelus pumilus	Vespadelus pumilus	Vespadelus pumilus	Vespadelus pumilus	Vespadelus pumilus	Vespadelus pumilus
https://linker.bio/line:hash://sha256/8b20b8ebd7b5bd963ba9f45ca371e7167e7d48b61e72aa14471a3e496be15a50!/L1,L1674.tsv	Eptesicus regulus	Eptesicus regulus	Pipistrellus regulus	Eptesicus regulus	Pipistrellus regulus	Vespadelus regulus	Vespadelus regulus	Vespadelus regulus	Vespadelus regulus	Vespadelus regulus	Vespadelus regulus	Vespadelus regulus	Vespadelus regulus	Vespadelus regulus	Vespadelus regulus
https://linker.bio/line:hash://sha256/8b20b8ebd7b5bd963ba9f45ca371e7167e7d48b61e72aa14471a3e496be15a50!/L1,L1675.tsv	N/A	N/A	Pipistrellus troughtoni	N/A	N/A	Vespadelus troughtoni	Vespadelus troughtoni	Vespadelus troughtoni	Vespadelus troughtoni	Vespadelus troughtoni	Vespadelus troughtoni	Vespadelus troughtoni	Vespadelus troughtoni	Vespadelus troughtoni	Vespadelus troughtoni
https://linker.bio/line:hash://sha256/8b20b8ebd7b5bd963ba9f45ca371e7167e7d48b61e72aa14471a3e496be15a50!/L1,L1676.tsv	Eptesicus vulturnus	Eptesicus vulturnus	Pipistrellus vulturnus	Eptesicus vulturnus	Pipistrellus vulturnus	Vespadelus vulturnus	Vespadelus vulturnus	Vespadelus vulturnus	Vespadelus vulturnus	Vespadelus vulturnus	Vespadelus vulturnus	Vespadelus vulturnus	Vespadelus vulturnus	Vespadelus vulturnus	Vespadelus vulturnus
https://linker.bio/line:hash://sha256/8b20b8ebd7b5bd963ba9f45ca371e7167e7d48b61e72aa14471a3e496be15a50!/L1,L1677.tsv	Vespertilio murinus	Vespertilio murinus	Vespertilio murinus	Vespertilio murinus	Vespertilio murinus	Vespertilio murinus	Vespertilio murinus	Vespertilio murinus	Vespertilio murinus	Vespertilio murinus	Vespertilio murinus	Vespertilio murinus	Vespertilio murinus	Vespertilio murinus	Vespertilio murinus
https://linker.bio/line:hash://sha256/8b20b8ebd7b5bd963ba9f45ca371e7167e7d48b61e72aa14471a3e496be15a50!/L1,L1678.tsv	N/A	N/A	N/A	N/A	N/A	Vespertilio sinensis	Vespertilio sinensis	Vespertilio sinensis	Vespertilio sinensis	Vespertilio sinensis	Vespertilio sinensis	Vespertilio sinensis	Vespertilio sinensis	Vespertilio sinensis	Vespertilio sinensis
https://linker.bio/line:hash://sha256/8b20b8ebd7b5bd963ba9f45ca371e7167e7d48b61e72aa14471a3e496be15a50!/L1,L1679.tsv	Vespertilio orientalis	Vespertilio orientalis	Vespertilio orientalis	Vespertilio sinensis orientalis	Vespertilio orientalis	N/A	N/A	Vespertilio sinensis orientalis	Vespertilio sinensis [synonym of]	Vespertilio sinensis [synonym of]	Vespertilio sinensis orientalis	Vespertilio sinensis [synonym of]	Vespertilio sinensis [synonym of]	 	Vespertilio sinensis orientalis
https://linker.bio/line:hash://sha256/8b20b8ebd7b5bd963ba9f45ca371e7167e7d48b61e72aa14471a3e496be15a50!/L1,L1680.tsv	Vespertilio superans	Vespertilio superans	Vespertilio superans	N/A	Vespertilio superans	Vespertilio sinensis [synonym of]	N/A	Vespertilio sinensis sinensis [synonym of]	Vespertilio sinensis [synonym of]	N/A	Vespertilio sinensis sinensis [synonym of]	Vespertilio sinensis [synonym of]	Vespertilio sinensis [synonym of]	 	Vespertilio sinensis sinensis [synonym of]
https://linker.bio/line:hash://sha256/8b20b8ebd7b5bd963ba9f45ca371e7167e7d48b61e72aa14471a3e496be15a50!/L1,L1681.tsv	N/A	N/A	N/A	N/A	N/A	N/A	Xeronycteris vieirai	Xeronycteris vieirai	Xeronycteris vieirai	Xeronycteris vieirai	Xeronycteris vieirai	Xeronycteris vieirai	Xeronycteris vieirai	Xeronycteris vieirai	Xeronycteris vieirai
